-- MySQL dump 10.13  Distrib 5.7.17, for Win64 (x86_64)
--
-- Host: localhost    Database: test
-- ------------------------------------------------------
-- Server version	5.7.18-log

/*!40101 SET @OLD_CHARACTER_SET_CLIENT=@@CHARACTER_SET_CLIENT */;
/*!40101 SET @OLD_CHARACTER_SET_RESULTS=@@CHARACTER_SET_RESULTS */;
/*!40101 SET @OLD_COLLATION_CONNECTION=@@COLLATION_CONNECTION */;
/*!40101 SET NAMES utf8 */;
/*!40103 SET @OLD_TIME_ZONE=@@TIME_ZONE */;
/*!40103 SET TIME_ZONE='+00:00' */;
/*!40014 SET @OLD_UNIQUE_CHECKS=@@UNIQUE_CHECKS, UNIQUE_CHECKS=0 */;
/*!40014 SET @OLD_FOREIGN_KEY_CHECKS=@@FOREIGN_KEY_CHECKS, FOREIGN_KEY_CHECKS=0 */;
/*!40101 SET @OLD_SQL_MODE=@@SQL_MODE, SQL_MODE='NO_AUTO_VALUE_ON_ZERO' */;
/*!40111 SET @OLD_SQL_NOTES=@@SQL_NOTES, SQL_NOTES=0 */;

--
-- Table structure for table `address`
--

DROP TABLE IF EXISTS `address`;
/*!40101 SET @saved_cs_client     = @@character_set_client */;
/*!40101 SET character_set_client = utf8 */;
CREATE TABLE `address` (
  `id` int(11) NOT NULL AUTO_INCREMENT,
  `address_line1` varchar(255) NOT NULL,
  `address_line2` varchar(255) DEFAULT NULL,
  `city` varchar(255) NOT NULL,
  `country` varchar(255) NOT NULL,
  `postcode` varchar(255) NOT NULL,
  `state` varchar(255) NOT NULL,
  PRIMARY KEY (`id`)
) ENGINE=InnoDB AUTO_INCREMENT=6 DEFAULT CHARSET=utf8;
/*!40101 SET character_set_client = @saved_cs_client */;

--
-- Dumping data for table `address`
--

LOCK TABLES `address` WRITE;
/*!40000 ALTER TABLE `address` DISABLE KEYS */;
INSERT INTO `address` VALUES (1,'550 Madison Ave.','6th Fl.','New York City','US','10022','NY'),(2,'550 Madison Ave.','24th Fl.','New York City','US','10022','NY'),(3,'2100 Colorado Ave.','','Santa Monica','US','90404','CA'),(4,'3300 Warner Blvd.','3rd Fl.','Burbank','US','91505','CA'),(5,'1290 Ave. Of The Americas','','New York City','US','10104','NY');
/*!40000 ALTER TABLE `address` ENABLE KEYS */;
UNLOCK TABLES;

--
-- Table structure for table `admin`
--

DROP TABLE IF EXISTS `admin`;
/*!40101 SET @saved_cs_client     = @@character_set_client */;
/*!40101 SET character_set_client = utf8 */;
CREATE TABLE `admin` (
  `first_name` varchar(255) NOT NULL,
  `last_name` varchar(255) NOT NULL,
  `super_admin` bit(1) NOT NULL,
  `id` int(11) NOT NULL,
  PRIMARY KEY (`id`),
  CONSTRAINT `FK1ja8rua032fgnk9jmq7du3b3a` FOREIGN KEY (`id`) REFERENCES `user` (`id`)
) ENGINE=InnoDB DEFAULT CHARSET=utf8;
/*!40101 SET character_set_client = @saved_cs_client */;

--
-- Dumping data for table `admin`
--

LOCK TABLES `admin` WRITE;
/*!40000 ALTER TABLE `admin` DISABLE KEYS */;
INSERT INTO `admin` VALUES ('John','Doe','\0',4),('Test','Admin','\0',859),('Test','Admin','\0',875),('Test','Admin','\0',938),('Test','Admin','\0',970),('Test','Admin','\0',1002),('Test','Admin','\0',1034),('Test','Admin','\0',1734),('Test','Admin','\0',2005),('Test','Admin','\0',2015),('Test','Admin','\0',2025),('Test','Admin','\0',2035),('Test','Admin','\0',2045),('Test','Admin','\0',2055),('Test','Admin','\0',2067),('Test','Admin','\0',2081),('Test','Admin','\0',2093),('Test','Admin','\0',2105),('Test','Admin','\0',2117),('Test','Admin','\0',2129),('Test','Admin','\0',2141),('Test','Admin','\0',2153),('Test','Admin','\0',2165),('Test','Admin','\0',2177),('Test','Admin','\0',2189),('Test','Admin','\0',2201),('Test','Admin','\0',2213),('Test','Admin','\0',2227),('Test','Admin','\0',3030),('Test','Admin','\0',3078),('Test','Admin','\0',3110),('Test','Admin','\0',3150),('Test','Admin','\0',3189),('Test','Admin','\0',3221),('Test','Admin','\0',3253),('Test','Admin','\0',3319),('Test','Admin','\0',3388),('Test','Admin','\0',3403),('Test','Admin','\0',3418),('Test','Admin','\0',3466),('Test','Admin','\0',3499);
/*!40000 ALTER TABLE `admin` ENABLE KEYS */;
UNLOCK TABLES;

--
-- Table structure for table `album`
--

DROP TABLE IF EXISTS `album`;
/*!40101 SET @saved_cs_client     = @@character_set_client */;
/*!40101 SET character_set_client = utf8 */;
CREATE TABLE `album` (
  `id` int(11) NOT NULL AUTO_INCREMENT,
  `active` bit(1) NOT NULL DEFAULT b'1',
  `created_date` datetime NOT NULL DEFAULT CURRENT_TIMESTAMP,
  `name` varchar(255) NOT NULL,
  `mbid` char(36) NOT NULL,
  `num_songs` int(11) NOT NULL DEFAULT '0',
  `release_date` datetime DEFAULT NULL,
  `image_id` int(11) DEFAULT NULL,
  `owner_id` int(11) DEFAULT NULL,
  `artist_id` int(11) NOT NULL,
  `length` int(11) NOT NULL DEFAULT '0',
  `type` varchar(255) NOT NULL,
  PRIMARY KEY (`id`),
  UNIQUE KEY `UK_driqobnir6h5lpxjh3tp9wl60` (`mbid`),
  KEY `FKrso6yh9eofot314029iyqpvqx` (`image_id`),
  KEY `FKb30xrq6mdr8pv80vafw2fvdam` (`owner_id`),
  KEY `FKmwc4fyyxb6tfi0qba26gcf8s1` (`artist_id`),
  CONSTRAINT `FKb30xrq6mdr8pv80vafw2fvdam` FOREIGN KEY (`owner_id`) REFERENCES `user` (`id`),
  CONSTRAINT `FKmwc4fyyxb6tfi0qba26gcf8s1` FOREIGN KEY (`artist_id`) REFERENCES `artist` (`id`),
  CONSTRAINT `FKrso6yh9eofot314029iyqpvqx` FOREIGN KEY (`image_id`) REFERENCES `image` (`id`)
) ENGINE=InnoDB AUTO_INCREMENT=94 DEFAULT CHARSET=utf8;
/*!40101 SET character_set_client = @saved_cs_client */;

--
-- Dumping data for table `album`
--

LOCK TABLES `album` WRITE;
/*!40000 ALTER TABLE `album` DISABLE KEYS */;
INSERT INTO `album` VALUES (1,'','2017-11-29 18:09:26','Wings of Joy','04427756-82ff-4416-9295-33742682fd36',11,'1992-01-14 00:00:00',NULL,NULL,1,2652995,'ALBUM'),(2,'','2017-11-29 18:10:28','Son Rettore e canto','04ad15c8-f289-4204-8407-515383b2f1d4',9,'1991-01-01 00:00:00',NULL,NULL,2,2023000,'ALBUM'),(3,'','2017-11-29 18:11:53','Over Rising','05de6c74-dace-4930-a9f3-9cfaa87ef979',4,'1991-01-01 00:00:00',NULL,NULL,3,1132958,'SINGLE'),(4,'','2017-11-29 18:12:51','Wild Zone - The Essential','0ddcb022-fd4f-4ac7-a4fa-0195796c614f',15,'1992-03-06 00:00:00',NULL,NULL,4,4092996,'ALBUM'),(5,'','2017-11-29 18:13:42','Galore','10ee092c-0904-4323-9858-71924a2a5384',16,'1992-02-21 00:00:00',NULL,NULL,5,3192502,'ALBUM'),(6,'','2017-11-29 18:14:31','Guaranteed','1c763bc2-08b2-46f1-a0f1-dc2c71881c1c',4,'1991-01-01 00:00:00',NULL,NULL,6,1199265,'SINGLE'),(7,'','2017-11-29 18:14:38','Sanremo International','1e77ab8a-a6ef-40ad-9f71-b9e9c27fcbde',13,'1991-01-01 00:00:00',NULL,NULL,7,3114330,'ALBUM'),(8,'','2017-11-29 18:16:27','Best of Scorpions, Volume 2','20f388e4-64bf-4094-a8b9-f14244237519',10,'1992-03-24 00:00:00',NULL,NULL,8,2603558,'ALBUM'),(9,'','2017-11-29 18:17:23','Gravity','2100f0c8-e71a-46b0-9524-bbb5d467f02e',10,'1991-01-01 00:00:00',NULL,NULL,9,2741558,'ALBUM'),(10,'','2017-11-29 18:18:47','Dangerous Curves','27e29456-990c-40c2-9070-1514d21d25e2',11,'1991-01-01 00:00:00',NULL,NULL,10,2633000,'ALBUM'),(11,'','2017-11-29 18:18:57','Slow Motion: Die schönsten Liebeslieder der Filmgeschichte','2a40a5fa-8c8f-4a2e-93c7-96ec44897daa',18,'1991-01-01 00:00:00',NULL,NULL,7,3757000,'ALBUM'),(12,'','2017-11-29 18:22:44','Greatest Hits','2c828b29-ad84-44ff-b88b-b1afcb577984',13,'1991-01-01 00:00:00',NULL,NULL,14,4198000,'ALBUM'),(13,'','2017-11-29 18:23:34','I Like It','2efe344a-5eef-4529-971b-042af2b6148b',4,'1991-01-01 00:00:00',NULL,NULL,15,1129585,'SINGLE'),(14,'','2017-11-29 18:23:45','Looking Back: The Best of Daryl Hall + John Oates','32a0348b-07cc-3b9d-95aa-f73a9aab7cc8',18,'1991-01-01 00:00:00',1667,NULL,16,4479327,'ALBUM'),(15,'','2017-11-29 18:25:06','Timebomb','3aabf1bb-1fa6-4982-a221-cd4be4dd1d5c',11,'1991-01-01 00:00:00',NULL,NULL,17,2300997,'ALBUM'),(16,'','2017-11-29 18:26:29','Back to the Grindstone','464721f0-91a9-42fc-b286-904106fce287',10,'1991-01-01 00:00:00',1672,NULL,18,2769931,'ALBUM'),(17,'','2017-11-29 18:27:13','Shot of Poison','4bf81cdd-57ee-4f38-9890-15eb406d03e5',3,'1991-01-01 00:00:00',NULL,NULL,10,660000,'SINGLE'),(18,'','2017-11-29 18:28:03','The Star Collection','5dd4f0a3-31d2-41ec-a95d-9d63389bb35c',16,'1991-01-01 00:00:00',NULL,NULL,20,3247555,'ALBUM'),(19,'','2017-11-29 18:28:58','Just','00e77e96-00d9-4ece-b7dc-ec1082e71d37',6,'2008-02-18 00:00:00',NULL,NULL,21,1566000,'SINGLE'),(20,'','2017-11-29 18:31:15','Serenade','02396608-b539-41a2-a03d-6cf94a65aafa',8,'2008-03-01 00:00:00',NULL,NULL,24,1964998,'ALBUM'),(21,'','2017-11-29 18:32:12','Daylight','088debb4-531c-456c-976f-07cb4c0146c9',2,'2008-03-04 00:00:00',NULL,NULL,25,422000,'SINGLE'),(22,'','2017-11-29 18:33:53','Time to Pretend','0d355369-eb4f-4c7d-b5b0-59f7b722ae4b',2,'2008-03-03 00:00:00',NULL,NULL,27,536000,'SINGLE'),(23,'','2017-11-29 18:34:44','I\'m Your Man','135e56fb-672d-458d-aa0f-1b38088a4802',8,'2008-02-05 00:00:00',NULL,NULL,28,2460023,'ALBUM'),(24,'','2017-11-29 18:35:38','The Sounds of India','1697ee53-5774-4e90-9b16-4e034caeefdc',5,'2008-02-01 00:00:00',NULL,NULL,29,3224000,'ALBUM'),(25,'','2017-11-29 18:36:33','Sin & Soul ...And Then Some','189c35d7-fd32-48fd-90af-cccfb4a1156c',17,'2008-03-01 00:00:00',1697,NULL,30,2845728,'ALBUM'),(26,'','2017-11-29 18:37:31','Beggin','1d89489d-05f9-4c5d-8f43-ad767fdec686',4,'2008-03-21 00:00:00',1700,NULL,31,1151000,'SINGLE'),(27,'','2017-11-29 18:38:17','Entends-tu le monde ?','1f0cc12b-d23a-4018-a8f6-a5a1fbb93003',2,'2008-02-08 00:00:00',NULL,NULL,32,444000,'SINGLE'),(28,'','2017-11-29 18:38:21','Folkways: A Vision Shared: A Tribute to Woody Guthrie and Leadbelly','2370bc24-c242-40d5-8488-6b8c67ca1b46',14,'2008-03-01 00:00:00',NULL,NULL,7,2789155,'ALBUM'),(29,'','2017-11-29 18:39:16','Filles de Kilimanjaro','241c695c-1822-36ce-904a-06b058846413',6,'2008-02-01 00:00:00',NULL,NULL,33,4267265,'ALBUM'),(30,'','2017-11-29 18:40:08','Sextant','2b90ef58-97ed-39c7-b3a7-1b78ba246ef5',3,'2008-02-01 00:00:00',NULL,NULL,34,2349825,'ALBUM'),(31,'','2017-11-29 18:40:58','I Am','2febce84-4245-416a-a8b4-dc29f81fae78',12,'2008-02-01 00:00:00',NULL,NULL,35,2787369,'ALBUM'),(32,'','2017-11-29 18:43:17','Indian Summer','42fe2617-e9b9-4288-819f-1cfd1bd1a01c',11,'2008-02-02 00:00:00',NULL,NULL,37,2522716,'ALBUM'),(33,'','2017-11-29 18:44:13','The Collection','45038c35-32de-4256-b41b-c2a20cac826f',10,'2008-03-17 00:00:00',NULL,NULL,38,2445000,'ALBUM'),(34,'','2017-11-29 18:45:37','The Original Delta Blues','462cf9bd-fb06-3573-a057-8cf55fdaa145',11,'2008-02-01 00:00:00',1717,NULL,39,3383996,'ALBUM'),(35,'','2017-11-29 18:46:33','Monk.','507dbc95-405e-3f66-8fce-93105efde454',10,'2008-02-01 00:00:00',1720,NULL,40,4122997,'ALBUM'),(36,'','2017-11-29 18:47:28','Blues in Orbit','51ecddee-4022-3927-8bc0-f4aa8a684543',19,'2008-02-01 00:00:00',NULL,NULL,41,3693996,'ALBUM'),(37,'','2017-11-29 18:48:25','Captain Marvel','5510ff5f-7e3c-30de-9333-0fc4b611c613',9,'2008-03-01 00:00:00',NULL,NULL,42,4092000,'ALBUM'),(38,'','2017-11-29 18:49:30','Jubilation (This Thing Called Life) - Special Extended Remixes','069e950b-8399-4c4e-8b0a-5d2bd9a8e5ea',5,'1990-01-01 00:00:00',NULL,NULL,43,1564000,'SINGLE'),(39,'','2017-11-29 18:50:13','96 Tears','1298c083-41ea-4b01-8ff7-88785cd0f1c2',3,'1990-01-01 00:00:00',NULL,NULL,44,757000,'SINGLE'),(40,'','2017-11-29 18:51:03','Holding On','1665b9d8-689f-41d9-9627-70b073f98f0c',3,'1990-01-01 00:00:00',NULL,NULL,45,682132,'SINGLE'),(41,'','2017-11-29 18:51:49','The Right Combination','1b63de39-2330-4676-aadc-148cad1f072e',2,'1990-01-01 00:00:00',NULL,NULL,46,510000,'SINGLE'),(42,'','2017-11-29 18:53:56','The Lost','23b01c76-9d31-48fe-aa2f-4f14d55b6c4e',13,'1990-01-01 00:00:00',NULL,NULL,48,2994000,'ALBUM'),(43,'','2017-11-29 18:54:55','Listen Without Prejudice, Volume 1','2645dcac-1236-3feb-9592-457f856095f7',10,'1990-01-01 00:00:00',NULL,NULL,49,2898998,'ALBUM'),(44,'','2017-11-29 18:55:53','Love Pains','2d9f2184-417f-4417-9f75-085bfd5506a6',3,'1990-01-01 00:00:00',NULL,NULL,50,854199,'SINGLE'),(45,'','2017-11-29 18:56:45','Katmandu','334a3e1e-cd05-4604-951a-959c4036245e',12,'1990-01-01 00:00:00',NULL,NULL,51,3165998,'ALBUM'),(46,'','2017-11-29 18:57:36','Love Rears Its Ugly Head','3bed9575-9639-3887-bf1e-c523d235e607',4,'1990-01-01 00:00:00',NULL,NULL,52,1170398,'SINGLE'),(47,'','2017-11-29 18:58:22','Knockin\' Boots','3ea1d72b-f7fc-4b30-8432-597a36bdfe4d',2,'1990-01-01 00:00:00',NULL,NULL,53,441000,'SINGLE'),(48,'','2017-11-29 19:00:18','The Very Best Of','4066ffd3-6690-4ad2-9cb0-c2090511832a',17,'1990-01-01 00:00:00',NULL,NULL,54,4362000,'ALBUM'),(49,'','2017-11-29 19:01:13','Sunflower','4831d4b1-ef4c-3140-b7b3-b629bd4b0eed',12,'1990-01-01 00:00:00',NULL,NULL,55,2208996,'ALBUM'),(50,'','2017-11-29 19:02:13','Kâmâ Sutrâ','48bcdadc-4ed0-4b9d-b32b-efc40d0d35a0',2,'1990-01-01 00:00:00',NULL,NULL,56,489000,'SINGLE'),(51,'','2017-11-29 19:02:58','Family Style','5b72597d-734f-4ae7-958e-44a25ba59b90',10,'1990-01-01 00:00:00',NULL,NULL,57,2448329,'ALBUM'),(52,'','2017-11-29 19:04:25','Greatest Hits','622a2e0d-2704-4c32-9ff8-1056fa901422',12,'1990-01-01 00:00:00',1757,NULL,58,3552890,'ALBUM'),(53,'','2017-11-29 19:04:37','Freedom','635c7678-6dd2-4f2c-a43a-51a8552f4495',3,'1990-01-01 00:00:00',NULL,NULL,49,1070000,'SINGLE'),(54,'','2017-11-29 19:05:36','Dances With Wolves: Original Motion Picture Soundtrack','6395d664-4e44-4109-9451-e4e7de8005af',18,'1990-01-01 00:00:00',1760,NULL,59,3204447,'ALBUM'),(55,'','2017-11-29 19:07:06','Tragedy ⊳For You⊲','689e9c32-d50b-4516-9804-700a924433a1',4,'1990-01-01 00:00:00',NULL,NULL,60,1272000,'SINGLE'),(56,'','2017-11-29 19:07:59','Ritual de lo habitual','0239d797-11ca-3d4d-b838-8a70a984f632',9,'1990-01-01 00:00:00',NULL,NULL,61,3113476,'ALBUM'),(57,'','2017-11-29 19:08:57','The George Benson Collection','0778ab12-5c66-3594-afe6-f8004635ef19',16,'1990-01-01 00:00:00',NULL,NULL,62,4347301,'ALBUM'),(58,'','2017-11-29 19:09:51','Recycler','0d13f6a1-0050-4ad4-9435-f710310c6efb',10,'1990-01-01 00:00:00',NULL,NULL,63,2393531,'ALBUM'),(59,'','2017-11-29 19:10:02','Degüello','0dffb4d4-65ad-3d78-a2ba-42af482f1535',10,'1990-01-01 00:00:00',1769,NULL,63,2059237,'ALBUM'),(60,'','2017-11-29 19:11:24','Twitch','18c8fb7d-1302-31e7-9599-b38f411f079b',9,'1990-01-01 00:00:00',NULL,NULL,64,3421169,'ALBUM'),(61,'','2017-11-29 19:12:17','Falling: The Theme From Twin Peaks','1ffa395c-7918-487e-aac0-8e1c2b0a73da',3,'1990-01-01 00:00:00',NULL,NULL,65,828000,'SINGLE'),(62,'','2017-11-29 19:14:12','Behind the Mask','30cda3fc-ce94-3ab2-b796-42683aba920b',13,'1990-01-01 00:00:00',NULL,NULL,66,3266462,'ALBUM'),(63,'','2017-11-29 19:15:07','Big Science','312d4e3b-deea-30ba-bf0a-99976848eb9c',9,'1990-01-01 00:00:00',NULL,NULL,67,2335731,'ALBUM'),(64,'','2017-11-29 19:16:36','Crying in the Rain','3c2f29ce-59bd-4443-bd45-9b48f42b7ad3',3,'1990-01-01 00:00:00',1780,NULL,68,686000,'SINGLE'),(65,'','2017-11-29 19:16:38','Give It Up','3ff4f7a1-a8e9-44dc-9beb-3a662ec30fde',5,'1990-01-01 00:00:00',NULL,NULL,63,1692000,'SINGLE'),(66,'','2017-11-29 19:18:33','New Power Generation','457f65bd-e96d-4a61-ba9f-acc6dc4e6de6',6,'1990-01-01 00:00:00',NULL,NULL,69,1497000,'SINGLE'),(67,'','2017-11-29 19:21:19','Seals & Crofts\' Greatest Hits','4b34aa1f-5dcd-34d1-9ba1-d917eec491a3',10,'1990-01-01 00:00:00',NULL,NULL,71,2343998,'ALBUM'),(68,'','2017-11-29 19:22:11','Twin Peaks','510973a0-adfc-41c1-a846-279f367e4760',11,'1990-01-01 00:00:00',1789,NULL,72,2990302,'ALBUM'),(69,'','2017-11-29 19:23:06','Profile: The Best of Emmylou Harris','59abc5ed-9d83-4237-b14e-7833b1bc1fa0',12,'1990-01-01 00:00:00',NULL,NULL,73,2421704,'ALBUM'),(70,'','2017-11-29 19:24:08','Waiting for Columbus','5a5a9d48-6fbc-40ab-bebd-b94f9270d525',15,'1990-01-01 00:00:00',NULL,NULL,74,4455303,'ALBUM'),(71,'','2017-11-29 19:24:19','Skies the Limit','5bb48c9d-582a-45a4-90f0-ba1de4e0b835',3,'1990-01-01 00:00:00',NULL,NULL,66,815000,'SINGLE'),(72,'','2017-11-29 19:25:49','City: Works Of Fiction','67781dfc-12d5-450f-a7b1-f7fa25843654',5,'1990-01-01 00:00:00',NULL,NULL,75,1748666,'ALBUM'),(73,'','2017-11-29 19:25:53','The Best of ZZ Top','6aebcde1-5314-42ad-8d3b-4290d07b0235',10,'1990-01-01 00:00:00',NULL,NULL,63,2071904,'ALBUM'),(74,'','2017-11-29 19:27:23','Shades of Purple','0c1317fc-08ec-4919-97e9-b656d273c2fc',14,'2000-01-01 00:00:00',NULL,NULL,76,3273158,'ALBUM'),(75,'','2017-11-29 19:28:18','Breathless','120c23a7-101b-4194-a667-f5358b82a61e',2,'2000-01-01 00:00:00',NULL,NULL,77,430000,'SINGLE'),(76,'','2017-11-29 19:29:06','From the Choirgirl Hotel','15a5c0b1-e0d4-421f-8e8b-2600428c621c',12,'2000-01-01 00:00:00',NULL,NULL,78,3249770,'ALBUM'),(77,'','2017-11-29 19:30:01','The Power Of One','18d91be9-4fd9-4e1e-998c-0675dac4a993',1,'2000-01-01 00:00:00',NULL,NULL,79,0,'SINGLE'),(78,'','2017-11-29 19:30:48','iTunes Live from Montreal','19911ecc-0750-4bbd-afd0-88d0f3f11f9a',13,'2001-01-18 00:00:00',1806,NULL,80,2976000,'ALBUM'),(79,'','2017-11-29 19:31:43','Mad Season','1a78cfd1-833c-4817-87f1-dcab27943d55',13,'2000-01-01 00:00:00',1809,NULL,81,3626461,'ALBUM'),(80,'','2017-11-29 19:32:36','Maroon','2728dcbb-43b9-4972-b3f8-182d15ef9154',13,'2000-01-01 00:00:00',NULL,NULL,82,2650997,'ALBUM'),(81,'','2017-11-29 19:33:32','The Chieftains 3','2af75b0e-1ff9-4b6a-b325-d8d0f6fa98e8',12,'2000-01-01 00:00:00',NULL,NULL,83,2524106,'ALBUM'),(82,'','2017-11-29 19:34:25','Faith and Courage','36290cd6-3c98-4154-a91b-2d791202f4bb',14,'2000-01-01 00:00:00',NULL,NULL,84,3621022,'ALBUM'),(83,'','2017-11-29 19:35:26','I Want to Be a Millionaire','3757a1a8-f231-413b-bcc3-1e38df7db315',2,'2000-01-01 00:00:00',NULL,NULL,85,421439,'SINGLE'),(84,'','2017-11-29 19:35:30','Warner Jazz Collection : Flûte','3b603b4a-83f8-400f-8991-6e3fcf8da1d0',11,'2000-01-01 00:00:00',NULL,NULL,7,3623000,'ALBUM'),(85,'','2017-11-29 19:36:56','Wax Poetic','4ce148bf-4783-4c23-b719-f76045c93482',18,'2000-01-01 00:00:00',1820,NULL,86,2870236,'ALBUM'),(86,'','2017-11-29 19:37:57','Brand New Me','6271226e-3cdf-4041-bbf1-a65f1b06bc96',10,'2000-01-01 00:00:00',NULL,NULL,87,2140930,'ALBUM'),(87,'','2017-11-29 19:38:51','Coltrane Plays the Blues','6aa94cdb-58f8-44e2-be2d-1382522465b9',11,'2000-01-01 00:00:00',NULL,NULL,88,4477864,'ALBUM'),(88,'','2017-11-29 19:39:40','Da Baddest Bitch','70217970-dbec-4733-9862-0456879f0e1a',9,'2000-01-01 00:00:00',NULL,NULL,89,1518000,'ALBUM'),(89,'','2017-11-29 19:40:30','Blender','73384cca-1d5c-4376-86b0-723a1926ba79',11,'2000-01-01 00:00:00',1829,NULL,90,2354930,'ALBUM'),(90,'','2017-11-29 19:42:20','Jazz Composers Workshop','7a0df97d-f50d-4232-b0bb-a05207bf0e7d',10,'2000-01-01 00:00:00',NULL,NULL,92,2708530,'ALBUM'),(91,'','2017-11-29 19:42:28','Bent','7fb3ad18-e528-4c02-9830-7af51c67627c',3,'2000-01-01 00:00:00',NULL,NULL,81,781385,'SINGLE'),(92,'','2017-11-29 19:42:31','Millenium Love Songs','82f1b0cb-a22c-429c-aa60-9a0eae8260dd',18,'2001-01-16 00:00:00',NULL,NULL,7,4545000,'ALBUM'),(93,'','2017-11-29 19:46:17','1000 Oceans','846a9b81-9018-4bc9-9215-08a77fc61e80',3,'2000-01-01 00:00:00',NULL,NULL,78,878000,'SINGLE');
/*!40000 ALTER TABLE `album` ENABLE KEYS */;
UNLOCK TABLES;

--
-- Table structure for table `album_songs`
--

DROP TABLE IF EXISTS `album_songs`;
/*!40101 SET @saved_cs_client     = @@character_set_client */;
/*!40101 SET character_set_client = utf8 */;
CREATE TABLE `album_songs` (
  `album_id` int(11) NOT NULL,
  `song_id` int(11) NOT NULL,
  PRIMARY KEY (`album_id`,`song_id`),
  UNIQUE KEY `UK_nhrqol95oahelegmtmrmv7tf` (`song_id`),
  CONSTRAINT `FK4p67gti7olml2nebymwwgx3uw` FOREIGN KEY (`album_id`) REFERENCES `album` (`id`),
  CONSTRAINT `FKefchjqwks846oxggnhrg4jypo` FOREIGN KEY (`song_id`) REFERENCES `song` (`id`)
) ENGINE=InnoDB DEFAULT CHARSET=utf8;
/*!40101 SET character_set_client = @saved_cs_client */;

--
-- Dumping data for table `album_songs`
--

LOCK TABLES `album_songs` WRITE;
/*!40000 ALTER TABLE `album_songs` DISABLE KEYS */;
INSERT INTO `album_songs` VALUES (1,1),(1,2),(1,3),(1,4),(1,5),(1,6),(1,7),(1,8),(1,9),(1,10),(1,11),(2,12),(2,13),(2,14),(2,15),(2,16),(2,17),(2,18),(2,19),(2,20),(3,21),(3,22),(3,23),(3,24),(4,25),(4,26),(4,27),(4,28),(4,29),(4,30),(4,31),(4,32),(4,33),(4,34),(4,35),(4,36),(4,37),(4,38),(4,39),(5,40),(5,41),(5,42),(5,43),(5,44),(5,45),(5,46),(5,47),(5,48),(5,49),(5,50),(5,51),(5,52),(5,53),(5,54),(5,55),(6,56),(6,57),(6,58),(6,59),(7,60),(7,61),(7,62),(7,63),(7,64),(7,65),(7,66),(7,67),(7,68),(7,69),(7,70),(7,71),(7,72),(8,73),(8,74),(8,75),(8,76),(8,77),(8,78),(8,79),(8,80),(8,81),(8,82),(9,83),(9,84),(9,85),(9,86),(9,87),(9,88),(9,89),(9,90),(9,91),(9,92),(10,93),(10,94),(10,95),(10,96),(10,97),(10,98),(10,99),(10,100),(10,101),(10,102),(10,103),(11,104),(11,105),(11,106),(11,107),(11,108),(11,109),(11,110),(11,111),(11,112),(11,113),(11,114),(11,115),(11,116),(11,117),(11,118),(11,119),(11,120),(11,121),(12,122),(12,123),(12,124),(12,125),(12,126),(12,127),(12,128),(12,129),(12,130),(12,131),(12,132),(12,133),(12,134),(13,135),(13,136),(13,137),(13,138),(14,139),(14,140),(14,141),(14,142),(14,143),(14,144),(14,145),(14,146),(14,147),(14,148),(14,149),(14,150),(14,151),(14,152),(14,153),(14,154),(14,155),(14,156),(15,157),(15,158),(15,159),(15,160),(15,161),(15,162),(15,163),(15,164),(15,165),(15,166),(15,167),(16,168),(16,169),(16,170),(16,171),(16,172),(16,173),(16,174),(16,175),(16,176),(16,177),(17,178),(17,179),(17,180),(18,181),(18,182),(18,183),(18,184),(18,185),(18,186),(18,187),(18,188),(18,189),(18,190),(18,191),(18,192),(18,193),(18,194),(18,195),(18,196),(19,197),(19,198),(19,199),(19,200),(19,201),(19,202),(20,203),(20,204),(20,205),(20,206),(20,207),(20,208),(20,209),(20,210),(21,211),(21,212),(22,213),(22,214),(23,215),(23,216),(23,217),(23,218),(23,219),(23,220),(23,221),(23,222),(24,223),(24,224),(24,225),(24,226),(24,227),(25,228),(25,229),(25,230),(25,231),(25,232),(25,233),(25,234),(25,235),(25,236),(25,237),(25,238),(25,239),(25,240),(25,241),(25,242),(25,243),(25,244),(26,245),(26,246),(26,247),(26,248),(27,249),(27,250),(28,251),(28,252),(28,253),(28,254),(28,255),(28,256),(28,257),(28,258),(28,259),(28,260),(28,261),(28,262),(28,263),(28,264),(29,265),(29,266),(29,267),(29,268),(29,269),(29,270),(30,271),(30,272),(30,273),(31,274),(31,275),(31,276),(31,277),(31,278),(31,279),(31,280),(31,281),(31,282),(31,283),(31,284),(31,285),(32,286),(32,287),(32,288),(32,289),(32,290),(32,291),(32,292),(32,293),(32,294),(32,295),(32,296),(33,297),(33,298),(33,299),(33,300),(33,301),(33,302),(33,303),(33,304),(33,305),(33,306),(34,307),(34,308),(34,309),(34,310),(34,311),(34,312),(34,313),(34,314),(34,315),(34,316),(34,317),(35,318),(35,319),(35,320),(35,321),(35,322),(35,323),(35,324),(35,325),(35,326),(35,327),(36,328),(36,329),(36,330),(36,331),(36,332),(36,333),(36,334),(36,335),(36,336),(36,337),(36,338),(36,339),(36,340),(36,341),(36,342),(36,343),(36,344),(36,345),(36,346),(37,347),(37,348),(37,349),(37,350),(37,351),(37,352),(37,353),(37,354),(37,355),(38,356),(38,357),(38,358),(38,359),(38,360),(39,361),(39,362),(39,363),(40,364),(40,365),(40,366),(41,367),(41,368),(42,369),(42,370),(42,371),(42,372),(42,373),(42,374),(42,375),(42,376),(42,377),(42,378),(42,379),(42,380),(42,381),(43,382),(43,383),(43,384),(43,385),(43,386),(43,387),(43,388),(43,389),(43,390),(43,391),(44,392),(44,393),(44,394),(45,395),(45,396),(45,397),(45,398),(45,399),(45,400),(45,401),(45,402),(45,403),(45,404),(45,405),(45,406),(46,407),(46,408),(46,409),(46,410),(47,411),(47,412),(48,413),(48,414),(48,415),(48,416),(48,417),(48,418),(48,419),(48,420),(48,421),(48,422),(48,423),(48,424),(48,425),(48,426),(48,427),(48,428),(48,429),(49,430),(49,431),(49,432),(49,433),(49,434),(49,435),(49,436),(49,437),(49,438),(49,439),(49,440),(49,441),(50,442),(50,443),(51,444),(51,445),(51,446),(51,447),(51,448),(51,449),(51,450),(51,451),(51,452),(51,453),(52,454),(52,455),(52,456),(52,457),(52,458),(52,459),(52,460),(52,461),(52,462),(52,463),(52,464),(52,465),(53,466),(53,467),(53,468),(54,469),(54,470),(54,471),(54,472),(54,473),(54,474),(54,475),(54,476),(54,477),(54,478),(54,479),(54,480),(54,481),(54,482),(54,483),(54,484),(54,485),(54,486),(55,487),(55,488),(55,489),(55,490),(56,491),(56,492),(56,493),(56,494),(56,495),(56,496),(56,497),(56,498),(56,499),(57,500),(57,501),(57,502),(57,503),(57,504),(57,505),(57,506),(57,507),(57,508),(57,509),(57,510),(57,511),(57,512),(57,513),(57,514),(57,515),(58,516),(58,517),(58,518),(58,519),(58,520),(58,521),(58,522),(58,523),(58,524),(58,525),(59,526),(59,527),(59,528),(59,529),(59,530),(59,531),(59,532),(59,533),(59,534),(59,535),(60,536),(60,537),(60,538),(60,539),(60,540),(60,541),(60,542),(60,543),(60,544),(61,545),(61,546),(61,547),(62,548),(62,549),(62,550),(62,551),(62,552),(62,553),(62,554),(62,555),(62,556),(62,557),(62,558),(62,559),(62,560),(63,561),(63,562),(63,563),(63,564),(63,565),(63,566),(63,567),(63,568),(63,569),(64,570),(64,571),(64,572),(65,573),(65,574),(65,575),(65,576),(65,577),(66,578),(66,579),(66,580),(66,581),(66,582),(66,583),(67,584),(67,585),(67,586),(67,587),(67,588),(67,589),(67,590),(67,591),(67,592),(67,593),(68,594),(68,595),(68,596),(68,597),(68,598),(68,599),(68,600),(68,601),(68,602),(68,603),(68,604),(69,605),(69,606),(69,607),(69,608),(69,609),(69,610),(69,611),(69,612),(69,613),(69,614),(69,615),(69,616),(70,617),(70,618),(70,619),(70,620),(70,621),(70,622),(70,623),(70,624),(70,625),(70,626),(70,627),(70,628),(70,629),(70,630),(70,631),(71,632),(71,633),(71,634),(72,635),(72,636),(72,637),(72,638),(72,639),(73,640),(73,641),(73,642),(73,643),(73,644),(73,645),(73,646),(73,647),(73,648),(73,649),(74,650),(74,651),(74,652),(74,653),(74,654),(74,655),(74,656),(74,657),(74,658),(74,659),(74,660),(74,661),(74,662),(74,663),(75,664),(75,665),(76,666),(76,667),(76,668),(76,669),(76,670),(76,671),(76,672),(76,673),(76,674),(76,675),(76,676),(76,677),(77,678),(78,679),(78,680),(78,681),(78,682),(78,683),(78,684),(78,685),(78,686),(78,687),(78,688),(78,689),(78,690),(78,691),(79,692),(79,693),(79,694),(79,695),(79,696),(79,697),(79,698),(79,699),(79,700),(79,701),(79,702),(79,703),(79,704),(80,705),(80,706),(80,707),(80,708),(80,709),(80,710),(80,711),(80,712),(80,713),(80,714),(80,715),(80,716),(80,717),(81,718),(81,719),(81,720),(81,721),(81,722),(81,723),(81,724),(81,725),(81,726),(81,727),(81,728),(81,729),(82,730),(82,731),(82,732),(82,733),(82,734),(82,735),(82,736),(82,737),(82,738),(82,739),(82,740),(82,741),(82,742),(82,743),(83,744),(83,745),(84,746),(84,747),(84,748),(84,749),(84,750),(84,751),(84,752),(84,753),(84,754),(84,755),(84,756),(85,757),(85,758),(85,759),(85,760),(85,761),(85,762),(85,763),(85,764),(85,765),(85,766),(85,767),(85,768),(85,769),(85,770),(85,771),(85,772),(85,773),(85,774),(86,775),(86,776),(86,777),(86,778),(86,779),(86,780),(86,781),(86,782),(86,783),(86,784),(87,785),(87,786),(87,787),(87,788),(87,789),(87,790),(87,791),(87,792),(87,793),(87,794),(87,795),(88,796),(88,797),(88,798),(88,799),(88,800),(88,801),(88,802),(88,803),(88,804),(89,805),(89,806),(89,807),(89,808),(89,809),(89,810),(89,811),(89,812),(89,813),(89,814),(89,815),(90,816),(90,817),(90,818),(90,819),(90,820),(90,821),(90,822),(90,823),(90,824),(90,825),(91,826),(91,827),(91,828),(92,829),(92,830),(92,831),(92,832),(92,833),(92,834),(92,835),(92,836),(92,837),(92,838),(92,839),(92,840),(92,841),(92,842),(92,843),(92,844),(92,845),(92,846),(93,847),(93,848),(93,849);
/*!40000 ALTER TABLE `album_songs` ENABLE KEYS */;
UNLOCK TABLES;

--
-- Table structure for table `artist`
--

DROP TABLE IF EXISTS `artist`;
/*!40101 SET @saved_cs_client     = @@character_set_client */;
/*!40101 SET character_set_client = utf8 */;
CREATE TABLE `artist` (
  `id` int(11) NOT NULL AUTO_INCREMENT,
  `active` bit(1) NOT NULL DEFAULT b'1',
  `created_date` datetime NOT NULL DEFAULT CURRENT_TIMESTAMP,
  `name` varchar(255) NOT NULL,
  `monthly_listeners` int(11) NOT NULL DEFAULT '0',
  `mbid` char(36) NOT NULL,
  `image_id` int(11) DEFAULT NULL,
  `owner_id` int(11) DEFAULT NULL,
  `cover_image_id` int(11) DEFAULT NULL,
  PRIMARY KEY (`id`),
  UNIQUE KEY `UK_b6mw7vk7h2nwfhaisad3vnstf` (`mbid`),
  KEY `FKhya76u0yfcqx6sr4qhx1ny6nk` (`image_id`),
  KEY `FKetdfw4flyg4n0p062lejw91m7` (`owner_id`),
  KEY `FKsmh3342g8ftc9elcki2nvlhoh` (`cover_image_id`),
  CONSTRAINT `FKetdfw4flyg4n0p062lejw91m7` FOREIGN KEY (`owner_id`) REFERENCES `user` (`id`),
  CONSTRAINT `FKhya76u0yfcqx6sr4qhx1ny6nk` FOREIGN KEY (`image_id`) REFERENCES `image` (`id`),
  CONSTRAINT `FKsmh3342g8ftc9elcki2nvlhoh` FOREIGN KEY (`cover_image_id`) REFERENCES `image` (`id`)
) ENGINE=InnoDB AUTO_INCREMENT=96 DEFAULT CHARSET=utf8;
/*!40101 SET character_set_client = @saved_cs_client */;

--
-- Dumping data for table `artist`
--

LOCK TABLES `artist` WRITE;
/*!40000 ALTER TABLE `artist` DISABLE KEYS */;
INSERT INTO `artist` VALUES (1,'','2017-11-29 18:09:25','test',0,'f6dfc44d-5da4-4ed1-949b-32715630dff4',1637,NULL,1638),(2,'','2017-11-29 18:10:28','Donatella Rettore',0,'98c454b8-aae1-4a0d-9890-8c765cf7f255',1639,NULL,1640),(3,'','2017-11-29 18:11:52','The Charlatans',0,'8434409e-baa9-4e12-b4aa-566a91c7d7cf',1641,NULL,1642),(4,'','2017-11-29 18:12:51','The Parachute Club',0,'a695b5ff-6fac-4811-a0ce-0bdb0fd5d568',1643,NULL,1644),(5,'','2017-11-29 18:13:41','The Primitives',0,'9a407ae8-afbb-4a3a-abb1-1fab4b3c26af',1645,NULL,1646),(6,'','2017-11-29 18:14:31','Level 42',0,'d69ee229-2f36-494c-b104-9ae0d8be506b',1647,NULL,1648),(7,'','2017-11-29 18:14:38','Various Artists',0,'89ad4ac3-39f7-470e-963a-56509c546377',1649,NULL,1650),(8,'','2017-11-29 18:16:27','Scorpions',0,'c3cceeed-3332-4cf0-8c4c-bbde425147b6',1651,NULL,1652),(9,'','2017-11-29 18:17:23','Chinchilla Green',0,'b6cfd6d3-df2f-488e-b120-bcb72dc04bef',1653,NULL,1654),(10,'','2017-11-29 18:18:46','Lita Ford',0,'f20ba447-269a-445a-9347-c1ec8632c455',1655,NULL,1656),(11,'','2017-11-29 18:19:53','Jennifer Warnes',0,'2f140aa6-b99b-4f79-ae33-96018af87fa3',1657,NULL,1658),(12,'','2017-11-29 18:20:59','Pierre Cosso',0,'0374325f-78e0-41a5-8b3c-44f8e8ff50b4',1659,NULL,1660),(13,'','2017-11-29 18:21:58','The Jordanaires',0,'42b93918-afa2-4f77-b231-b1244606900d',1661,NULL,1662),(14,'','2017-11-29 18:22:42','Vangelis',0,'57fca0e2-f9ad-4ae6-af9d-6a6f50cbcd5f',1663,NULL,1664),(15,'','2017-11-29 18:23:32','DJ H. feat. Stefy',0,'06359b4a-8fc2-41a3-bcb6-f78973a636c1',NULL,NULL,NULL),(16,'','2017-11-29 18:23:43','Hall & Oates',0,'debabff3-2559-46e5-862d-ef2a906d7010',1665,NULL,1666),(17,'','2017-11-29 18:25:05','U.D.O.',0,'3fef3bbc-53eb-46f8-8679-980d0c943c34',1668,NULL,1669),(18,'','2017-11-29 18:26:23','Ronnie Milsap',0,'f5d7d748-256e-4875-a065-78cf2f1e3d39',1670,NULL,1671),(19,'','2017-11-29 18:27:12','Patti LaBelle',0,'f319ec6a-9290-449b-baef-4244809c487a',1673,NULL,1674),(20,'','2017-11-29 18:28:02','Klaus Nomi',0,'80d7d849-181d-4de4-b154-77318efc0648',1675,NULL,1676),(21,'','2017-11-29 18:28:58','Mark Ronson',0,'c3c82bdc-d9e7-4836-9746-c24ead47ca19',1677,NULL,1678),(22,'','2017-11-29 18:29:46','Phantom Planet',0,'766a2b45-441f-4096-af05-dbbca9518c9d',1679,NULL,1680),(23,'','2017-11-29 18:30:28','Blaq Poet',0,'8ae916d8-c470-4103-a0e0-2d5aca4f719a',1681,NULL,1682),(24,'','2017-11-29 18:31:15','Neil Diamond',0,'a42d3fd5-55de-4206-86c3-4fbb5404018f',1683,NULL,1684),(25,'','2017-11-29 18:32:10','Kelly Rowland',0,'31bea673-d23a-4889-8da1-7cb040863268',1685,NULL,1686),(26,'','2017-11-29 18:32:57','Travie McCoy',0,'76bf7aec-83f0-47a9-8964-eea180b99ac2',1687,NULL,1688),(27,'','2017-11-29 18:33:53','MGMT',0,'c485632c-b784-4ee9-8ea1-c5fb365681fc',1689,NULL,1690),(28,'','2017-11-29 18:34:44','Leonard Cohen',0,'65314b12-0e08-43fa-ba33-baaa7b874c15',1691,NULL,1692),(29,'','2017-11-29 18:35:37','Ravi Shankar',0,'697f8b9f-0454-40f2-bba2-58f35668cdbe',1693,NULL,1694),(30,'','2017-11-29 18:36:31','Oscar Brown Jr.',0,'fad74575-8a16-4c50-99a5-5d20fda0bd46',1695,NULL,1696),(31,'','2017-11-29 18:37:30','Madcon',0,'2da9b8e3-e2de-4599-aa30-bf47e35e3fc0',1698,NULL,1699),(32,'','2017-11-29 18:38:17','Tina Arena',0,'c1ccc784-9f18-4369-96b1-38106419b5ad',1701,NULL,1702),(33,'','2017-11-29 18:39:16','Miles Davis',0,'561d854a-6a28-4aa7-8c99-323e6ce46c2a',1703,NULL,1704),(34,'','2017-11-29 18:40:08','Herbie Hancock',0,'27613b78-1b9d-4ec3-9db5-fa0743465fdd',1705,NULL,1706),(35,'','2017-11-29 18:40:57','Earth, Wind & Fire',0,'535afeda-2538-435d-9dd1-5e10be586774',1707,NULL,1708),(36,'','2017-11-29 18:41:55','The Emotions',0,'6ff13427-08ff-4da2-bee8-892e1fa22d3c',1709,NULL,1710),(37,'','2017-11-29 18:43:17','Elvira Nikolaisen',0,'efd0b8f2-1151-4836-9aaf-02a4cb1a390a',1711,NULL,1712),(38,'','2017-11-29 18:44:11','Toto',0,'aab5c954-cabe-432e-899e-1c4f99757327',1713,NULL,1714),(39,'','2017-11-29 18:45:36','Son House',0,'8c87dda0-be58-4e48-a3b5-2626f26364c7',1715,NULL,1716),(40,'','2017-11-29 18:46:32','Thelonious Monk',0,'8e8c7417-c905-46b1-b42a-5260b4274ed4',1718,NULL,1719),(41,'','2017-11-29 18:47:28','Duke Ellington & His Orchestra',0,'c01557ad-d41e-4316-a285-605769e2ab3b',1721,NULL,1722),(42,'','2017-11-29 18:48:25','Stan Getz',0,'8f2422ab-0ec6-4c92-80c4-afe9622fab32',1723,NULL,1724),(43,'','2017-11-29 18:49:30','Anything Box',0,'af57e70a-a2b8-44cc-9f89-9a752c6bb53d',1725,NULL,1726),(44,'','2017-11-29 18:50:13','The Stranglers',0,'a96d82a0-cdca-40bf-b4c8-3d7ec178d85b',1727,NULL,1728),(45,'','2017-11-29 18:51:03','Beverley Craven',0,'996417f3-5457-4b9f-9bd7-2cfb3d338d49',1729,NULL,1730),(46,'','2017-11-29 18:51:49','松田聖子',0,'ef013257-e584-410e-88e8-05ea9ae9ea3a',1731,NULL,1732),(47,'','2017-11-29 18:52:35','Donnie Wahlberg',0,'1b3ef047-567e-4f4c-80fe-0d6fdff864cc',1733,NULL,1734),(48,'','2017-11-29 18:53:56','The Lost',0,'1fbe5141-2d9a-4879-8783-de87af1d3bfe',1735,NULL,1736),(49,'','2017-11-29 18:54:54','George Michael',0,'ccb8f30e-4d71-40c4-8b1d-846dafe73e2c',1737,NULL,1738),(50,'','2017-11-29 18:55:52','Liza Minnelli',0,'34cdf83c-0ba8-4411-814f-c3ef44588521',1739,NULL,1740),(51,'','2017-11-29 18:56:43','Katmandu',0,'c0edc677-a332-443d-853e-f387a99fdce4',1741,NULL,1742),(52,'','2017-11-29 18:57:36','Living Colour',0,'dc6f8c1f-626b-42b0-9115-7e66ae4cecd6',1743,NULL,1744),(53,'','2017-11-29 18:58:22','Candyman',0,'fe88f5a3-7d0c-4007-9985-0eb656c3a7e4',1745,NULL,1746),(54,'','2017-11-29 19:00:18','Mother’s Finest',0,'7b38a145-7137-4c61-8d04-89ade521a6fc',1747,NULL,1748),(55,'','2017-11-29 19:01:13','The Beach Boys',0,'ebfc1398-8d96-47e3-82c3-f782abcdb13d',1749,NULL,1750),(56,'','2017-11-29 19:02:12','Michel Polnareff',0,'90330a83-5547-491e-b83c-d10858e6073f',1751,NULL,1752),(57,'','2017-11-29 19:02:57','The Vaughan Brothers',0,'0244ceb5-57dc-4831-aa9c-6a5e5a1c4938',1753,NULL,1754),(58,'','2017-11-29 19:04:24','Molly Hatchet',0,'b69d82f9-ade6-4f45-88e5-953353aad2b3',1755,NULL,1756),(59,'','2017-11-29 19:05:34','John Barry',0,'661e20c8-3d82-4da2-94a2-97d9e11691c0',1758,NULL,1759),(60,'','2017-11-29 19:07:06','Front 242',0,'8fb6c00f-61d8-4f27-98f9-53e1ba481626',1761,NULL,1762),(61,'','2017-11-29 19:07:57','Jane’s Addiction',0,'e3434cc7-d348-491a-9dc8-325af3d9086d',1763,NULL,1764),(62,'','2017-11-29 19:08:56','George Benson',0,'467f69b6-8d6d-4d2c-bfad-e89adf2806ff',1765,NULL,1766),(63,'','2017-11-29 19:09:50','ZZ Top',0,'a81259a0-a2f5-464b-866e-71220f2739f1',1767,NULL,1768),(64,'','2017-11-29 19:11:22','Ministry',0,'13df2a46-f72f-40e7-aa63-26fcf62c7048',1770,NULL,1771),(65,'','2017-11-29 19:12:16','Julee Cruise',0,'3b7865df-3c91-48dd-9126-a71e0dfe7f8d',1772,NULL,1773),(66,'','2017-11-29 19:14:10','Fleetwood Mac',0,'bd13909f-1c29-4c27-a874-d4aaf27c5b1a',1774,NULL,1775),(67,'','2017-11-29 19:15:07','Laurie Anderson',0,'86809b51-cbe2-45f1-804a-e66eed635dea',1776,NULL,1777),(68,'','2017-11-29 19:16:35','a‐ha',0,'7364dea6-ca9a-48e3-be01-b44ad0d19897',1778,NULL,1779),(69,'','2017-11-29 19:18:33','Prince',0,'070d193a-845c-479f-980e-bef15710653e',1781,NULL,1782),(70,'','2017-11-29 19:20:26','The New Power Generation',0,'51d63176-56e8-45b9-88e3-81e6436473f3',1783,NULL,1784),(71,'','2017-11-29 19:21:18','Seals & Crofts',0,'b0633a9d-b576-4d7c-bb26-e4c6ed2728a9',1785,NULL,1786),(72,'','2017-11-29 19:22:10','Angelo Badalamenti',0,'5894dac5-0260-4175-b36e-e34680a859d6',1787,NULL,1788),(73,'','2017-11-29 19:23:05','Emmylou Harris',0,'35ef61ca-43db-4772-ba27-0489e9ebcb69',1790,NULL,1791),(74,'','2017-11-29 19:24:06','Little Feat',0,'9b106beb-12b5-4525-8025-42e295a2b90a',1792,NULL,1793),(75,'','2017-11-29 19:25:49','Jon Hassell',0,'0ac4fff0-03e9-4b0d-977b-ba94fb475030',1794,NULL,1795),(76,'','2017-11-29 19:27:23','M2M',0,'200a07b4-0e6f-47b8-851f-784281e1de07',1796,NULL,1797),(77,'','2017-11-29 19:28:18','The Corrs',0,'acf6c776-d0f6-4239-b5a2-a45a613ffa52',1798,NULL,1799),(78,'','2017-11-29 19:29:06','Tori Amos',0,'c0b2500e-0cef-4130-869d-732b23ed9df5',1800,NULL,1801),(79,'','2017-11-29 19:30:01','Donna Summer',0,'b60527cc-54f3-4bbe-a01b-dcf34c95ae14',1802,NULL,1803),(80,'','2017-11-29 19:30:47','Chromeo',0,'647221d0-f6b1-4e03-924c-c59b8059536f',1804,NULL,1805),(81,'','2017-11-29 19:31:42','Matchbox Twenty',0,'75af9d25-cf32-49c0-9192-60bd8e9784e6',1807,NULL,1808),(82,'','2017-11-29 19:32:36','The Webb Brothers',0,'71242ddc-6d23-464b-939e-53d26580b8a2',1810,NULL,1811),(83,'','2017-11-29 19:33:32','The Chieftains',0,'fce5eb9a-95a7-4a54-b9e4-fe1b036fbe57',1812,NULL,1813),(84,'','2017-11-29 19:34:25','Sinéad O’Connor',0,'c78a77fa-507c-4c07-947a-0355029453bd',1814,NULL,1815),(85,'','2017-11-29 19:35:26','Jack & Jemma',0,'60d50b95-9de4-41e3-b284-c412ab5103ad',1816,NULL,1817),(86,'','2017-11-29 19:36:55','Wax Poetic',0,'0cc9f11f-2c83-49de-85d3-631df23053e0',1818,NULL,1819),(87,'','2017-11-29 19:37:57','John Michael Montgomery',0,'9647191b-5891-4885-bccc-f6bb9b200a6d',1821,NULL,1822),(88,'','2017-11-29 19:38:50','John Coltrane',0,'b625448e-bf4a-41c3-a421-72ad46cdb831',1823,NULL,1824),(89,'','2017-11-29 19:39:39','Trina',0,'8a07d810-3d55-4426-a1f6-55f0a68f1dc6',1825,NULL,1826),(90,'','2017-11-29 19:40:28','Collective Soul',0,'aa266ac7-d919-4132-982e-76cbd95591a7',1827,NULL,1828),(91,'','2017-11-29 19:41:25','Elton John',0,'b83bc61f-8451-4a5d-8b8e-7e9ed295e822',1830,NULL,1831),(92,'','2017-11-29 19:42:20','Charles Mingus',0,'f3b8e107-abe8-4743-b6a3-4a4ee995e71f',1832,NULL,1833),(93,'','2017-11-29 19:43:55','Aaron Neville',0,'2f53411b-ec29-4979-aa46-62786a2bb377',1834,NULL,1835),(94,'','2017-11-29 19:45:00','Patti Austin',0,'e58ae396-5050-4640-a5d1-8826b5c4ba13',1836,NULL,1837),(95,'','2017-11-29 19:46:14','Peabo Bryson',0,'b8170690-3a95-42e4-adef-afc9576ed90c',1838,NULL,1839);
/*!40000 ALTER TABLE `artist` ENABLE KEYS */;
UNLOCK TABLES;

--
-- Table structure for table `artist_albums`
--

DROP TABLE IF EXISTS `artist_albums`;
/*!40101 SET @saved_cs_client     = @@character_set_client */;
/*!40101 SET character_set_client = utf8 */;
CREATE TABLE `artist_albums` (
  `artist_id` int(11) NOT NULL,
  `album_id` int(11) NOT NULL,
  UNIQUE KEY `UK_hyog1vavjscecgdqewaifhsky` (`album_id`),
  KEY `FKbcvl559apfrlou44wn8x039f4` (`artist_id`),
  CONSTRAINT `FKbcvl559apfrlou44wn8x039f4` FOREIGN KEY (`artist_id`) REFERENCES `artist` (`id`),
  CONSTRAINT `FKtd9i1se0noi8swo0y6c20hie7` FOREIGN KEY (`album_id`) REFERENCES `album` (`id`)
) ENGINE=InnoDB DEFAULT CHARSET=utf8;
/*!40101 SET character_set_client = @saved_cs_client */;

--
-- Dumping data for table `artist_albums`
--

LOCK TABLES `artist_albums` WRITE;
/*!40000 ALTER TABLE `artist_albums` DISABLE KEYS */;
INSERT INTO `artist_albums` VALUES (1,1),(2,2),(3,3),(4,4),(5,5),(6,6),(7,7),(7,11),(7,28),(7,84),(7,92),(8,8),(9,9),(10,10),(10,17),(14,12),(15,13),(16,14),(17,15),(18,16),(20,18),(21,19),(24,20),(25,21),(27,22),(28,23),(29,24),(30,25),(31,26),(32,27),(33,29),(34,30),(35,31),(37,32),(38,33),(39,34),(40,35),(41,36),(42,37),(43,38),(44,39),(45,40),(46,41),(48,42),(49,43),(49,53),(50,44),(51,45),(52,46),(53,47),(54,48),(55,49),(56,50),(57,51),(58,52),(59,54),(60,55),(61,56),(62,57),(63,58),(63,59),(63,65),(63,73),(64,60),(65,61),(66,62),(66,71),(67,63),(68,64),(69,66),(71,67),(72,68),(73,69),(74,70),(75,72),(76,74),(77,75),(78,76),(78,93),(79,77),(80,78),(81,79),(81,91),(82,80),(83,81),(84,82),(85,83),(86,85),(87,86),(88,87),(89,88),(90,89),(92,90);
/*!40000 ALTER TABLE `artist_albums` ENABLE KEYS */;
UNLOCK TABLES;

--
-- Table structure for table `artist_aliases`
--

DROP TABLE IF EXISTS `artist_aliases`;
/*!40101 SET @saved_cs_client     = @@character_set_client */;
/*!40101 SET character_set_client = utf8 */;
CREATE TABLE `artist_aliases` (
  `artist_id` int(11) NOT NULL,
  `alias` varchar(255) NOT NULL,
  KEY `FK9fw37tjt9r1bbjs3q2gjw4t0r` (`artist_id`),
  CONSTRAINT `FK9fw37tjt9r1bbjs3q2gjw4t0r` FOREIGN KEY (`artist_id`) REFERENCES `artist` (`id`)
) ENGINE=InnoDB DEFAULT CHARSET=utf8;
/*!40101 SET character_set_client = @saved_cs_client */;

--
-- Dumping data for table `artist_aliases`
--

LOCK TABLES `artist_aliases` WRITE;
/*!40000 ALTER TABLE `artist_aliases` DISABLE KEYS */;
INSERT INTO `artist_aliases` VALUES (2,'Rettore'),(3,'Charlatans'),(3,'Charlatans UK'),(3,'The Charlatans U.K.'),(3,'The Charlatans UK'),(3,'The Charlatons'),(5,'Primitives'),(8,'The Scorpions'),(8,'サソリ'),(10,'Lita Rossana Ford'),(11,'Jennifer Jean Warnes'),(13,'The Jordanairs'),(14,'E. Papathanassiou'),(14,'Papathanassiou'),(14,'Papathanassiou, Vangelis'),(14,'Vangelis & Irene Papas'),(14,'Vangelis O. Papathanassiou'),(14,'Vangelis Papathanassiou'),(14,'Vangelis Papathanassiou & Irene Papas'),(14,'Vangelis Q. Papathanassiou'),(14,'Vangelis Remixed by Gutbrod'),(14,'Vangellis'),(14,'vangelis remixed gutbrod'),(14,'Βαγγέλης Παπαθανασίου'),(14,'ヴァンゲリス'),(15,'DJ H & Steffy'),(16,'Darryl Hall & John Oates'),(16,'Daryl Hall & Jhon Oates'),(16,'Daryl Hall & John Oates'),(16,'Daryl Hall & John Oats'),(16,'Daryl Hall John Oates'),(16,'Daryl Hall and John Oates'),(16,'Daryll Hall And John Oates'),(16,'Hall and Oates'),(16,'Hall and Oats'),(17,'UDO'),(19,'La Belle'),(19,'Pati LaBelle'),(19,'Patti La Belle'),(19,'Pattie Labelle'),(19,'Patty LaBelle'),(20,'Klaus Sperber'),(21,'DJ Mark Ronson'),(21,'Marc Ronson'),(24,'Neil Daimond'),(24,'Neil Leslie Diamond'),(25,'Kelendria Trene Rowland'),(25,'Kelly Roland'),(26,'Travis Lazarus McCoy'),(26,'Travis McCoy'),(27,'Management'),(27,'The Management'),(28,'L. Cohen'),(28,'L.Cohen'),(28,'Leonard Norman Cohen'),(28,'Leonhard Cohen'),(28,'Lonard Cohen'),(29,'Pandit Ravi Shankar'),(29,'Ravi Shakar'),(29,'रवि शंकर'),(29,'রবি শংকর'),(30,'Oscar Brown Jnr'),(30,'Oscar Brown Jr'),(30,'Oscar Brown, Jr.'),(31,'Macdon'),(31,'Madcon Beggin'),(32,'Filippina Lydia Arena'),(33,'Miles Davies'),(33,'Miles Dewey Davis III.'),(33,'Miles Favis'),(34,'\"Mwandishi\" Herbie Hancock'),(34,'Hancock Herbie'),(34,'Hancock, Herbie'),(35,'Earth , Win and Fire'),(35,'Earth Wind & Fire'),(35,'Earth Wind and Fire'),(35,'Earth, Wind + Fire'),(35,'Earth, Wind and Fire'),(35,'Earth, Wind, and Fire'),(35,'Earth,Wind & Fire'),(35,'Earth,Wind,Fire'),(35,'Heart, Wind & Fire'),(36,'Emotions'),(36,'Emotions, The'),(38,'Paich'),(38,'Totto'),(39,'Eddie \"Son\" House'),(39,'Eddie James House'),(39,'Eddie James House, Jr.'),(39,'Sun House'),(40,'Monk Thelonious'),(40,'Monk, Thelonious'),(40,'Monk, Thelonius'),(40,'Thelenious Monk'),(40,'Thelonios Monk'),(40,'Thelonious Sphere Monk'),(40,'Thelonius Monk'),(40,'Theolonius Monk'),(41,'Duke Elington and His Orchestra'),(41,'Duke Ellington & His Famous Orchestra'),(41,'Duke Ellington & Orchestra'),(41,'Duke Ellington and His Famous Orchestra'),(41,'Duke Ellington and His Orchestra'),(41,'Duke Ellington and His World Famous Orchestra'),(41,'Duke Ellington and Orchestra'),(41,'Duke Ellington and his Famous Orchestra'),(41,'Duke Ellington\'s Famous Orchestra'),(41,'Duke\'s Big 4'),(42,'Getz Stan'),(42,'Satn Getz'),(42,'Stan Gets'),(42,'Sten Getz'),(44,'Stranglers'),(44,'The Strangler'),(45,'Beverly Craven'),(46,'Matsuda Seiko'),(46,'Meg.C'),(46,'Noriko Kamachi'),(46,'Noriko Kanda'),(46,'Seiko'),(46,'Seiko Matsuda'),(46,'æ¾ç”°è–å­'),(46,'まつだ せいこ'),(46,'まつだせいこ'),(46,'松田 聖子'),(46,'神田法子'),(46,'蒲池法子'),(47,'Donny Wahlberg'),(49,'G.K. Panayiotou'),(49,'Georg Michael'),(49,'George Micheal'),(49,'Georgios Kyriacos Panayiotou'),(49,'Michael George'),(49,'Michael, George'),(50,'Lisa Minelli'),(50,'Lisa Minnelli'),(50,'Liza Minelli'),(52,'Living Color'),(52,'Living Colour'),(52,'Vernon Reid’s Living Colour'),(54,'Mothers Finest'),(55,'Beach Boys'),(55,'Beach Boys, The'),(55,'The Beachboys'),(55,'beachboys'),(56,'Michael Polnareff'),(56,'Michel Polnaref'),(57,'Stevie Ray Vaughan & Jimmie Vaughan'),(57,'Vaughn Brothers'),(58,'Moll Hatchet'),(58,'Molly Hatched'),(58,'Molly Hatchett'),(59,'J. Barr'),(59,'J.J. Barry'),(59,'John Barry & His Orchestra'),(59,'John Barry & Orchestra'),(59,'John Barry And His Orchestra'),(59,'John Barry Orchestra'),(59,'The John Barry Orchestra'),(60,'Front242'),(61,'Jane\' s Addiction'),(61,'Janes Addiction'),(62,'G. Benson'),(62,'Georges Benson'),(63,'Z Z Top'),(63,'ZZTop'),(64,'Minestry'),(64,'Ministry and Co-Conspirators'),(64,'Ministy'),(65,'J. Cruise'),(65,'Julie Cruise'),(66,'Earl Vince and the Valiants'),(66,'Fleedwood Mac'),(66,'Fleetwood Mack'),(66,'Flettwood Mac'),(66,'Mac Fleetwood'),(66,'Peter Green\'s Fleetwood Mac'),(67,'Anderson Laurie'),(67,'Anderson, Laurie'),(67,'Laura Phillips Anderson'),(68,'A Ha'),(68,'A-ha'),(68,'Aha'),(69,'(us 1) PRINCE'),(69,'Formerly Prince'),(69,'Joey Coco'),(69,'O(+>'),(69,'O(+>)'),(69,'Prince'),(69,'Prince Rogers Nelson'),(69,'Symbol'),(69,'T.A.F.K.A.P.'),(69,'The Artist Formerly Known as Prince'),(69,'The Love Symbol'),(69,'Ƭ̵̬̊'),(69,'♀♂'),(70,'The N.P.G.'),(70,'The NPG'),(70,'The New Power Generation'),(71,'Seals & Croft'),(71,'Seals and Croft'),(71,'Seals and Crofts'),(72,'A. Badalamenti'),(72,'A. Badale'),(72,'Andy Badale'),(72,'Andy Badele'),(72,'Angelo Badalementi'),(72,'Angelo Badamenti'),(72,'Angelo Badlamenti'),(72,'Angelo Daniel Badalamenti'),(72,'Badalamemti'),(72,'angelo badelamenti'),(73,'Emmilou Harris'),(73,'Harris, Emmylou Harris'),(74,'Litte Feat'),(75,'Jon Hassel'),(76,'M 2 M'),(76,'Marit & Marion (M2M)'),(77,'Corrs'),(77,'The Coors'),(77,'The Corrrs'),(78,'Amos, Tori'),(78,'Myra Ellen Amos'),(78,'Torie Amos'),(79,'Donna A Summer'),(79,'Donna Summers'),(79,'Donnna Summer'),(79,'Donny Summer'),(79,'LaDonna Adrian Gaines'),(79,'ドナ・サマー'),(80,'Chromeo Feat. Elly Jackson'),(81,'Matchbox 20'),(81,'Matchbox20'),(81,'matchboxtwenty'),(81,'mb20'),(82,'Webb Brothers'),(83,'Chieftains'),(83,'Chieftans'),(83,'The Cheiftans'),(83,'The Chieftains and Friends'),(83,'The Chieftans'),(84,'Shinead O\'Connor'),(84,'Sinead O Connor'),(84,'Sinead O\' Connor'),(84,'Sinead O\'Connor'),(84,'Sinnead O\'Connor'),(84,'Sinéad Marie Bernadette O’Connor'),(84,'Sinéad O\'Conner'),(88,'John Coltraine'),(88,'John William Coltrane'),(88,'Trane'),(89,'Katrina Laverne Taylor'),(91,'Ann Orson'),(91,'E. John'),(91,'Elthon John'),(91,'Elton Jphn'),(91,'John Elton'),(91,'John, Elton'),(91,'Reg Dwight'),(91,'Reginald Dwight'),(91,'Reginald Kenneth Dwight'),(91,'Reginald Kenneth Dwight'),(91,'Sir Elton Hercules John'),(91,'Sir Elton John'),(92,'Baron Mingus & His Octet'),(92,'Charles Baron Mingus'),(92,'Charles Mingus Jazz Workshop'),(92,'Charles Mingus Octet'),(92,'Charles Mingus Sextet'),(92,'Charles Mingus Sextet With Eric Dolphy'),(92,'Charles Minugs'),(92,'Charlie Mingus'),(92,'Charlies Mingus'),(92,'Mingus, Charles'),(92,'The Charles Mingus Group'),(93,'Aaron Joseph Neville'),(93,'Aaron Neveille'),(93,'Aaron Nevile'),(94,'Patty Austin'),(95,'Peabo Bryon'),(95,'Peobo Bryson'),(95,'ピーボ・ブライソン'),(1,'test');
/*!40000 ALTER TABLE `artist_aliases` ENABLE KEYS */;
UNLOCK TABLES;

--
-- Table structure for table `artist_followers`
--

DROP TABLE IF EXISTS `artist_followers`;
/*!40101 SET @saved_cs_client     = @@character_set_client */;
/*!40101 SET character_set_client = utf8 */;
CREATE TABLE `artist_followers` (
  `artist_id` int(11) NOT NULL,
  `follower_id` int(11) NOT NULL,
  PRIMARY KEY (`artist_id`,`follower_id`),
  KEY `follower_id` (`follower_id`),
  CONSTRAINT `artist_followers_ibfk_1` FOREIGN KEY (`artist_id`) REFERENCES `artist` (`id`) ON DELETE CASCADE,
  CONSTRAINT `artist_followers_ibfk_2` FOREIGN KEY (`follower_id`) REFERENCES `customer` (`id`) ON DELETE CASCADE
) ENGINE=InnoDB DEFAULT CHARSET=utf8;
/*!40101 SET character_set_client = @saved_cs_client */;

--
-- Dumping data for table `artist_followers`
--

LOCK TABLES `artist_followers` WRITE;
/*!40000 ALTER TABLE `artist_followers` DISABLE KEYS */;
/*!40000 ALTER TABLE `artist_followers` ENABLE KEYS */;
UNLOCK TABLES;

--
-- Table structure for table `artist_merchandise`
--

DROP TABLE IF EXISTS `artist_merchandise`;
/*!40101 SET @saved_cs_client     = @@character_set_client */;
/*!40101 SET character_set_client = utf8 */;
CREATE TABLE `artist_merchandise` (
  `id` int(11) NOT NULL AUTO_INCREMENT,
  `description` varchar(255) NOT NULL,
  `name` varchar(255) NOT NULL,
  `purchase_url` varchar(255) NOT NULL,
  `artist_id` int(11) NOT NULL,
  PRIMARY KEY (`id`),
  KEY `FK9kvrcx7so145dw76x3sgvydr5` (`artist_id`),
  CONSTRAINT `artist_merchandise_ibfk_1` FOREIGN KEY (`artist_id`) REFERENCES `artist` (`id`)
) ENGINE=InnoDB DEFAULT CHARSET=utf8;
/*!40101 SET character_set_client = @saved_cs_client */;

--
-- Dumping data for table `artist_merchandise`
--

LOCK TABLES `artist_merchandise` WRITE;
/*!40000 ALTER TABLE `artist_merchandise` DISABLE KEYS */;
/*!40000 ALTER TABLE `artist_merchandise` ENABLE KEYS */;
UNLOCK TABLES;

--
-- Table structure for table `artist_related_artists`
--

DROP TABLE IF EXISTS `artist_related_artists`;
/*!40101 SET @saved_cs_client     = @@character_set_client */;
/*!40101 SET character_set_client = utf8 */;
CREATE TABLE `artist_related_artists` (
  `artist_id` int(11) NOT NULL,
  `related_artists_id` int(11) NOT NULL,
  PRIMARY KEY (`artist_id`,`related_artists_id`),
  KEY `related_artists_id` (`related_artists_id`),
  CONSTRAINT `artist_related_artists_ibfk_1` FOREIGN KEY (`artist_id`) REFERENCES `artist` (`id`),
  CONSTRAINT `artist_related_artists_ibfk_2` FOREIGN KEY (`related_artists_id`) REFERENCES `artist` (`id`)
) ENGINE=InnoDB DEFAULT CHARSET=utf8;
/*!40101 SET character_set_client = @saved_cs_client */;

--
-- Dumping data for table `artist_related_artists`
--

LOCK TABLES `artist_related_artists` WRITE;
/*!40000 ALTER TABLE `artist_related_artists` DISABLE KEYS */;
/*!40000 ALTER TABLE `artist_related_artists` ENABLE KEYS */;
UNLOCK TABLES;

--
-- Table structure for table `artist_request`
--

DROP TABLE IF EXISTS `artist_request`;
/*!40101 SET @saved_cs_client     = @@character_set_client */;
/*!40101 SET character_set_client = utf8 */;
CREATE TABLE `artist_request` (
  `id` int(11) NOT NULL AUTO_INCREMENT,
  `created` datetime NOT NULL DEFAULT CURRENT_TIMESTAMP,
  `artist_id` int(11) NOT NULL,
  `label_id` int(11) NOT NULL,
  PRIMARY KEY (`id`),
  KEY `FKao8rt6ev7vc6p3ryo91bt662e` (`artist_id`),
  KEY `FK56nav087haspqlp3fiimjoa75` (`label_id`),
  CONSTRAINT `FKao8rt6ev7vc6p3ryo91bt662e` FOREIGN KEY (`artist_id`) REFERENCES `artist` (`id`),
  CONSTRAINT `artist_request_ibfk_1` FOREIGN KEY (`label_id`) REFERENCES `label_owner` (`id`)
) ENGINE=InnoDB DEFAULT CHARSET=utf8;
/*!40101 SET character_set_client = @saved_cs_client */;

--
-- Dumping data for table `artist_request`
--

LOCK TABLES `artist_request` WRITE;
/*!40000 ALTER TABLE `artist_request` DISABLE KEYS */;
/*!40000 ALTER TABLE `artist_request` ENABLE KEYS */;
UNLOCK TABLES;

--
-- Table structure for table `biography`
--

DROP TABLE IF EXISTS `biography`;
/*!40101 SET @saved_cs_client     = @@character_set_client */;
/*!40101 SET character_set_client = utf8 */;
CREATE TABLE `biography` (
  `id` int(11) NOT NULL,
  `text` text,
  PRIMARY KEY (`id`),
  CONSTRAINT `FKaaq3q74ww7n4cufqn8vwod44e` FOREIGN KEY (`id`) REFERENCES `artist` (`id`)
) ENGINE=InnoDB DEFAULT CHARSET=utf8;
/*!40101 SET character_set_client = @saved_cs_client */;

--
-- Dumping data for table `biography`
--

LOCK TABLES `biography` WRITE;
/*!40000 ALTER TABLE `biography` DISABLE KEYS */;
/*!40000 ALTER TABLE `biography` ENABLE KEYS */;
UNLOCK TABLES;

--
-- Table structure for table `biography_images`
--

DROP TABLE IF EXISTS `biography_images`;
/*!40101 SET @saved_cs_client     = @@character_set_client */;
/*!40101 SET character_set_client = utf8 */;
CREATE TABLE `biography_images` (
  `biography_id` int(11) NOT NULL,
  `image_id` int(11) NOT NULL,
  UNIQUE KEY `UK_mp16aowq1ptyq7pgjhd3uj6sj` (`image_id`),
  KEY `FK85o4yh702nhe9otgbis09k9vb` (`biography_id`),
  CONSTRAINT `FK85o4yh702nhe9otgbis09k9vb` FOREIGN KEY (`biography_id`) REFERENCES `biography` (`id`),
  CONSTRAINT `FKnr188x1qgav96xr73iedm1ujc` FOREIGN KEY (`image_id`) REFERENCES `image` (`id`)
) ENGINE=InnoDB DEFAULT CHARSET=utf8;
/*!40101 SET character_set_client = @saved_cs_client */;

--
-- Dumping data for table `biography_images`
--

LOCK TABLES `biography_images` WRITE;
/*!40000 ALTER TABLE `biography_images` DISABLE KEYS */;
/*!40000 ALTER TABLE `biography_images` ENABLE KEYS */;
UNLOCK TABLES;

--
-- Table structure for table `chart`
--

DROP TABLE IF EXISTS `chart`;
/*!40101 SET @saved_cs_client     = @@character_set_client */;
/*!40101 SET character_set_client = utf8 */;
CREATE TABLE `chart` (
  `date` datetime NOT NULL,
  `id` int(11) NOT NULL,
  `previous_chart_id` int(11) DEFAULT NULL,
  PRIMARY KEY (`id`),
  KEY `FKe3cwsgiy1wms3yd0mqiblkm7a` (`previous_chart_id`),
  CONSTRAINT `FK3dyu28f4geujii1ln3o6gu17c` FOREIGN KEY (`id`) REFERENCES `playlist` (`id`),
  CONSTRAINT `FKe3cwsgiy1wms3yd0mqiblkm7a` FOREIGN KEY (`previous_chart_id`) REFERENCES `chart` (`id`)
) ENGINE=InnoDB DEFAULT CHARSET=utf8;
/*!40101 SET character_set_client = @saved_cs_client */;

--
-- Dumping data for table `chart`
--

LOCK TABLES `chart` WRITE;
/*!40000 ALTER TABLE `chart` DISABLE KEYS */;
/*!40000 ALTER TABLE `chart` ENABLE KEYS */;
UNLOCK TABLES;

--
-- Table structure for table `concert`
--

DROP TABLE IF EXISTS `concert`;
/*!40101 SET @saved_cs_client     = @@character_set_client */;
/*!40101 SET character_set_client = utf8 */;
CREATE TABLE `concert` (
  `id` int(11) NOT NULL AUTO_INCREMENT,
  `active` bit(1) NOT NULL DEFAULT b'1',
  `created_date` datetime NOT NULL DEFAULT CURRENT_TIMESTAMP,
  `name` varchar(255) NOT NULL,
  `time` datetime NOT NULL,
  `image_id` int(11) DEFAULT NULL,
  `owner_id` int(11) DEFAULT NULL,
  `venue_id` int(11) DEFAULT NULL,
  PRIMARY KEY (`id`),
  KEY `FK7jenovp2ww39ssjyvvq7oigt2` (`image_id`),
  KEY `FKgijck1akuttcymxqhfd53bdyp` (`owner_id`),
  KEY `FKllw6cymtwrumecg1bcnsubw56` (`venue_id`),
  CONSTRAINT `FK7jenovp2ww39ssjyvvq7oigt2` FOREIGN KEY (`image_id`) REFERENCES `image` (`id`),
  CONSTRAINT `FKgijck1akuttcymxqhfd53bdyp` FOREIGN KEY (`owner_id`) REFERENCES `user` (`id`),
  CONSTRAINT `FKllw6cymtwrumecg1bcnsubw56` FOREIGN KEY (`venue_id`) REFERENCES `venue` (`id`)
) ENGINE=InnoDB DEFAULT CHARSET=utf8;
/*!40101 SET character_set_client = @saved_cs_client */;

--
-- Dumping data for table `concert`
--

LOCK TABLES `concert` WRITE;
/*!40000 ALTER TABLE `concert` DISABLE KEYS */;
/*!40000 ALTER TABLE `concert` ENABLE KEYS */;
UNLOCK TABLES;

--
-- Table structure for table `concert_line_up`
--

DROP TABLE IF EXISTS `concert_line_up`;
/*!40101 SET @saved_cs_client     = @@character_set_client */;
/*!40101 SET character_set_client = utf8 */;
CREATE TABLE `concert_line_up` (
  `concert_id` int(11) NOT NULL,
  `artist_id` int(11) NOT NULL,
  PRIMARY KEY (`concert_id`,`artist_id`),
  KEY `artist_id` (`artist_id`),
  CONSTRAINT `FKqwic4ej9nrox2hfeqsy5k22ll` FOREIGN KEY (`concert_id`) REFERENCES `concert` (`id`),
  CONSTRAINT `concert_line_up_ibfk_1` FOREIGN KEY (`artist_id`) REFERENCES `artist` (`id`)
) ENGINE=InnoDB DEFAULT CHARSET=utf8;
/*!40101 SET character_set_client = @saved_cs_client */;

--
-- Dumping data for table `concert_line_up`
--

LOCK TABLES `concert_line_up` WRITE;
/*!40000 ALTER TABLE `concert_line_up` DISABLE KEYS */;
/*!40000 ALTER TABLE `concert_line_up` ENABLE KEYS */;
UNLOCK TABLES;

--
-- Table structure for table `customer`
--

DROP TABLE IF EXISTS `customer`;
/*!40101 SET @saved_cs_client     = @@character_set_client */;
/*!40101 SET character_set_client = utf8 */;
CREATE TABLE `customer` (
  `birthday` datetime NOT NULL,
  `first_name` varchar(255) NOT NULL,
  `last_name` varchar(255) NOT NULL,
  `id` int(11) NOT NULL,
  `library_id` int(11) NOT NULL,
  `play_queue_id` int(11) NOT NULL,
  `profile_image_id` int(11) DEFAULT NULL,
  `subscription_id` int(11) DEFAULT NULL,
  PRIMARY KEY (`id`),
  KEY `FKl9r4verujnjudjivhni1nd4ym` (`library_id`),
  KEY `FKp427dndq05nhsvvdht5f531cq` (`play_queue_id`),
  KEY `FKfch8uho9nr0pf5p22ochdq001` (`profile_image_id`),
  KEY `FKbv6jvaps60yd0wm6qhb87p5ga` (`subscription_id`),
  CONSTRAINT `FKbv6jvaps60yd0wm6qhb87p5ga` FOREIGN KEY (`subscription_id`) REFERENCES `subscription` (`id`),
  CONSTRAINT `FKfch8uho9nr0pf5p22ochdq001` FOREIGN KEY (`profile_image_id`) REFERENCES `image` (`id`),
  CONSTRAINT `FKg2o3t8h0g17smtr9jgypagdtv` FOREIGN KEY (`id`) REFERENCES `user` (`id`),
  CONSTRAINT `FKp427dndq05nhsvvdht5f531cq` FOREIGN KEY (`play_queue_id`) REFERENCES `play_queue` (`id`),
  CONSTRAINT `customer_ibfk_1` FOREIGN KEY (`library_id`) REFERENCES `playlist` (`id`)
) ENGINE=InnoDB DEFAULT CHARSET=utf8;
/*!40101 SET character_set_client = @saved_cs_client */;

--
-- Dumping data for table `customer`
--

LOCK TABLES `customer` WRITE;
/*!40000 ALTER TABLE `customer` DISABLE KEYS */;
INSERT INTO `customer` VALUES ('1996-06-04 00:00:00','Brett','Porcelli',1,1,1,NULL,NULL),('1997-07-04 00:00:00','Jerrel','Sogoni',2,2,2,NULL,NULL),('1995-11-11 00:00:00','Daniel','Soh',3,3,3,NULL,NULL),('2017-12-01 20:28:48','John','Doe',853,854,855,NULL,NULL),('2017-12-01 20:28:54','John','Doe',856,857,858,NULL,NULL),('2017-12-01 20:28:58','John','Doe',860,861,862,NULL,NULL),('2017-12-03 23:14:54','John','Doe',869,870,871,NULL,NULL),('2017-12-03 23:15:00','John','Doe',872,873,874,NULL,NULL),('2017-12-03 23:15:04','John','Doe',876,877,878,NULL,NULL),('1996-01-01 00:00:00','Test','User',879,880,881,NULL,NULL),('1996-06-04 00:00:00','Tester','User',882,883,884,NULL,NULL),('2017-12-04 23:42:16','John','Doe',932,933,934,NULL,NULL),('2017-12-04 23:42:43','John','Doe',935,936,937,NULL,NULL),('2017-12-04 23:43:05','John','Doe',939,940,941,NULL,NULL),('2017-12-05 02:36:03','John','Doe',964,965,966,NULL,NULL),('2017-12-05 02:36:27','John','Doe',967,968,969,NULL,NULL),('2017-12-05 02:36:49','John','Doe',971,972,973,NULL,NULL),('2017-12-05 14:28:26','John','Doe',996,997,998,NULL,NULL),('2017-12-05 14:28:33','John','Doe',999,1000,1001,NULL,NULL),('2017-12-05 14:28:37','John','Doe',1003,1004,1005,NULL,NULL),('2017-12-05 14:45:29','John','Doe',1028,1029,1030,NULL,NULL),('2017-12-05 14:45:33','John','Doe',1031,1032,1033,NULL,NULL),('2017-12-05 14:45:37','John','Doe',1035,1036,1037,NULL,NULL),('2017-12-06 02:46:10','John','Doe',1728,1729,1730,NULL,NULL),('2017-12-06 02:46:17','John','Doe',1731,1732,1733,NULL,NULL),('2017-12-06 02:46:20','John','Doe',1735,1736,1737,NULL,NULL),('2017-11-22 20:40:30','John','Doe',1999,2000,2001,NULL,NULL),('2017-11-22 20:40:40','John','Doe',2002,2003,2004,NULL,NULL),('2017-11-22 20:40:45','John','Doe',2006,2007,2008,NULL,NULL),('2017-11-24 18:10:17','John','Doe',2009,2010,2011,NULL,NULL),('2017-11-24 18:10:23','John','Doe',2012,2013,2014,NULL,NULL),('2017-11-24 18:10:29','John','Doe',2016,2017,2018,NULL,NULL),('2017-11-24 18:31:28','John','Doe',2019,2020,2021,NULL,NULL),('2017-11-24 18:31:33','John','Doe',2022,2023,2024,NULL,NULL),('2017-11-24 18:31:40','John','Doe',2026,2027,2028,NULL,NULL),('2017-11-24 19:18:17','John','Doe',2029,2030,2031,NULL,NULL),('2017-11-24 19:18:23','John','Doe',2032,2033,2034,NULL,NULL),('2017-11-24 19:18:28','John','Doe',2036,2037,2038,NULL,NULL),('2017-11-24 19:37:23','John','Doe',2039,2040,2041,NULL,NULL),('2017-11-24 19:37:28','John','Doe',2042,2043,2044,NULL,NULL),('2017-11-24 19:37:40','John','Doe',2046,2047,2048,NULL,NULL),('2017-11-25 14:57:55','John','Doe',2049,2050,2051,NULL,NULL),('2017-11-25 14:58:01','John','Doe',2052,2053,2054,NULL,NULL),('2017-11-25 14:58:06','John','Doe',2056,2057,2058,NULL,NULL),('2017-11-25 15:43:14','John','Doe',2061,2062,2063,NULL,NULL),('2017-11-25 15:43:20','John','Doe',2064,2065,2066,NULL,NULL),('2017-11-25 15:43:24','John','Doe',2068,2069,2070,NULL,NULL),('2017-11-25 16:03:21','John','Doe',2075,2076,2077,NULL,NULL),('2017-11-25 16:03:26','John','Doe',2078,2079,2080,NULL,NULL),('2017-11-25 16:03:30','John','Doe',2082,2083,2084,NULL,NULL),('2017-11-25 22:13:18','John','Doe',2087,2088,2089,NULL,NULL),('2017-11-25 22:13:24','John','Doe',2090,2091,2092,NULL,NULL),('2017-11-25 22:13:30','John','Doe',2094,2095,2096,NULL,NULL),('2017-11-25 22:17:46','John','Doe',2099,2100,2101,NULL,NULL),('2017-11-25 22:17:50','John','Doe',2102,2103,2104,NULL,NULL),('2017-11-25 22:17:54','John','Doe',2106,2107,2108,NULL,NULL),('2017-11-25 22:35:57','John','Doe',2111,2112,2113,NULL,NULL),('2017-11-25 22:36:03','John','Doe',2114,2115,2116,NULL,NULL),('2017-11-25 22:36:08','John','Doe',2118,2119,2120,NULL,NULL),('2017-11-26 17:22:57','John','Doe',2123,2124,2125,NULL,NULL),('2017-11-26 17:23:02','John','Doe',2126,2127,2128,NULL,NULL),('2017-11-26 17:23:06','John','Doe',2130,2131,2132,NULL,NULL),('2017-11-26 17:44:12','John','Doe',2135,2136,2137,NULL,NULL),('2017-11-26 17:44:19','John','Doe',2138,2139,2140,NULL,NULL),('2017-11-26 17:44:24','John','Doe',2142,2143,2144,NULL,NULL),('2017-11-26 18:02:31','John','Doe',2147,2148,2149,NULL,NULL),('2017-11-26 18:02:37','John','Doe',2150,2151,2152,NULL,NULL),('2017-11-26 18:02:41','John','Doe',2154,2155,2156,NULL,NULL),('2017-11-27 04:01:37','John','Doe',2159,2160,2161,NULL,NULL),('2017-11-27 04:01:43','John','Doe',2162,2163,2164,NULL,NULL),('2017-11-27 04:01:47','John','Doe',2166,2167,2168,NULL,NULL),('2017-11-27 17:38:25','John','Doe',2171,2172,2173,NULL,NULL),('2017-11-27 17:38:32','John','Doe',2174,2175,2176,NULL,NULL),('2017-11-27 17:38:38','John','Doe',2178,2179,2180,NULL,NULL),('2017-11-27 19:53:49','John','Doe',2183,2184,2185,NULL,NULL),('2017-11-27 19:53:56','John','Doe',2186,2187,2188,NULL,NULL),('2017-11-27 19:54:00','John','Doe',2190,2191,2192,NULL,NULL),('2017-11-27 20:35:56','John','Doe',2195,2196,2197,NULL,NULL),('2017-11-27 20:36:01','John','Doe',2198,2199,2200,NULL,NULL),('2017-11-27 20:36:06','John','Doe',2202,2203,2204,NULL,NULL),('2017-11-28 01:39:54','John','Doe',2207,2208,2209,NULL,NULL),('2017-11-28 01:40:00','John','Doe',2210,2211,2212,NULL,NULL),('2017-11-28 01:40:04','John','Doe',2214,2215,2216,NULL,NULL),('2017-11-28 12:42:16','John','Doe',2221,2222,2223,NULL,NULL),('2017-11-28 12:42:21','John','Doe',2224,2225,2226,NULL,NULL),('2017-11-28 12:42:26','John','Doe',2228,2229,2230,NULL,NULL),('2017-12-06 03:16:12','John','Doe',3024,3025,3026,NULL,NULL),('2017-12-06 03:16:18','John','Doe',3027,3028,3029,NULL,NULL),('2017-12-06 03:16:23','John','Doe',3031,3032,3033,NULL,NULL),('2017-12-06 23:25:50','John','Doe',3072,3073,3074,NULL,NULL),('2017-12-06 23:25:54','John','Doe',3075,3076,3077,NULL,NULL),('2017-12-06 23:25:59','John','Doe',3079,3080,3081,NULL,NULL),('2017-12-07 00:31:22','John','Doe',3104,3105,3106,NULL,NULL),('2017-12-07 00:31:27','John','Doe',3107,3108,3109,NULL,NULL),('2017-12-07 00:31:31','John','Doe',3111,3112,3113,NULL,NULL),('2017-12-07 02:44:59','John','Doe',3144,3145,3146,NULL,NULL),('2017-12-07 02:45:07','John','Doe',3147,3148,3149,NULL,NULL),('2017-12-07 02:45:11','John','Doe',3151,3152,3153,NULL,NULL),('2017-12-07 16:23:34','John','Doe',3183,3184,3185,NULL,NULL),('2017-12-07 16:23:40','John','Doe',3186,3187,3188,NULL,NULL),('2017-12-07 16:23:45','John','Doe',3190,3191,3192,NULL,NULL),('2017-12-07 16:27:23','John','Doe',3215,3216,3217,NULL,NULL),('2017-12-07 16:27:28','John','Doe',3218,3219,3220,NULL,NULL),('2017-12-07 16:27:32','John','Doe',3222,3223,3224,NULL,NULL),('2017-12-07 16:42:12','John','Doe',3247,3248,3249,NULL,NULL),('2017-12-07 16:42:16','John','Doe',3250,3251,3252,NULL,NULL),('2017-12-07 16:42:21','John','Doe',3254,3255,3256,NULL,NULL),('2017-12-07 21:56:09','John','Doe',3313,3314,3315,NULL,NULL),('2017-12-07 21:56:14','John','Doe',3316,3317,3318,NULL,NULL),('2017-12-07 21:56:19','John','Doe',3320,3321,3322,NULL,NULL),('2017-12-08 01:11:39','John','Doe',3382,3383,3384,NULL,NULL),('2017-12-08 01:11:47','John','Doe',3385,3386,3387,NULL,NULL),('2017-12-08 01:11:51','John','Doe',3389,3390,3391,NULL,NULL),('2017-12-08 01:21:08','John','Doe',3397,3398,3399,NULL,NULL),('2017-12-08 01:21:12','John','Doe',3400,3401,3402,NULL,NULL),('2017-12-08 01:21:16','John','Doe',3404,3405,3406,NULL,NULL),('2017-12-08 02:02:38','John','Doe',3412,3413,3414,NULL,NULL),('2017-12-08 02:02:43','John','Doe',3415,3416,3417,NULL,NULL),('2017-12-08 02:02:48','John','Doe',3419,3420,3421,NULL,NULL),('2017-12-08 02:15:54','John','Doe',3460,3461,3462,NULL,NULL),('2017-12-08 02:15:59','John','Doe',3463,3464,3465,NULL,NULL),('2017-12-08 02:16:03','John','Doe',3467,3468,3469,NULL,NULL),('2017-12-08 13:32:44','John','Doe',3493,3494,3495,NULL,NULL),('2017-12-08 13:32:50','John','Doe',3496,3497,3498,NULL,NULL),('2017-12-08 13:32:55','John','Doe',3500,3501,3502,NULL,NULL);
/*!40000 ALTER TABLE `customer` ENABLE KEYS */;
UNLOCK TABLES;

--
-- Table structure for table `customer_artists`
--

DROP TABLE IF EXISTS `customer_artists`;
/*!40101 SET @saved_cs_client     = @@character_set_client */;
/*!40101 SET character_set_client = utf8 */;
CREATE TABLE `customer_artists` (
  `customer_id` int(11) NOT NULL,
  `artist_id` int(11) NOT NULL,
  PRIMARY KEY (`customer_id`,`artist_id`),
  KEY `artist_id` (`artist_id`),
  CONSTRAINT `customer_artists_ibfk_1` FOREIGN KEY (`customer_id`) REFERENCES `customer` (`id`) ON DELETE CASCADE,
  CONSTRAINT `customer_artists_ibfk_2` FOREIGN KEY (`artist_id`) REFERENCES `artist` (`id`) ON DELETE CASCADE
) ENGINE=InnoDB DEFAULT CHARSET=utf8;
/*!40101 SET character_set_client = @saved_cs_client */;

--
-- Dumping data for table `customer_artists`
--

LOCK TABLES `customer_artists` WRITE;
/*!40000 ALTER TABLE `customer_artists` DISABLE KEYS */;
INSERT INTO `customer_artists` VALUES (2,1);
/*!40000 ALTER TABLE `customer_artists` ENABLE KEYS */;
UNLOCK TABLES;

--
-- Table structure for table `customer_followers`
--

DROP TABLE IF EXISTS `customer_followers`;
/*!40101 SET @saved_cs_client     = @@character_set_client */;
/*!40101 SET character_set_client = utf8 */;
CREATE TABLE `customer_followers` (
  `customer_id` int(11) NOT NULL,
  `follower_id` int(11) NOT NULL,
  PRIMARY KEY (`customer_id`,`follower_id`),
  KEY `follower_id` (`follower_id`),
  CONSTRAINT `customer_followers_ibfk_1` FOREIGN KEY (`customer_id`) REFERENCES `customer` (`id`) ON DELETE CASCADE,
  CONSTRAINT `customer_followers_ibfk_2` FOREIGN KEY (`follower_id`) REFERENCES `customer` (`id`) ON DELETE CASCADE
) ENGINE=InnoDB DEFAULT CHARSET=utf8;
/*!40101 SET character_set_client = @saved_cs_client */;

--
-- Dumping data for table `customer_followers`
--

LOCK TABLES `customer_followers` WRITE;
/*!40000 ALTER TABLE `customer_followers` DISABLE KEYS */;
/*!40000 ALTER TABLE `customer_followers` ENABLE KEYS */;
UNLOCK TABLES;

--
-- Table structure for table `customer_friends`
--

DROP TABLE IF EXISTS `customer_friends`;
/*!40101 SET @saved_cs_client     = @@character_set_client */;
/*!40101 SET character_set_client = utf8 */;
CREATE TABLE `customer_friends` (
  `customer_id` int(11) NOT NULL,
  `friend_id` int(11) NOT NULL,
  PRIMARY KEY (`customer_id`,`friend_id`),
  KEY `friend_id` (`friend_id`),
  CONSTRAINT `customer_friends_ibfk_1` FOREIGN KEY (`customer_id`) REFERENCES `customer` (`id`) ON DELETE CASCADE,
  CONSTRAINT `customer_friends_ibfk_2` FOREIGN KEY (`friend_id`) REFERENCES `customer` (`id`) ON DELETE CASCADE
) ENGINE=InnoDB DEFAULT CHARSET=utf8;
/*!40101 SET character_set_client = @saved_cs_client */;

--
-- Dumping data for table `customer_friends`
--

LOCK TABLES `customer_friends` WRITE;
/*!40000 ALTER TABLE `customer_friends` DISABLE KEYS */;
INSERT INTO `customer_friends` VALUES (1,1),(2,1);
/*!40000 ALTER TABLE `customer_friends` ENABLE KEYS */;
UNLOCK TABLES;

--
-- Table structure for table `customer_playlists`
--

DROP TABLE IF EXISTS `customer_playlists`;
/*!40101 SET @saved_cs_client     = @@character_set_client */;
/*!40101 SET character_set_client = utf8 */;
CREATE TABLE `customer_playlists` (
  `customer_id` int(11) NOT NULL,
  `playlist_id` int(11) NOT NULL,
  PRIMARY KEY (`customer_id`,`playlist_id`),
  KEY `playlist_id` (`playlist_id`),
  CONSTRAINT `customer_playlists_ibfk_1` FOREIGN KEY (`customer_id`) REFERENCES `customer` (`id`) ON DELETE CASCADE,
  CONSTRAINT `customer_playlists_ibfk_2` FOREIGN KEY (`playlist_id`) REFERENCES `playlist` (`id`) ON DELETE CASCADE
) ENGINE=InnoDB DEFAULT CHARSET=utf8;
/*!40101 SET character_set_client = @saved_cs_client */;

--
-- Dumping data for table `customer_playlists`
--

LOCK TABLES `customer_playlists` WRITE;
/*!40000 ALTER TABLE `customer_playlists` DISABLE KEYS */;
/*!40000 ALTER TABLE `customer_playlists` ENABLE KEYS */;
UNLOCK TABLES;

--
-- Table structure for table `customer_preferences`
--

DROP TABLE IF EXISTS `customer_preferences`;
/*!40101 SET @saved_cs_client     = @@character_set_client */;
/*!40101 SET character_set_client = utf8 */;
CREATE TABLE `customer_preferences` (
  `customer_id` int(11) NOT NULL,
  `key` varchar(255) NOT NULL,
  `value` varchar(255) DEFAULT NULL,
  PRIMARY KEY (`customer_id`,`key`),
  CONSTRAINT `customer_preferences_ibfk_1` FOREIGN KEY (`customer_id`) REFERENCES `customer` (`id`)
) ENGINE=InnoDB DEFAULT CHARSET=utf8;
/*!40101 SET character_set_client = @saved_cs_client */;

--
-- Dumping data for table `customer_preferences`
--

LOCK TABLES `customer_preferences` WRITE;
/*!40000 ALTER TABLE `customer_preferences` DISABLE KEYS */;
INSERT INTO `customer_preferences` VALUES (1,'repeat','NONE'),(1,'shuffle','false'),(2,'hq_streaming','\"true\"'),(2,'language','\"ENGLISH\"'),(2,'repeat','\"NONE\"'),(2,'shuffle','\"false\"'),(1999,'hq_streaming','false'),(1999,'language','ENGLISH'),(2002,'hq_streaming','false'),(2002,'language','ENGLISH'),(2006,'hq_streaming','false'),(2006,'language','ENGLISH'),(2009,'hq_streaming','false'),(2009,'language','ENGLISH'),(2012,'hq_streaming','false'),(2012,'language','ENGLISH'),(2016,'hq_streaming','false'),(2016,'language','ENGLISH'),(2019,'hq_streaming','false'),(2019,'language','ENGLISH'),(2022,'hq_streaming','false'),(2022,'language','ENGLISH'),(2026,'hq_streaming','false'),(2026,'language','ENGLISH'),(2029,'hq_streaming','false'),(2029,'language','ENGLISH'),(2032,'hq_streaming','false'),(2032,'language','ENGLISH'),(2036,'hq_streaming','false'),(2036,'language','ENGLISH'),(2039,'hq_streaming','false'),(2039,'language','ENGLISH'),(2042,'hq_streaming','false'),(2042,'language','ENGLISH'),(2046,'hq_streaming','false'),(2046,'language','ENGLISH'),(2049,'hq_streaming','false'),(2049,'language','ENGLISH'),(2052,'hq_streaming','false'),(2052,'language','ENGLISH'),(2056,'hq_streaming','false'),(2056,'language','ENGLISH'),(2061,'hq_streaming','false'),(2061,'language','ENGLISH'),(2064,'hq_streaming','false'),(2064,'language','ENGLISH'),(2068,'hq_streaming','false'),(2068,'language','ENGLISH'),(2075,'hq_streaming','false'),(2075,'language','ENGLISH'),(2078,'hq_streaming','false'),(2078,'language','ENGLISH'),(2082,'hq_streaming','false'),(2082,'language','ENGLISH'),(2087,'hq_streaming','false'),(2087,'language','ENGLISH'),(2090,'hq_streaming','false'),(2090,'language','ENGLISH'),(2094,'hq_streaming','false'),(2094,'language','ENGLISH'),(2099,'hq_streaming','false'),(2099,'language','ENGLISH'),(2102,'hq_streaming','false'),(2102,'language','ENGLISH'),(2106,'hq_streaming','false'),(2106,'language','ENGLISH'),(2111,'hq_streaming','false'),(2111,'language','ENGLISH'),(2114,'hq_streaming','false'),(2114,'language','ENGLISH'),(2118,'hq_streaming','false'),(2118,'language','ENGLISH'),(2123,'hq_streaming','false'),(2123,'language','ENGLISH'),(2126,'hq_streaming','false'),(2126,'language','ENGLISH'),(2130,'hq_streaming','false'),(2130,'language','ENGLISH'),(2135,'hq_streaming','false'),(2135,'language','ENGLISH'),(2138,'hq_streaming','false'),(2138,'language','ENGLISH'),(2142,'hq_streaming','false'),(2142,'language','ENGLISH'),(2147,'hq_streaming','false'),(2147,'language','ENGLISH'),(2150,'hq_streaming','false'),(2150,'language','ENGLISH'),(2154,'hq_streaming','false'),(2154,'language','ENGLISH'),(2159,'hq_streaming','false'),(2159,'language','ENGLISH'),(2162,'hq_streaming','false'),(2162,'language','ENGLISH'),(2166,'hq_streaming','false'),(2166,'language','ENGLISH'),(2171,'hq_streaming','false'),(2171,'language','ENGLISH'),(2174,'hq_streaming','false'),(2174,'language','ENGLISH'),(2178,'hq_streaming','false'),(2178,'language','ENGLISH'),(2183,'hq_streaming','false'),(2183,'language','ENGLISH'),(2186,'hq_streaming','false'),(2186,'language','ENGLISH'),(2190,'hq_streaming','false'),(2190,'language','ENGLISH'),(2195,'hq_streaming','false'),(2195,'language','ENGLISH'),(2198,'hq_streaming','false'),(2198,'language','ENGLISH'),(2202,'hq_streaming','false'),(2202,'language','ENGLISH'),(2207,'hq_streaming','false'),(2207,'language','ENGLISH'),(2210,'hq_streaming','false'),(2210,'language','ENGLISH'),(2214,'hq_streaming','false'),(2214,'language','ENGLISH'),(2221,'hq_streaming','false'),(2221,'language','ENGLISH'),(2224,'hq_streaming','false'),(2224,'language','ENGLISH'),(2228,'hq_streaming','false'),(2228,'language','ENGLISH');
/*!40000 ALTER TABLE `customer_preferences` ENABLE KEYS */;
UNLOCK TABLES;

--
-- Table structure for table `genre`
--

DROP TABLE IF EXISTS `genre`;
/*!40101 SET @saved_cs_client     = @@character_set_client */;
/*!40101 SET character_set_client = utf8 */;
CREATE TABLE `genre` (
  `id` int(11) NOT NULL AUTO_INCREMENT,
  `name` varchar(255) NOT NULL,
  `image_id` int(11) NOT NULL,
  PRIMARY KEY (`id`),
  UNIQUE KEY `name` (`name`),
  KEY `image_id` (`image_id`),
  CONSTRAINT `genre_ibfk_1` FOREIGN KEY (`image_id`) REFERENCES `image` (`id`)
) ENGINE=InnoDB AUTO_INCREMENT=870 DEFAULT CHARSET=utf8;
/*!40101 SET character_set_client = @saved_cs_client */;

--
-- Dumping data for table `genre`
--

LOCK TABLES `genre` WRITE;
/*!40000 ALTER TABLE `genre` DISABLE KEYS */;
INSERT INTO `genre` VALUES (836,'A Cappella',1174),(837,'Acoustic',1175),(838,'Alternative',1176),(839,'Big Band',1177),(840,'Blues',1178),(841,'Chill',1179),(842,'Christian',1180),(843,'Classical',1181),(844,'Comedy',1182),(845,'Country',1183),(846,'Dance',1184),(847,'Electronic',1185),(848,'Easy Listening',1186),(849,'Experimental',1187),(850,'Funk',1188),(851,'Hip Hop',1189),(852,'Holiday',1190),(853,'Indie',1191),(854,'Instrumental',1192),(855,'Jazz',1193),(856,'Metal',1194),(857,'Oldies',1195),(858,'Other',1196),(859,'Party',1197),(860,'Word',1198),(861,'Pop',1199),(862,'Psychedelic',1200),(863,'Punk',1201),(864,'R&B',1202),(865,'Reggae',1203),(866,'Rock',1204),(867,'Roots & Folk',1205),(868,'Show Tunes',1206),(869,'Soul',1207);
/*!40000 ALTER TABLE `genre` ENABLE KEYS */;
UNLOCK TABLES;

--
-- Table structure for table `hibernate_sequence`
--

DROP TABLE IF EXISTS `hibernate_sequence`;
/*!40101 SET @saved_cs_client     = @@character_set_client */;
/*!40101 SET character_set_client = utf8 */;
CREATE TABLE `hibernate_sequence` (
  `next_val` bigint(20) DEFAULT NULL
) ENGINE=InnoDB DEFAULT CHARSET=utf8;
/*!40101 SET character_set_client = @saved_cs_client */;

--
-- Dumping data for table `hibernate_sequence`
--

LOCK TABLES `hibernate_sequence` WRITE;
/*!40000 ALTER TABLE `hibernate_sequence` DISABLE KEYS */;
INSERT INTO `hibernate_sequence` VALUES (3503);
/*!40000 ALTER TABLE `hibernate_sequence` ENABLE KEYS */;
UNLOCK TABLES;

--
-- Table structure for table `image`
--

DROP TABLE IF EXISTS `image`;
/*!40101 SET @saved_cs_client     = @@character_set_client */;
/*!40101 SET character_set_client = utf8 */;
CREATE TABLE `image` (
  `id` int(11) NOT NULL AUTO_INCREMENT,
  `width` int(11) NOT NULL DEFAULT '0',
  `height` int(11) NOT NULL DEFAULT '0',
  PRIMARY KEY (`id`)
) ENGINE=InnoDB AUTO_INCREMENT=3491 DEFAULT CHARSET=utf8;
/*!40101 SET character_set_client = @saved_cs_client */;

--
-- Dumping data for table `image`
--

LOCK TABLES `image` WRITE;
/*!40000 ALTER TABLE `image` DISABLE KEYS */;
INSERT INTO `image` VALUES (1,1920,974),(866,1080,1048),(929,1080,1048),(961,1080,1048),(993,1080,1048),(1025,1080,1048),(1174,500,500),(1175,500,500),(1176,500,500),(1177,500,500),(1178,500,500),(1179,500,500),(1180,500,500),(1181,500,500),(1182,500,500),(1183,500,500),(1184,500,500),(1185,500,500),(1186,500,500),(1187,500,500),(1188,500,500),(1189,500,500),(1190,500,500),(1191,500,500),(1192,500,500),(1193,500,500),(1194,500,500),(1195,500,500),(1196,500,500),(1197,500,500),(1198,500,500),(1199,500,500),(1200,500,500),(1201,500,500),(1202,500,500),(1203,500,500),(1204,500,500),(1205,500,500),(1206,500,500),(1207,500,500),(1637,1800,1500),(1638,1800,1500),(1639,1150,748),(1640,2716,2034),(1641,1920,1080),(1642,1920,1080),(1643,3504,2336),(1644,3504,2336),(1645,2197,1463),(1646,2197,1463),(1647,1920,600),(1648,1920,600),(1649,1000,1000),(1650,1680,1050),(1651,1200,900),(1652,5615,4724),(1653,1300,953),(1654,1920,1280),(1655,1200,1600),(1656,2448,3264),(1657,849,1024),(1658,2048,1152),(1659,1024,768),(1660,1632,1224),(1661,840,1024),(1662,2048,1536),(1663,1280,720),(1664,2098,1030),(1665,1990,1337),(1666,1990,1337),(1667,500,500),(1668,3000,2250),(1669,3000,2250),(1670,1200,1200),(1671,1920,1080),(1672,500,500),(1673,1200,1357),(1674,2000,1000),(1675,1179,1179),(1676,3780,2598),(1677,1552,1552),(1678,1920,1080),(1679,1600,1028),(1680,1600,1028),(1681,1199,1200),(1682,1799,1013),(1683,2048,1365),(1684,2048,1365),(1685,764,1448),(1686,2048,2048),(1687,920,1380),(1688,1996,3000),(1689,1500,1500),(1690,2930,1442),(1691,1548,1024),(1692,1600,900),(1693,1200,1200),(1694,1650,1100),(1695,1350,1350),(1696,2510,2048),(1697,500,500),(1698,1200,1781),(1699,1920,1440),(1700,500,500),(1701,1000,1500),(1702,1660,971),(1703,1200,1200),(1704,1600,1236),(1705,1920,1080),(1706,1920,1080),(1707,1003,1080),(1708,5290,3546),(1709,988,1388),(1710,3000,1500),(1711,813,1024),(1712,1920,1080),(1713,1452,1255),(1714,1920,1080),(1715,1200,1644),(1716,2883,3663),(1717,500,500),(1718,1200,1261),(1719,2048,1536),(1720,500,500),(1721,1200,914),(1722,1619,840),(1723,1200,1688),(1724,2168,2984),(1725,1024,768),(1726,3399,3399),(1727,1917,1227),(1728,1917,1227),(1729,1500,1000),(1730,2013,2687),(1731,1017,1002),(1732,1689,1675),(1733,800,1000),(1734,1865,1049),(1735,2550,3244),(1736,2550,3244),(1737,1548,1024),(1738,3888,5518),(1739,1996,2896),(1740,1996,2896),(1741,1200,800),(1742,1700,1162),(1743,1548,1024),(1744,1920,1080),(1745,1920,1008),(1746,1920,1008),(1747,1920,1416),(1748,1920,1416),(1749,920,920),(1750,2490,1752),(1751,950,1432),(1752,2000,1332),(1753,1050,828),(1754,2849,2795),(1755,1140,712),(1756,1600,928),(1757,500,500),(1758,1400,1000),(1759,1600,1927),(1760,500,500),(1761,1200,1800),(1762,1600,1298),(1763,1280,720),(1764,1968,2460),(1765,1920,1080),(1766,1920,1080),(1767,1600,1600),(1768,1600,1600),(1769,500,500),(1770,1695,600),(1771,1695,600),(1772,2000,1500),(1773,2000,1500),(1774,1548,1024),(1775,5516,3600),(1776,2048,1496),(1777,2048,1496),(1778,1548,1024),(1779,1920,1080),(1780,500,500),(1781,1548,1024),(1782,4445,3334),(1783,1548,1024),(1784,2000,1499),(1785,1000,795),(1786,1600,1582),(1787,1200,750),(1788,1920,1040),(1789,500,500),(1790,1200,1200),(1791,1986,1100),(1792,1280,720),(1793,2631,2192),(1794,2500,1664),(1795,2500,1664),(1796,831,1024),(1797,1920,1080),(1798,1080,1080),(1799,2048,1536),(1800,2560,1707),(1801,2560,1707),(1802,1024,967),(1803,2000,1334),(1804,2788,2880),(1805,2788,2880),(1806,500,500),(1807,2000,1333),(1808,2000,1333),(1809,500,500),(1810,1600,1200),(1811,1600,1200),(1812,4928,3280),(1813,4928,3280),(1814,1280,720),(1815,2000,1275),(1816,6878,4601),(1817,6878,4601),(1818,1883,1883),(1819,1883,1883),(1820,500,500),(1821,1200,829),(1822,2000,1016),(1823,1200,1770),(1824,2560,1707),(1825,4256,2832),(1826,4256,2832),(1827,2000,1502),(1828,2000,1502),(1829,500,500),(1830,1200,1500),(1831,4256,2104),(1832,897,1345),(1833,1638,2040),(1834,1400,786),(1835,1920,1080),(1836,1740,1592),(1837,1740,1592),(1838,1920,1080),(1839,1920,1080),(3001,1080,1048),(3021,1080,1048),(3041,599,510),(3043,480,480),(3069,1080,1048),(3101,1080,1048),(3115,1080,1048),(3141,1080,1048),(3212,1080,1048),(3244,1080,1048),(3278,1080,1080),(3280,2183,2289),(3286,2183,2289),(3289,599,510),(3310,1080,1048),(3395,1080,1048),(3410,1080,1048),(3457,1080,1048),(3490,1080,1048);
/*!40000 ALTER TABLE `image` ENABLE KEYS */;
UNLOCK TABLES;

--
-- Table structure for table `image_sizes`
--

DROP TABLE IF EXISTS `image_sizes`;
/*!40101 SET @saved_cs_client     = @@character_set_client */;
/*!40101 SET character_set_client = utf8 */;
CREATE TABLE `image_sizes` (
  `image_id` int(11) NOT NULL,
  `size` varchar(255) NOT NULL,
  `path` varchar(255) NOT NULL,
  PRIMARY KEY (`image_id`,`size`),
  CONSTRAINT `image_sizes_ibfk_1` FOREIGN KEY (`image_id`) REFERENCES `image` (`id`)
) ENGINE=InnoDB DEFAULT CHARSET=utf8;
/*!40101 SET character_set_client = @saved_cs_client */;

--
-- Dumping data for table `image_sizes`
--

LOCK TABLES `image_sizes` WRITE;
/*!40000 ALTER TABLE `image_sizes` DISABLE KEYS */;
INSERT INTO `image_sizes` VALUES (1,'CATALOG','static/img/default-catalog.jpg'),(1,'COVER','static/img/default-cover.jpg'),(1,'FULL','static/img/default-full.jpg'),(1,'PRIMARY','static/img/default-primary.jpg'),(1,'THUMBNAIL','static/img/default-thumbnail.jpg'),(866,'CATALOG','static\\img\\825c52ca-e8f9-4c53-a0ee-c8a16969925c'),(866,'FULL','static\\img\\de227298-dc21-487e-a8b3-10e35d01d218'),(866,'THUMBNAIL','static\\img\\8e1e88e3-8df3-4eed-a88f-82d423343de5'),(929,'CATALOG','static\\img\\71bd813f-a09c-4d7f-a02e-8298b0a26c91'),(929,'FULL','static\\img\\03a2d8eb-05f2-40f5-9a6e-36f6ef90eaeb'),(929,'THUMBNAIL','static\\img\\32177bc4-8fec-4d82-8f7d-558878aba90c'),(961,'CATALOG','static\\img\\114efb23-5ac1-469c-8e25-2a4f1f9f632a'),(961,'FULL','static\\img\\53c3a343-eb87-4949-9719-95ba5b4dc304'),(961,'THUMBNAIL','static\\img\\c7939d67-af36-465f-a3dc-ebbe2e5fcb13'),(993,'CATALOG','static\\img\\42da75a5-b874-4e95-8954-1cf0b4c6088d'),(993,'FULL','static\\img\\6aef8e13-eef4-434d-9e97-2423daa4c8c9'),(993,'THUMBNAIL','static\\img\\9869c6e5-f5de-4366-a2d2-25b85db68f80'),(1025,'CATALOG','static\\img\\e851aa94-4859-41ab-ae81-e9b5fea3b8c4'),(1025,'FULL','static\\img\\7d00c16f-c091-4330-8bfc-be48c00b0d31'),(1025,'THUMBNAIL','static\\img\\9b96e238-122f-42d4-9623-1b19455730f9'),(1174,'CATALOG','static/img/doo-wop.jpg'),(1174,'FULL','static/img/doo-wop.jpg'),(1175,'CATALOG','static/img/acoustic.jpg'),(1175,'FULL','static/img/acoustic.jpg'),(1176,'CATALOG','static/img/alternative.jpg'),(1176,'FULL','static/img/alternative.jpg'),(1177,'CATALOG','static/img/big-band.jpg'),(1177,'FULL','static/img/big-band.jpg'),(1178,'CATALOG','static/img/blues.jpg'),(1178,'FULL','static/img/blues.jpg'),(1179,'CATALOG','static/img/chill.jpg'),(1179,'FULL','static/img/chill.jpg'),(1180,'CATALOG','static/img/christian.jpg'),(1180,'FULL','static/img/christian.jpg'),(1181,'CATALOG','static/img/classical.jpg'),(1181,'FULL','static/img/classical.jpg'),(1182,'CATALOG','static/img/comedy.jpg'),(1182,'FULL','static/img/comedy.jpg'),(1183,'CATALOG','static/img/country.jpg'),(1183,'FULL','static/img/country.jpg'),(1184,'CATALOG','static/img/dance.jpg'),(1184,'FULL','static/img/dance.jpg'),(1185,'CATALOG','static/img/electronic.jpg'),(1185,'FULL','static/img/electronic.jpg'),(1186,'CATALOG','static/img/easy-listening.jpg'),(1186,'FULL','static/img/easy-listening.jpg'),(1187,'CATALOG','static/img/experimental.jpg'),(1187,'FULL','static/img/experimental.jpg'),(1188,'CATALOG','static/img/funk.jpg'),(1188,'FULL','static/img/funk.jpg'),(1189,'CATALOG','static/img/hip-hop.jpg'),(1189,'FULL','static/img/hip-hop.jpg'),(1190,'CATALOG','static/img/holiday.jpg'),(1190,'FULL','static/img/holiday.jpg'),(1191,'CATALOG','static/img/indie.jpg'),(1191,'FULL','static/img/indie.jpg'),(1192,'CATALOG','static/img/instrumental.jpg'),(1192,'FULL','static/img/instrumental.jpg'),(1193,'CATALOG','static/img/jazz.jpg'),(1193,'FULL','static/img/jazz.jpg'),(1194,'CATALOG','static/img/metal.jpg'),(1194,'FULL','static/img/metal.jpg'),(1195,'CATALOG','static/img/oldies.jpg'),(1195,'FULL','static/img/oldies.jpg'),(1196,'CATALOG','static/img/other.jpg'),(1196,'FULL','static/img/other.jpg'),(1197,'CATALOG','static/img/party.jpg'),(1197,'FULL','static/img/party.jpg'),(1198,'CATALOG','static/img/word.jpg'),(1198,'FULL','static/img/word.jpg'),(1199,'CATALOG','static/img/pop.jpg'),(1199,'FULL','static/img/pop.jpg'),(1200,'CATALOG','static/img/psychedelic.jpg'),(1200,'FULL','static/img/psychedelic.jpg'),(1201,'CATALOG','static/img/punk.jpg'),(1201,'FULL','static/img/punk.jpg'),(1202,'CATALOG','static/img/rnb.jpg'),(1202,'FULL','static/img/rnb.jpg'),(1203,'CATALOG','static/img/reggae.jpg'),(1203,'FULL','static/img/reggae.jpg'),(1204,'CATALOG','static/img/rock.jpg'),(1204,'FULL','static/img/rock.jpg'),(1205,'CATALOG','static/img/roots-folk.jpg'),(1205,'FULL','static/img/roots-folk.jpg'),(1206,'CATALOG','static/img/show-tunes.jpg'),(1206,'FULL','static/img/show-tunes.jpg'),(1207,'CATALOG','static/img/soul.jpg'),(1207,'FULL','static/img/soul.jpg'),(1317,'CATALOG','static/img/1511144368.jpg'),(1317,'FULL','static/img/1511144368.jpg'),(1318,'CATALOG','static/img/1511144382.jpg'),(1318,'FULL','static/img/1511144382.jpg'),(1319,'CATALOG','static/img/1511144420.jpg'),(1319,'FULL','static/img/1511144420.jpg'),(1320,'CATALOG','static/img/1511144425.jpg'),(1320,'FULL','static/img/1511144425.jpg'),(1321,'CATALOG','static/img/1511144485.jpg'),(1321,'FULL','static/img/1511144485.jpg'),(1322,'CATALOG','static/img/1511144526.jpg'),(1322,'FULL','static/img/1511144526.jpg'),(1323,'CATALOG','static/img/1511144538.jpg'),(1323,'FULL','static/img/1511144538.jpg'),(1324,'CATALOG','static/img/1511144556.jpg'),(1324,'FULL','static/img/1511144556.jpg'),(1325,'CATALOG','static/img/1511144584.jpg'),(1325,'FULL','static/img/1511144584.jpg'),(1326,'CATALOG','static/img/1511144597.jpg'),(1326,'FULL','static/img/1511144597.jpg'),(1327,'CATALOG','static/img/1511144628.jpg'),(1327,'FULL','static/img/1511144628.jpg'),(1328,'CATALOG','static/img/1511144647.jpg'),(1328,'FULL','static/img/1511144647.jpg'),(1329,'CATALOG','static/img/1511144690.jpg'),(1329,'FULL','static/img/1511144690.jpg'),(1330,'CATALOG','static/img/1511144720.jpg'),(1330,'FULL','static/img/1511144720.jpg'),(1331,'CATALOG','static/img/1511144733.jpg'),(1331,'FULL','static/img/1511144733.jpg'),(1332,'CATALOG','static/img/1511144734.jpg'),(1332,'FULL','static/img/1511144734.jpg'),(1333,'CATALOG','static/img/1511144739.jpg'),(1333,'FULL','static/img/1511144739.jpg'),(1334,'CATALOG','static/img/1511144767.jpg'),(1334,'FULL','static/img/1511144767.jpg'),(1335,'CATALOG','static/img/1511144775.jpg'),(1335,'FULL','static/img/1511144775.jpg'),(1336,'CATALOG','static/img/1511144780.jpg'),(1336,'FULL','static/img/1511144780.jpg'),(1337,'CATALOG','static/img/1511144802.jpg'),(1337,'FULL','static/img/1511144802.jpg'),(1338,'CATALOG','static/img/1511144838.jpg'),(1338,'FULL','static/img/1511144838.jpg'),(1339,'CATALOG','static/img/1511144850.jpg'),(1339,'FULL','static/img/1511144850.jpg'),(1340,'CATALOG','static/img/1511144854.jpg'),(1340,'FULL','static/img/1511144854.jpg'),(1341,'CATALOG','static/img/1511144875.jpg'),(1341,'FULL','static/img/1511144875.jpg'),(1342,'CATALOG','static/img/1511144897.jpg'),(1342,'FULL','static/img/1511144897.jpg'),(1343,'CATALOG','static/img/1511144903.jpg'),(1343,'FULL','static/img/1511144903.jpg'),(1344,'CATALOG','static/img/1511144910.jpg'),(1344,'FULL','static/img/1511144910.jpg'),(1345,'CATALOG','static/img/1511144921.jpg'),(1345,'FULL','static/img/1511144921.jpg'),(1346,'CATALOG','static/img/1511144931.jpg'),(1346,'FULL','static/img/1511144931.jpg'),(1347,'CATALOG','static/img/1511144935.jpg'),(1347,'FULL','static/img/1511144935.jpg'),(1348,'CATALOG','static/img/1511144945.jpg'),(1348,'FULL','static/img/1511144945.jpg'),(1349,'CATALOG','static/img/1511144949.jpg'),(1349,'FULL','static/img/1511144949.jpg'),(1350,'CATALOG','static/img/1511144972.jpg'),(1350,'FULL','static/img/1511144972.jpg'),(1351,'CATALOG','static/img/1511144983.jpg'),(1351,'FULL','static/img/1511144983.jpg'),(1352,'CATALOG','static/img/1511144996.jpg'),(1352,'FULL','static/img/1511144996.jpg'),(1353,'CATALOG','static/img/1511145016.jpg'),(1353,'FULL','static/img/1511145016.jpg'),(1354,'CATALOG','static/img/1511145030.jpg'),(1354,'FULL','static/img/1511145030.jpg'),(1355,'CATALOG','static/img/1511145041.jpg'),(1355,'FULL','static/img/1511145041.jpg'),(1356,'CATALOG','static/img/1511145054.jpg'),(1356,'FULL','static/img/1511145054.jpg'),(1357,'CATALOG','static/img/1511145064.jpg'),(1357,'FULL','static/img/1511145064.jpg'),(1358,'CATALOG','static/img/1511145072.jpg'),(1358,'FULL','static/img/1511145072.jpg'),(1359,'CATALOG','static/img/1511145076.jpg'),(1359,'FULL','static/img/1511145076.jpg'),(1360,'CATALOG','static/img/1511145080.jpg'),(1360,'FULL','static/img/1511145080.jpg'),(1361,'CATALOG','static/img/1511145089.jpg'),(1361,'FULL','static/img/1511145089.jpg'),(1362,'CATALOG','static/img/1511145142.jpg'),(1362,'FULL','static/img/1511145142.jpg'),(1363,'CATALOG','static/img/1511145166.jpg'),(1363,'FULL','static/img/1511145166.jpg'),(1364,'CATALOG','static/img/1511145196.jpg'),(1364,'FULL','static/img/1511145196.jpg'),(1365,'CATALOG','static/img/1511145219.jpg'),(1365,'FULL','static/img/1511145219.jpg'),(1366,'CATALOG','static/img/1511145233.jpg'),(1366,'FULL','static/img/1511145233.jpg'),(1367,'CATALOG','static/img/1511145249.jpg'),(1367,'FULL','static/img/1511145249.jpg'),(1368,'CATALOG','static/img/1511145258.jpg'),(1368,'FULL','static/img/1511145258.jpg'),(1369,'CATALOG','static/img/1511145273.jpg'),(1369,'FULL','static/img/1511145273.jpg'),(1370,'CATALOG','static/img/1511145294.jpg'),(1370,'FULL','static/img/1511145294.jpg'),(1371,'CATALOG','static/img/1511145325.jpg'),(1371,'FULL','static/img/1511145325.jpg'),(1372,'CATALOG','static/img/1511145401.jpg'),(1372,'FULL','static/img/1511145401.jpg'),(1373,'CATALOG','static/img/1511145406.jpg'),(1373,'FULL','static/img/1511145406.jpg'),(1374,'CATALOG','static/img/1511145433.jpg'),(1374,'FULL','static/img/1511145433.jpg'),(1375,'CATALOG','static/img/1511145454.jpg'),(1375,'FULL','static/img/1511145454.jpg'),(1376,'CATALOG','static/img/1511145460.jpg'),(1376,'FULL','static/img/1511145460.jpg'),(1377,'CATALOG','static/img/1511145478.jpg'),(1377,'FULL','static/img/1511145478.jpg'),(1378,'CATALOG','static/img/1511145516.jpg'),(1378,'FULL','static/img/1511145516.jpg'),(1379,'CATALOG','static/img/1511145540.jpg'),(1379,'FULL','static/img/1511145540.jpg'),(1380,'CATALOG','static/img/1511145555.jpg'),(1380,'FULL','static/img/1511145555.jpg'),(1381,'CATALOG','static/img/1511145606.jpg'),(1381,'FULL','static/img/1511145606.jpg'),(1382,'CATALOG','static/img/1511145619.jpg'),(1382,'FULL','static/img/1511145619.jpg'),(1383,'CATALOG','static/img/1511145649.jpg'),(1383,'FULL','static/img/1511145649.jpg'),(1384,'CATALOG','static/img/1511145660.jpg'),(1384,'FULL','static/img/1511145660.jpg'),(1385,'CATALOG','static/img/1511145689.jpg'),(1385,'FULL','static/img/1511145689.jpg'),(1386,'CATALOG','static/img/1511145740.jpg'),(1386,'FULL','static/img/1511145740.jpg'),(1387,'CATALOG','static/img/1511145807.jpg'),(1387,'FULL','static/img/1511145807.jpg'),(1388,'CATALOG','static/img/1511145869.jpg'),(1388,'FULL','static/img/1511145869.jpg'),(1389,'CATALOG','static/img/1511145895.jpg'),(1389,'FULL','static/img/1511145895.jpg'),(1390,'CATALOG','static/img/1511145898.jpg'),(1390,'FULL','static/img/1511145898.jpg'),(1391,'CATALOG','static/img/1511145913.jpg'),(1391,'FULL','static/img/1511145913.jpg'),(1392,'CATALOG','static/img/1511145945.jpg'),(1392,'FULL','static/img/1511145945.jpg'),(1393,'CATALOG','static/img/1511145958.jpg'),(1393,'FULL','static/img/1511145958.jpg'),(1394,'CATALOG','static/img/1511145961.jpg'),(1394,'FULL','static/img/1511145961.jpg'),(1395,'CATALOG','static/img/1511145964.jpg'),(1395,'FULL','static/img/1511145964.jpg'),(1396,'CATALOG','static/img/1511145970.jpg'),(1396,'FULL','static/img/1511145970.jpg'),(1397,'CATALOG','static/img/1511145992.jpg'),(1397,'FULL','static/img/1511145992.jpg'),(1398,'CATALOG','static/img/1511145993.jpg'),(1398,'FULL','static/img/1511145993.jpg'),(1399,'CATALOG','static/img/1511145998.jpg'),(1399,'FULL','static/img/1511145998.jpg'),(1400,'CATALOG','static/img/1511146030.jpg'),(1400,'FULL','static/img/1511146030.jpg'),(1401,'CATALOG','static/img/1511146043.jpg'),(1401,'FULL','static/img/1511146043.jpg'),(1402,'CATALOG','static/img/1511146065.jpg'),(1402,'FULL','static/img/1511146065.jpg'),(1403,'CATALOG','static/img/1511146082.jpg'),(1403,'FULL','static/img/1511146082.jpg'),(1404,'CATALOG','static/img/1511146110.jpg'),(1404,'FULL','static/img/1511146110.jpg'),(1405,'CATALOG','static/img/1511146170.jpg'),(1405,'FULL','static/img/1511146170.jpg'),(1406,'CATALOG','static/img/1511146176.jpg'),(1406,'FULL','static/img/1511146176.jpg'),(1407,'CATALOG','static/img/1511146205.jpg'),(1407,'FULL','static/img/1511146205.jpg'),(1408,'CATALOG','static/img/1511146227.jpg'),(1408,'FULL','static/img/1511146227.jpg'),(1409,'CATALOG','static/img/1511146240.jpg'),(1409,'FULL','static/img/1511146240.jpg'),(1410,'CATALOG','static/img/1511146251.jpg'),(1410,'FULL','static/img/1511146251.jpg'),(1411,'CATALOG','static/img/1511146271.jpg'),(1411,'FULL','static/img/1511146271.jpg'),(1412,'CATALOG','static/img/1511146289.jpg'),(1412,'FULL','static/img/1511146289.jpg'),(1413,'CATALOG','static/img/1511146330.jpg'),(1413,'FULL','static/img/1511146330.jpg'),(1414,'CATALOG','static/img/1511146361.jpg'),(1414,'FULL','static/img/1511146361.jpg'),(1415,'CATALOG','static/img/1511146397.jpg'),(1415,'FULL','static/img/1511146397.jpg'),(1416,'CATALOG','static/img/1511146399.jpg'),(1416,'FULL','static/img/1511146399.jpg'),(1417,'CATALOG','static/img/1511146418.jpg'),(1417,'FULL','static/img/1511146418.jpg'),(1418,'CATALOG','static/img/1511146441.jpg'),(1418,'FULL','static/img/1511146441.jpg'),(1419,'CATALOG','static/img/1511146465.jpg'),(1419,'FULL','static/img/1511146465.jpg'),(1420,'CATALOG','static/img/1511146481.jpg'),(1420,'FULL','static/img/1511146481.jpg'),(1421,'CATALOG','static/img/1511146492.jpg'),(1421,'FULL','static/img/1511146492.jpg'),(1422,'CATALOG','static/img/1511146502.jpg'),(1422,'FULL','static/img/1511146502.jpg'),(1423,'CATALOG','static/img/1511146528.jpg'),(1423,'FULL','static/img/1511146528.jpg'),(1424,'CATALOG','static/img/1511146551.jpg'),(1424,'FULL','static/img/1511146551.jpg'),(1425,'CATALOG','static/img/1511146570.jpg'),(1425,'FULL','static/img/1511146570.jpg'),(1426,'CATALOG','static/img/1511146572.jpg'),(1426,'FULL','static/img/1511146572.jpg'),(1427,'CATALOG','static/img/1511146603.jpg'),(1427,'FULL','static/img/1511146603.jpg'),(1428,'CATALOG','static/img/1511146623.jpg'),(1428,'FULL','static/img/1511146623.jpg'),(1429,'CATALOG','static/img/1511146640.jpg'),(1429,'FULL','static/img/1511146640.jpg'),(1430,'CATALOG','static/img/1511146684.jpg'),(1430,'FULL','static/img/1511146684.jpg'),(1431,'CATALOG','static/img/1511146688.jpg'),(1431,'FULL','static/img/1511146688.jpg'),(1432,'CATALOG','static/img/1511146701.jpg'),(1432,'FULL','static/img/1511146701.jpg'),(1433,'CATALOG','static/img/1511146725.jpg'),(1433,'FULL','static/img/1511146725.jpg'),(1434,'CATALOG','static/img/1511146739.jpg'),(1434,'FULL','static/img/1511146739.jpg'),(1435,'CATALOG','static/img/1511146758.jpg'),(1435,'FULL','static/img/1511146758.jpg'),(1436,'CATALOG','static/img/1511146773.jpg'),(1436,'FULL','static/img/1511146773.jpg'),(1437,'CATALOG','static/img/1511146783.jpg'),(1437,'FULL','static/img/1511146783.jpg'),(1438,'CATALOG','static/img/1511146792.jpg'),(1438,'FULL','static/img/1511146792.jpg'),(1439,'CATALOG','static/img/1511146826.jpg'),(1439,'FULL','static/img/1511146826.jpg'),(1440,'CATALOG','static/img/1511146871.jpg'),(1440,'FULL','static/img/1511146871.jpg'),(1441,'CATALOG','static/img/1511146888.jpg'),(1441,'FULL','static/img/1511146888.jpg'),(1442,'CATALOG','static/img/1511146948.jpg'),(1442,'FULL','static/img/1511146948.jpg'),(1505,'CATALOG','static/img/22c3c556-6f05-456a-b559-aeaa9822ba87.jpg'),(1505,'FULL','static/img/d21aba55-a8e9-4a96-a8ee-6c87dbcc47aa.jpg'),(1506,'COVER','static/img/c157d173-a1a2-4a2d-8762-9ff2a7c8d3b3.jpg'),(1506,'FULL','static/img/2c6cebab-d323-4ef4-83ad-ddd5566ced33.jpg'),(1507,'CATALOG','static/img/81e542b4-c3a3-448d-a8a5-c3b23e434787.jpg'),(1507,'FULL','static/img/2889ebe8-7915-40c1-b864-6df5127a9672.jpg'),(1508,'CATALOG','static/img/1cfc2fa0-1923-431f-89ec-b1c65e503a04.jpg'),(1508,'FULL','static/img/1cc74152-8f69-4050-b85d-6a30eb601456.jpg'),(1509,'COVER','static/img/5f216ffa-e43a-4a8b-8e8b-0500f29fb6be.jpg'),(1509,'FULL','static/img/3ec24cfe-a790-46e6-ae00-4a765fa6acad.jpg'),(1637,'CATALOG','static/img/b5ae4d71-7c72-4365-995d-6cac564c7aee.jpg'),(1637,'FULL','static/img/9c4fc3c5-f4a8-4f1b-ab4c-4634fa5f446a.jpg'),(1638,'COVER','static/img/6b727dac-8497-49af-8478-7a999f9e43f4.jpg'),(1638,'FULL','static/img/4d372d39-03a2-46f4-89ce-2d71aa2da1db.jpg'),(1639,'CATALOG','static/img/efc32ac2-4049-461c-8b57-7ff772e64edf.jpg'),(1639,'FULL','static/img/b936c49a-47bb-4b50-af02-fdd42747bf62.jpg'),(1640,'COVER','static/img/0558e291-cf75-483c-8e16-fba91b41cbaf.jpg'),(1640,'FULL','static/img/d98660d6-7f91-4b37-b879-1828a79a1204.jpg'),(1641,'CATALOG','static/img/652b261d-44a8-4bde-9dbe-369b487ddbb4.jpg'),(1641,'FULL','static/img/9dfc4757-b52f-44bc-ad22-db5144ae7f02.jpg'),(1642,'COVER','static/img/5a443388-e9fb-4f13-9fb4-dbacfd46e254.jpg'),(1642,'FULL','static/img/13a04375-26f1-48cb-a932-f65a829b9de6.jpg'),(1643,'CATALOG','static/img/56c550f8-7a70-4469-b34c-e9e592dd690d.jpg'),(1643,'FULL','static/img/05e10406-8c22-458b-9a4e-26b60e21c50f.jpg'),(1644,'COVER','static/img/287605d6-a3df-4fde-8b25-b8fc6283c824.jpg'),(1644,'FULL','static/img/c5406c1c-f6a3-4985-bf28-ebba51e909ac.jpg'),(1645,'CATALOG','static/img/3b2225fa-428b-4be7-a79a-af83bd11e96d.jpg'),(1645,'FULL','static/img/d3946132-240b-4ef6-aebf-0e78271bfb70.jpg'),(1646,'COVER','static/img/df4b3eb7-8fbe-43af-8d6e-faceea579da9.jpg'),(1646,'FULL','static/img/867e837d-73d0-4ab3-bacd-dcc80f821e90.jpg'),(1647,'CATALOG','static/img/5938d45b-bc55-4b02-8bab-afdeb3928ef3.jpg'),(1647,'FULL','static/img/29b8b17b-28a5-457d-8d7b-bca92a3c46bb.jpg'),(1648,'COVER','static/img/5546b973-721a-48ec-87c4-09840f22a980.jpg'),(1648,'FULL','static/img/b430412d-9b7b-482e-abc6-33d0bdf9ed14.jpg'),(1649,'CATALOG','static/img/fe89494c-1c01-4539-bbef-023beba34fc4.jpg'),(1649,'FULL','static/img/a89e92de-1f7a-413c-8d21-221f21fbc341.jpg'),(1650,'COVER','static/img/62020cb6-c011-470d-aeea-3db2c632a7ac.jpg'),(1650,'FULL','static/img/2f1f47bb-f8cf-43ca-af1b-d912813f6096.jpg'),(1651,'CATALOG','static/img/5bd6b4ea-427e-49a3-9ae3-9125c43a050f.jpg'),(1651,'FULL','static/img/11d82542-28b7-4604-9edc-8f258bf3d9df.jpg'),(1652,'COVER','static/img/586afe4b-2a30-4d72-bb8d-efe4bf9a77d9.jpg'),(1652,'FULL','static/img/e6df28c9-914f-4600-8e70-02e806ee4830.jpg'),(1653,'CATALOG','static/img/432f25ac-c883-4335-bab5-0ba7725c60e0.jpg'),(1653,'FULL','static/img/39ece925-e0b0-4a13-93c1-19a837b3e25c.jpg'),(1654,'COVER','static/img/954bce7b-4520-4696-bbda-c1d5d0679911.jpg'),(1654,'FULL','static/img/087114a9-49b1-4dbc-b0bb-b48c57004aa5.jpg'),(1655,'CATALOG','static/img/af75d3e1-f197-4024-a98a-de9986163e2d.jpg'),(1655,'FULL','static/img/fc38e805-d63f-4b22-bdeb-f16954b16635.jpg'),(1656,'COVER','static/img/cf2d4832-e97c-441b-8e52-dba55741d78b.jpg'),(1656,'FULL','static/img/696e3a15-fb02-453b-937f-0b4a93f90b55.jpg'),(1657,'CATALOG','static/img/2ec344b0-9df4-44d0-80c7-ca08e070a558.jpg'),(1657,'FULL','static/img/61faf204-58b7-4f1f-8587-0381060319cb.jpg'),(1658,'COVER','static/img/61be7029-54de-483e-b6d0-6701dd8aee0e.jpg'),(1658,'FULL','static/img/dac9cf78-5154-44c8-a2e9-8ace396e014f.jpg'),(1659,'CATALOG','static/img/0a8e9fad-30e1-4097-b377-d71d2aea69eb.jpg'),(1659,'FULL','static/img/233ff94c-2c18-4cf0-8cd1-31158ee5d092.jpg'),(1660,'COVER','static/img/cefe6c61-b809-48f0-814f-5295287fdcd3.jpg'),(1660,'FULL','static/img/e54373b0-cf97-474b-bda6-666774e9fb7f.jpg'),(1661,'CATALOG','static/img/b844bd0b-0b68-4e6f-8cef-1d1606ef423b.jpg'),(1661,'FULL','static/img/090ff278-253d-44bc-a8dc-e3720908db90.jpg'),(1662,'COVER','static/img/1a39afb6-b37a-48b5-894b-dea735f11d72.jpg'),(1662,'FULL','static/img/95b113b0-30d8-499d-9168-7a93e175ec90.jpg'),(1663,'CATALOG','static/img/7782920f-bda0-43d5-83d5-3144b20c33a9.jpg'),(1663,'FULL','static/img/03e9339a-373c-4e9e-aeb7-e677e2d98581.jpg'),(1664,'COVER','static/img/58ddde13-88d9-4a00-a1af-82fbdb879742.jpg'),(1664,'FULL','static/img/ea718d9a-d2c7-419a-b880-24f8f8c261dd.jpg'),(1665,'CATALOG','static/img/3415bc9b-b871-43db-862d-f511f9e5d065.jpg'),(1665,'FULL','static/img/2d9a4e80-1def-493f-a4a9-07a3846a34be.jpg'),(1666,'COVER','static/img/fa9cea04-daab-44b7-a7d8-a7df21916674.jpg'),(1666,'FULL','static/img/70de51ff-1ab4-4519-a1b8-357250e29a67.jpg'),(1667,'CATALOG','static/img/ebe7c411-043f-429a-a60c-2c5b6c4ce60d.jpg'),(1667,'FULL','static/img/3e802cfe-6d48-4aa2-a731-02d0207a6997.jpg'),(1668,'CATALOG','static/img/657876c5-6e2f-4ddd-86a4-dd2cc54d28e4.jpg'),(1668,'FULL','static/img/c4c9ceea-4f80-415f-b4d5-785e2b24763b.jpg'),(1669,'COVER','static/img/ffc879cd-4e51-40ef-8d08-113cb0c978e0.jpg'),(1669,'FULL','static/img/efa503a9-bb82-479e-a9b1-a53c9ef37620.jpg'),(1670,'CATALOG','static/img/e376978c-2f07-4f56-838c-eaa4d092064b.jpg'),(1670,'FULL','static/img/c71708ee-06d1-4f52-b5da-167a57b77b66.jpg'),(1671,'COVER','static/img/db0af94f-5213-4a74-ae0b-8266cb977eae.jpg'),(1671,'FULL','static/img/fa55ff64-30d8-42f9-8707-5d1c563956d4.jpg'),(1672,'CATALOG','static/img/96015af3-f6d0-4273-8ec3-0c2f392a2a77.jpg'),(1672,'FULL','static/img/0a5e5d4c-7caa-48c3-a25b-a50cae26da68.jpg'),(1673,'CATALOG','static/img/73d9fb30-584f-4f87-834b-24d91a2f7b57.jpg'),(1673,'FULL','static/img/51b98d32-d61b-4de1-87cd-011833a09362.jpg'),(1674,'COVER','static/img/60e39c3d-856f-44a9-8868-cb7632fa2436.jpg'),(1674,'FULL','static/img/98de5bc1-9b2a-49e3-830e-12bfde74270e.jpg'),(1675,'CATALOG','static/img/e7a932ee-330e-4d95-9a89-b425bbe58e62.jpg'),(1675,'FULL','static/img/57bf6f73-cf62-4b18-b5d7-6ec8a33018fc.jpg'),(1676,'COVER','static/img/1f05df05-3704-48e7-965c-a8c2a31e5b23.jpg'),(1676,'FULL','static/img/664d4e7c-39cc-44f2-8f24-2e2a0a9661c7.jpg'),(1677,'CATALOG','static/img/4df42913-4bfc-4235-a5ba-347c30749042.jpg'),(1677,'FULL','static/img/f9051ab1-fcfe-4d83-9153-d5261b4d1001.jpg'),(1678,'COVER','static/img/fd836df7-6ea8-4b5e-bff6-15ea2855e228.jpg'),(1678,'FULL','static/img/28a23281-6ec0-47ed-876c-58f076510fe3.jpg'),(1679,'CATALOG','static/img/7c78f8b4-83b1-4563-8a11-412794d385b7.jpg'),(1679,'FULL','static/img/f22ed17c-b688-4c48-a765-1251b6eace2a.jpg'),(1680,'COVER','static/img/fda659f3-7915-4e6b-bbb1-9116a1dd2398.jpg'),(1680,'FULL','static/img/767c1f46-5061-4680-8dd9-df4bb03891da.jpg'),(1681,'CATALOG','static/img/1ec27afc-76ef-478d-abfb-f76b31196a65.jpg'),(1681,'FULL','static/img/3ea60ed7-f72a-4bd3-bf1c-e594fd8352da.jpg'),(1682,'COVER','static/img/1781b9f6-348c-4704-8219-f20926253be7.jpg'),(1682,'FULL','static/img/6ca7f83a-a119-4b77-8f5f-c73f8eca9cff.jpg'),(1683,'CATALOG','static/img/fa67dc7e-e46b-4418-821c-c774f2c60723.jpg'),(1683,'FULL','static/img/02320893-25f0-4417-a8be-1a0e0ff2cef0.jpg'),(1684,'COVER','static/img/d1ba25cd-6349-44c3-b8de-f2f310f1a000.jpg'),(1684,'FULL','static/img/cb07b96e-034f-449f-9379-26bf6149bcda.jpg'),(1685,'CATALOG','static/img/60c3962d-45f9-47a1-b0ad-b81e247262a4.jpg'),(1685,'FULL','static/img/88d42535-1837-4ac0-ae27-53540c5b78b3.jpg'),(1686,'COVER','static/img/ff96e39c-30d4-4d38-9a3f-1e21520927c1.jpg'),(1686,'FULL','static/img/1d6b5eae-b38a-4cb0-9e32-e6911906a5c5.jpg'),(1687,'CATALOG','static/img/227312f9-1783-49de-9e56-706a7122fa11.jpg'),(1687,'FULL','static/img/22c1ebec-bedf-433c-ab1b-20eb4086de9a.jpg'),(1688,'COVER','static/img/63b06975-32ca-40dc-bd05-06fac96b497f.jpg'),(1688,'FULL','static/img/a7780021-d991-4494-94d1-404e35291f55.jpg'),(1689,'CATALOG','static/img/d52fe56d-ea13-4103-9624-8cd74ef71716.jpg'),(1689,'FULL','static/img/e8de1c88-e4e0-47db-bb91-6e965d654934.jpg'),(1690,'COVER','static/img/23b550ed-a8bb-47ab-a967-5b36e98be6a2.jpg'),(1690,'FULL','static/img/800c1235-8882-4d4b-a353-04e85dd993c0.jpg'),(1691,'CATALOG','static/img/0a91f056-4ed8-4c74-8ff3-69ab60a08ff5.jpg'),(1691,'FULL','static/img/29efc0ab-524c-42ef-8f85-3d4a5b3a3c7b.jpg'),(1692,'COVER','static/img/44be1343-2152-44cb-9d5d-e1a793e104d1.jpg'),(1692,'FULL','static/img/74ebb719-06e0-423d-9479-f155192e3848.jpg'),(1693,'CATALOG','static/img/24e0c7c2-61dc-4bd5-8e22-83c6b0b4db8a.jpg'),(1693,'FULL','static/img/87804141-b17b-4e93-b13c-db31d4c90b6c.jpg'),(1694,'COVER','static/img/e72b79fb-8c72-4243-875b-ce5ca161b75d.jpg'),(1694,'FULL','static/img/793990fa-090d-4b5e-a1c2-b44b55e780f9.jpg'),(1695,'CATALOG','static/img/3a964704-4e9c-4cd5-a7a8-2c0d964fe053.jpg'),(1695,'FULL','static/img/553cd059-c395-497a-a3a4-25a75caeec40.jpg'),(1696,'COVER','static/img/b5579bc5-e3f2-4049-8045-2aaa9c3119a0.jpg'),(1696,'FULL','static/img/2a06ee8b-c802-478b-82b9-05a2f1f073d3.jpg'),(1697,'CATALOG','static/img/183a932f-6746-4333-953f-1390af57a15f.jpg'),(1697,'FULL','static/img/fd7f0da5-78e3-4389-88af-f21bd2dd4d7c.jpg'),(1698,'CATALOG','static/img/3b335602-559d-4085-871d-5a193db84c1d.jpg'),(1698,'FULL','static/img/ca4d6201-2a1e-4dbe-9226-01aafb4ca69c.jpg'),(1699,'COVER','static/img/51cc0425-0014-43fd-9aae-4e36b43ecd81.jpg'),(1699,'FULL','static/img/87208f2c-2ee9-4c58-bd1e-a964ab58d8cc.jpg'),(1700,'CATALOG','static/img/0aca7be1-ab82-4b48-b298-aaab951473d3.jpg'),(1700,'FULL','static/img/374a3c4f-adb3-45cb-8c19-18646d82974d.jpg'),(1701,'CATALOG','static/img/682bd3fc-888f-437c-9cf0-1aad2ef75082.jpg'),(1701,'FULL','static/img/15190891-3d03-472d-a622-d010c3c2fa24.jpg'),(1702,'COVER','static/img/ee0f0a63-612b-4260-9fef-55b4b41d70e7.jpg'),(1702,'FULL','static/img/4cc9bde4-f763-4627-8fe4-37df071ebb21.jpg'),(1703,'CATALOG','static/img/89160bde-37b9-4507-b3e3-48e441f36310.jpg'),(1703,'FULL','static/img/2c4e6c7b-aa99-4907-a59b-6092cae6d0cb.jpg'),(1704,'COVER','static/img/18037749-aa6c-4837-8014-cf825a57e1f5.jpg'),(1704,'FULL','static/img/4c642dd4-1ffc-4cc8-8df2-45ca58f34f9b.jpg'),(1705,'CATALOG','static/img/be44ae31-613a-43e9-a317-65da681e3a42.jpg'),(1705,'FULL','static/img/09cb7a18-dfa0-4511-96fa-0d0dd1edff07.jpg'),(1706,'COVER','static/img/ba7d8eea-1334-4851-8463-090a0987b552.jpg'),(1706,'FULL','static/img/80e584cd-224c-47aa-9ed5-b2abc59834d9.jpg'),(1707,'CATALOG','static/img/615a09d1-0a28-4904-93e6-ac4dee00be1b.jpg'),(1707,'FULL','static/img/d18f76bf-f3c2-49a7-bf48-995adf7e40fe.jpg'),(1708,'COVER','static/img/b8b68959-06fa-43de-b82a-84bf5ebb35e1.jpg'),(1708,'FULL','static/img/e5b07c5a-d2b1-4825-b418-0f838514c303.jpg'),(1709,'CATALOG','static/img/716087ac-767b-439c-95c0-889175cdd5ca.jpg'),(1709,'FULL','static/img/a079739c-3df6-4692-9a4e-d398543a1e23.jpg'),(1710,'COVER','static/img/039bbd2d-5db0-41d3-b135-ab3f28e534c5.jpg'),(1710,'FULL','static/img/371d5b1f-b633-401c-a390-6668454122f8.jpg'),(1711,'CATALOG','static/img/118d74ca-ee99-40cf-a387-863b534c6acd.jpg'),(1711,'FULL','static/img/0b705b4b-451a-40c1-b48f-2af6dc3f792d.jpg'),(1712,'COVER','static/img/b6461299-a3db-4b83-b326-987396328874.jpg'),(1712,'FULL','static/img/ed895840-f3ea-4a72-88e4-fe6e20ed28bb.jpg'),(1713,'CATALOG','static/img/d84ffeba-df88-4623-b9dd-2c54bd59e930.jpg'),(1713,'FULL','static/img/a360d722-9ad3-40c2-8a7d-9f0f8558dbcd.jpg'),(1714,'COVER','static/img/bfea6c81-4f77-4a28-9156-0b2b76057ad5.jpg'),(1714,'FULL','static/img/312c6362-8090-4405-b1a1-21738d8e93e2.jpg'),(1715,'CATALOG','static/img/5eb5c3f6-6b54-4be7-80bd-74331422c9b6.jpg'),(1715,'FULL','static/img/36b21b93-3694-41c8-b70b-b924a2408591.jpg'),(1716,'COVER','static/img/52f367bb-4881-4322-979e-884699c31107.jpg'),(1716,'FULL','static/img/a1794312-654c-4b4b-9b3d-7d7871acf212.jpg'),(1717,'CATALOG','static/img/b5e287c7-16c6-41dd-a969-3bf4d322ce70.jpg'),(1717,'FULL','static/img/63e6c705-a953-4b2b-b84e-d4cb93839327.jpg'),(1718,'CATALOG','static/img/d3e8fd35-890f-4354-9c2b-06ee1a3f91ac.jpg'),(1718,'FULL','static/img/1c51a130-6ad3-4aea-974d-cf2ceb784604.jpg'),(1719,'COVER','static/img/10b7d0ab-e9b3-4c90-b01d-044e03f65661.jpg'),(1719,'FULL','static/img/2ebcdf50-b777-47de-97a4-771f13175ed2.jpg'),(1720,'CATALOG','static/img/312a99ae-dc18-42b6-9219-b054823384cf.jpg'),(1720,'FULL','static/img/a887551a-60e5-428a-8bdc-a76f24d4741d.jpg'),(1721,'CATALOG','static/img/ac842c90-b058-4dd7-8379-685849fd4eab.jpg'),(1721,'FULL','static/img/3081609e-8d92-493e-8c3f-987c50486c64.jpg'),(1722,'COVER','static/img/ee2a9a0b-a1e5-4564-9528-85ac30d74b00.jpg'),(1722,'FULL','static/img/1d478a95-929a-4c2d-93ad-52d26767cd89.jpg'),(1723,'CATALOG','static/img/dd06dbbf-eaef-48ae-a82f-7b7b18f74ddd.jpg'),(1723,'FULL','static/img/eb73a88d-10eb-48f4-bec4-48616474ea4a.jpg'),(1724,'COVER','static/img/d601e717-34fe-496b-a298-33be9e8ea52c.jpg'),(1724,'FULL','static/img/adfc0433-4335-4cc3-bab4-6d98af2d3d34.jpg'),(1725,'CATALOG','static/img/6e669e72-1dd0-461f-9953-662577c9f284.jpg'),(1725,'FULL','static/img/a4e3dc9f-0b78-4c75-86da-53bc97731c21.jpg'),(1726,'COVER','static/img/42d9aa93-900e-4d85-9060-9cee1f844dca.jpg'),(1726,'FULL','static/img/47ccaeeb-2c23-48ac-8314-fbe1ecde22b5.jpg'),(1727,'CATALOG','static/img/3eb18e4b-9627-4ba8-ae69-1a142f8849b3.jpg'),(1727,'FULL','static/img/8a6d642d-05a3-432d-b55b-117d5413ecef.jpg'),(1728,'COVER','static/img/65d6bb80-02a6-41c8-9af7-ba9f09375458.jpg'),(1728,'FULL','static/img/f2685075-34a4-4e3e-968a-19b48b2a3d17.jpg'),(1729,'CATALOG','static/img/a06151d7-23aa-4233-b394-6d06871100f4.jpg'),(1729,'FULL','static/img/196b2bc2-908f-443b-b737-2dea98b63afe.jpg'),(1730,'COVER','static/img/5ab647e7-0d47-4303-9805-6742fb1d5ad6.jpg'),(1730,'FULL','static/img/955147eb-d044-4841-9d23-80be36ceb3b3.jpg'),(1731,'CATALOG','static/img/a3ecdf5e-6a5c-4d9b-ba5c-f388407a1dcb.jpg'),(1731,'FULL','static/img/41ef554d-bff6-4876-af8a-d597040d3e9f.jpg'),(1732,'COVER','static/img/1b52a21f-3cf2-4498-bf56-7915184d6c5b.jpg'),(1732,'FULL','static/img/1a853363-e7fc-4460-9040-5dd816a7ac91.jpg'),(1733,'CATALOG','static/img/546b51c7-abf8-48be-a994-eb445fc41b61.jpg'),(1733,'FULL','static/img/e8125000-78ee-4a37-8035-746746fe1201.jpg'),(1734,'COVER','static/img/085c4ebd-e529-4aaf-80c5-af59dbfbec09.jpg'),(1734,'FULL','static/img/856f4429-2f42-46bf-8700-0f8bcccb432b.jpg'),(1735,'CATALOG','static/img/5eee6dd9-74de-4e09-b48b-8fd16ab0b00c.jpg'),(1735,'FULL','static/img/53dad8e4-93b8-4d1a-b345-0b33526ff42c.jpg'),(1736,'COVER','static/img/371ea15a-f03a-49cf-9506-6f2e4176aba9.jpg'),(1736,'FULL','static/img/40862b06-e51d-4ff2-80cf-8c65acfa4424.jpg'),(1737,'CATALOG','static/img/49adabaa-c8ec-4390-9bdd-46cdb8fbb902.jpg'),(1737,'FULL','static/img/62443a9e-c3c3-40f9-8147-dc8879e86582.jpg'),(1738,'COVER','static/img/ee4fc516-3cb7-4859-b98b-665906cc0803.jpg'),(1738,'FULL','static/img/ba510de2-6b83-4b9a-8737-c3db4b16be30.jpg'),(1739,'CATALOG','static/img/7630059d-b434-4d0d-9d11-5d20ca42ed8e.jpg'),(1739,'FULL','static/img/67119c60-bd41-4b90-a684-55acf7858b90.jpg'),(1740,'COVER','static/img/93e4996f-2651-4698-9f60-73d36918be1a.jpg'),(1740,'FULL','static/img/5603bd44-c1f3-45ed-93c4-22e780e57e6e.jpg'),(1741,'CATALOG','static/img/b0dee01b-7ebb-44c7-8bcc-ff5d3dd711a6.jpg'),(1741,'FULL','static/img/366fb216-92c5-439a-b826-062819c558ca.jpg'),(1742,'COVER','static/img/db97290b-c035-4799-8557-dda4404beb31.jpg'),(1742,'FULL','static/img/73d8c1ed-3ed1-4d20-9af1-d86a0ea5fe01.jpg'),(1743,'CATALOG','static/img/4f88d52a-46ee-4278-a5d3-8b6a9e2f3a33.jpg'),(1743,'FULL','static/img/7f0c06a5-f0de-4094-b45f-f202984ec82b.jpg'),(1744,'COVER','static/img/09c0e0af-b2d4-4cbf-94e1-b06eee170a08.jpg'),(1744,'FULL','static/img/6e00eeec-012c-47b0-a3dc-0d74f3786582.jpg'),(1745,'CATALOG','static/img/f3c2db80-5c4c-4010-a3a7-26df672d307a.jpg'),(1745,'FULL','static/img/347e620c-3ef9-4745-81ab-e9d8c0eb3934.jpg'),(1746,'COVER','static/img/81732b9f-edcd-4f4a-b328-196b2b36e284.jpg'),(1746,'FULL','static/img/cefa7b6a-772f-4ee6-8792-2aac3602374d.jpg'),(1747,'CATALOG','static/img/2bdcc45d-8806-4043-8a97-b246a2c3d489.jpg'),(1747,'FULL','static/img/f890f855-69fb-4cb1-826d-2e8547690436.jpg'),(1748,'COVER','static/img/f47beca2-ee77-4b91-ae93-a6cf8fe7ed6b.jpg'),(1748,'FULL','static/img/c5f60eab-4556-4b7d-ab27-2a2fa9e00489.jpg'),(1749,'CATALOG','static/img/fc4f1d00-d02f-42dd-9e06-61deb80cc22f.jpg'),(1749,'FULL','static/img/480efcd4-8de3-48f4-bec7-a8873f89d4bb.jpg'),(1750,'COVER','static/img/8ac4818f-de57-4624-a77c-8c6fd596c308.jpg'),(1750,'FULL','static/img/0ed95f42-871b-4118-b3b2-9d39cc344ade.jpg'),(1751,'CATALOG','static/img/c213d187-33b5-400c-956d-bd915049daf3.jpg'),(1751,'FULL','static/img/e0595eb7-cbd6-49a7-9d07-813f1a7ddc1c.jpg'),(1752,'COVER','static/img/114d374d-6ddc-4891-83a2-556f9982398e.jpg'),(1752,'FULL','static/img/960ee1c4-b4ce-4397-b473-cc75330b61a1.jpg'),(1753,'CATALOG','static/img/e78eec0a-e972-4cce-8073-89f2ce2d2353.jpg'),(1753,'FULL','static/img/6d9bdf79-43f4-4246-a08f-1d944f3a0a8c.jpg'),(1754,'COVER','static/img/09295d76-b286-4ae1-b453-f22b22681f43.jpg'),(1754,'FULL','static/img/f98dc9ad-837e-4a24-9c87-d8ed18c1f542.jpg'),(1755,'CATALOG','static/img/1617e350-952b-4bbd-bcdf-6d63db465597.jpg'),(1755,'FULL','static/img/c6273452-5a38-4c3b-9c72-57e711f81551.jpg'),(1756,'COVER','static/img/d32b6cb1-c658-4327-a456-dcb3793cd82b.jpg'),(1756,'FULL','static/img/63c562c5-b2ba-4baa-b966-ab18f32e133e.jpg'),(1757,'CATALOG','static/img/2c478eb0-b19d-4e98-933b-9a962562558e.jpg'),(1757,'FULL','static/img/214b36a9-b7dc-44dd-8f4c-ef27bab94912.jpg'),(1758,'CATALOG','static/img/ee98baa4-4dff-4172-842c-9b0b8266f443.jpg'),(1758,'FULL','static/img/28e90d55-d063-47f5-902d-0a650df85230.jpg'),(1759,'COVER','static/img/57f3e7aa-46b5-4200-abcb-f45344b9e388.jpg'),(1759,'FULL','static/img/7b9715a4-5e00-403e-9d5c-4564e0ce4fa2.jpg'),(1760,'CATALOG','static/img/82b309ad-f08f-496f-80be-22db2579789f.jpg'),(1760,'FULL','static/img/bf30b2d4-1da7-4c79-be7a-9bde7e35e684.jpg'),(1761,'CATALOG','static/img/7702b906-418a-48af-82bb-da7947b07ba0.jpg'),(1761,'FULL','static/img/47cb95ba-dd53-423d-b377-918ae1d55d1d.jpg'),(1762,'COVER','static/img/dff0e5f5-7e79-4b73-bf02-b60e6f728b1f.jpg'),(1762,'FULL','static/img/6931332c-cc59-45a0-97d4-7defcbff0b31.jpg'),(1763,'CATALOG','static/img/69c6a13e-1642-474e-b694-9c53629a2202.jpg'),(1763,'FULL','static/img/d9132cb4-9cc1-41d5-87ea-ad83c27bf1b0.jpg'),(1764,'COVER','static/img/34780e5a-cd37-45df-a6b7-e9b34f256304.jpg'),(1764,'FULL','static/img/70274110-f2a3-41e9-bb0a-aefff34d2285.jpg'),(1765,'CATALOG','static/img/266f2481-bd85-46b5-bd0b-2015ab41cdf5.jpg'),(1765,'FULL','static/img/d598a857-6936-4ea9-b685-4520e59139f5.jpg'),(1766,'COVER','static/img/72ea34e9-6b34-47e1-ac64-abc8ce3013da.jpg'),(1766,'FULL','static/img/ebfab83f-1960-440f-903a-c6436d41cc3c.jpg'),(1767,'CATALOG','static/img/3fcbefd6-a70e-402a-8f19-914eff40121d.jpg'),(1767,'FULL','static/img/f550099e-3180-42dc-82a5-46717beb1cb5.jpg'),(1768,'COVER','static/img/2031580b-cd15-4afd-bc53-efd822a6779c.jpg'),(1768,'FULL','static/img/5978e9b2-5a20-4f84-b87a-46d8f84d68bb.jpg'),(1769,'CATALOG','static/img/3575be49-d283-492e-a3f2-d7662c365690.jpg'),(1769,'FULL','static/img/dd107cf2-291d-44b0-8dca-d356b2685b33.jpg'),(1770,'CATALOG','static/img/5f7d14ef-fdfc-4056-8b0c-cc3bba46677a.jpg'),(1770,'FULL','static/img/44cfe21c-73d8-4948-b23b-653c6dc233b7.jpg'),(1771,'COVER','static/img/e3a5f986-8b08-4501-b617-c748d9a5a942.jpg'),(1771,'FULL','static/img/4d4b9095-99de-4724-91f9-06156f083d59.jpg'),(1772,'CATALOG','static/img/bd34cd9f-39f6-45dd-b924-ee8112828be4.jpg'),(1772,'FULL','static/img/3318da04-4082-47f7-8950-eb64e6c2852b.jpg'),(1773,'COVER','static/img/0755a46b-01da-42fd-b2d1-c7a104c6c05b.jpg'),(1773,'FULL','static/img/0b4d5a1b-19d3-48d8-922a-6fe93c514c58.jpg'),(1774,'CATALOG','static/img/7379ff90-4132-4596-b099-7b91de240e8f.jpg'),(1774,'FULL','static/img/59bdf09d-bfec-43d5-8dbf-be194368ec37.jpg'),(1775,'COVER','static/img/5ad265c2-4be9-427d-b344-e0d880a3129d.jpg'),(1775,'FULL','static/img/475f86eb-80f7-450b-8424-3319d678727e.jpg'),(1776,'CATALOG','static/img/c435ed5d-39e3-491f-ad81-608158e871af.jpg'),(1776,'FULL','static/img/46398e9c-efce-46e0-baba-e13bdb6c41b2.jpg'),(1777,'COVER','static/img/76db2032-9d04-4be4-8c92-1d44ac66cfee.jpg'),(1777,'FULL','static/img/a7b8ea41-98d6-47fe-b9ce-8fda03352344.jpg'),(1778,'CATALOG','static/img/d00f6ea0-1fe5-4e38-a1f3-a65bd51bf33b.jpg'),(1778,'FULL','static/img/f9585cd5-0443-43e6-9665-e577a95b823a.jpg'),(1779,'COVER','static/img/cf788c6d-670b-4888-82b9-f1a742f5ec9c.jpg'),(1779,'FULL','static/img/847d0310-db6d-49d0-b679-64772b657a4d.jpg'),(1780,'CATALOG','static/img/28a8cf8f-c795-4ea1-8340-c61966e5e33b.jpg'),(1780,'FULL','static/img/5d406fbd-4ab8-4bb0-b9eb-d35090d3d29c.jpg'),(1781,'CATALOG','static/img/fed194b4-6293-4a76-be3a-3e9857355bbd.jpg'),(1781,'FULL','static/img/cae2f79d-2c66-4f69-8109-26602b1960f2.jpg'),(1782,'COVER','static/img/8387725e-863d-4b34-9db4-c81f69c90c98.jpg'),(1782,'FULL','static/img/9d082bed-645e-4dee-85ed-8dce21cf7983.jpg'),(1783,'CATALOG','static/img/6624ae52-af90-4070-a0ac-d03be1afa503.jpg'),(1783,'FULL','static/img/4aa70565-26c7-4efd-8ca9-cc9400ebeeb2.jpg'),(1784,'COVER','static/img/43fa79c9-ceaa-4858-a77e-c7a1dd0cef52.jpg'),(1784,'FULL','static/img/2e30467a-1ae9-4e21-9329-0eb40118c344.jpg'),(1785,'CATALOG','static/img/44b28843-80c4-4444-a4c5-7c96d428c19c.jpg'),(1785,'FULL','static/img/5cfe974b-b940-4441-82fc-73ab6f8ebe43.jpg'),(1786,'COVER','static/img/7fa7b1cf-dc92-4d17-85b3-931c7a731d19.jpg'),(1786,'FULL','static/img/b4dd8af9-8806-4cfa-a6ea-a699a56e5cc4.jpg'),(1787,'CATALOG','static/img/0baaf9de-2019-4a7d-8f18-e8edc09815c1.jpg'),(1787,'FULL','static/img/2e2ef463-8f9c-4c67-8eca-9a74a680f672.jpg'),(1788,'COVER','static/img/19a2ddc6-5615-40c5-bd93-4d7e63e2e54e.jpg'),(1788,'FULL','static/img/bdef14d0-8537-4df8-ba5f-9241b54ab5f2.jpg'),(1789,'CATALOG','static/img/d12dba27-a2d9-4cad-9872-da004323a295.jpg'),(1789,'FULL','static/img/2e9159f2-de97-4deb-bc56-0cc53bd3b187.jpg'),(1790,'CATALOG','static/img/d840fb1b-ed72-4702-bd31-fb3c8fdc4f27.jpg'),(1790,'FULL','static/img/73146e9e-5cb3-4c80-b79a-7f2cbb228885.jpg'),(1791,'COVER','static/img/89b89e81-03cf-4595-8b3b-ff80981472c0.jpg'),(1791,'FULL','static/img/d58621d8-1d03-4000-8c17-beb1f8bf32de.jpg'),(1792,'CATALOG','static/img/749e3dbf-16fc-4d41-a5fd-4c607eff8c9c.jpg'),(1792,'FULL','static/img/37fd80f7-4d7b-4e32-84d1-6f80af34b627.jpg'),(1793,'COVER','static/img/0ceaca2b-9282-406f-9a82-748fc1d80085.jpg'),(1793,'FULL','static/img/313ee468-42e9-494f-b024-1f0a342ec2ee.jpg'),(1794,'CATALOG','static/img/17fd893f-4a07-46e9-a25a-a2aa2709a989.jpg'),(1794,'FULL','static/img/33e5a23a-4553-40ed-b32b-04a771f0774d.jpg'),(1795,'COVER','static/img/6c433eb4-8935-4101-a1d2-3a411677ed21.jpg'),(1795,'FULL','static/img/967c9091-c1fc-4a29-8f81-b741759b8198.jpg'),(1796,'CATALOG','static/img/52a0e073-6818-4aa8-9374-fde228f47b95.jpg'),(1796,'FULL','static/img/4fdaa34f-51b7-47db-93af-5f29621aa5d8.jpg'),(1797,'COVER','static/img/18f20f5f-09a9-4e89-9253-70b364925807.jpg'),(1797,'FULL','static/img/9a596660-95c6-45f2-b089-cd05c0ceff48.jpg'),(1798,'CATALOG','static/img/25ceb449-069b-453e-8cc8-047b77d602e7.jpg'),(1798,'FULL','static/img/d5987cbb-0620-4fb8-b000-b9732f3be764.jpg'),(1799,'COVER','static/img/9204c3f0-465b-4e91-adea-67c76b3aaf39.jpg'),(1799,'FULL','static/img/6124c558-b169-4dcf-a12f-b4838586a89c.jpg'),(1800,'CATALOG','static/img/a52fda9b-8609-4d27-9c16-ba5eb6358b82.jpg'),(1800,'FULL','static/img/c228ace3-cc51-4946-ab22-998e46ee7a01.jpg'),(1801,'COVER','static/img/0119cb45-ba7c-44b7-9999-8296a56c8b1d.jpg'),(1801,'FULL','static/img/f78e9b00-b9a1-497c-90e4-93f86e07b6e1.jpg'),(1802,'CATALOG','static/img/36424dba-f8f1-4fd6-9a1d-800da4c8b7c8.jpg'),(1802,'FULL','static/img/dd6c2f2b-4c39-4a99-b5eb-ac5afbd6913e.jpg'),(1803,'COVER','static/img/8cd21e5b-77fc-4e74-9b2b-d8d0121e7f96.jpg'),(1803,'FULL','static/img/ed40779e-5be6-4386-9bc8-4642e6dd2968.jpg'),(1804,'CATALOG','static/img/3713ae27-94e8-4004-8053-eb84b722bd94.jpg'),(1804,'FULL','static/img/78bd75a2-5898-45a0-8047-2e466b6a4d59.jpg'),(1805,'COVER','static/img/46683c7f-8e9d-4839-a6c2-f56d94d8ab34.jpg'),(1805,'FULL','static/img/d48f37ef-0604-445b-a515-ffb15aa2529c.jpg'),(1806,'CATALOG','static/img/70f94337-2212-43f4-8712-f3e940abc3f5.jpg'),(1806,'FULL','static/img/4e312923-416b-448f-861d-d717bf821f15.jpg'),(1807,'CATALOG','static/img/67bbbb82-f321-4b04-9e4e-40f047920cc1.jpg'),(1807,'FULL','static/img/9959d100-d88c-4a0d-8fc6-46d0edad4cb2.jpg'),(1808,'COVER','static/img/97df1f62-37e5-4136-bba3-9952962836bc.jpg'),(1808,'FULL','static/img/28626d39-9b9b-4308-80c6-18f0e942355c.jpg'),(1809,'CATALOG','static/img/865bc95b-049b-4643-8a9b-0f52fef09cf7.jpg'),(1809,'FULL','static/img/cf8b16d7-68fb-4700-a5d2-83fd404b4543.jpg'),(1810,'CATALOG','static/img/513217d9-6ac1-4f2b-818b-a7ce53e14af1.jpg'),(1810,'FULL','static/img/54bedb4f-10fb-44ba-bd85-97362de3817d.jpg'),(1811,'COVER','static/img/623bffe4-7772-4b1a-a9a2-7c583764dd95.jpg'),(1811,'FULL','static/img/e866feba-7ba3-4420-801a-eb8616223aad.jpg'),(1812,'CATALOG','static/img/cfd95fb3-0fde-496c-9e45-226ad988f722.jpg'),(1812,'FULL','static/img/61fcb1b1-43b8-4244-be6e-b6020639cbe4.jpg'),(1813,'COVER','static/img/983cd0ec-28c6-4803-a10e-a5459bedd22b.jpg'),(1813,'FULL','static/img/a44fde65-05a4-478f-876a-49d83cd8a503.jpg'),(1814,'CATALOG','static/img/3056dd6c-b751-4cbc-a398-83b0ac4a3d5d.jpg'),(1814,'FULL','static/img/2cba672c-da5a-48d5-a001-b366c3f4c738.jpg'),(1815,'COVER','static/img/76373af0-78e8-4ade-ace8-8de77cc50111.jpg'),(1815,'FULL','static/img/27d0fe5a-32ad-4312-8fae-5b409ecac6f4.jpg'),(1816,'CATALOG','static/img/7ce4cec7-41ae-4be2-b553-6113c2da985e.jpg'),(1816,'FULL','static/img/2b76ea62-548c-4d68-ba28-e2cca42b708f.jpg'),(1817,'COVER','static/img/740c55dc-a42e-4381-ab4b-176fd4a0453d.jpg'),(1817,'FULL','static/img/7ec0af29-f8b3-4fe8-8873-f7aa4c64a6f8.jpg'),(1818,'CATALOG','static/img/f439c66e-7f1c-4c6f-a612-3b53d3391a55.jpg'),(1818,'FULL','static/img/a1bd9298-f170-4e09-810c-8af06934b0aa.jpg'),(1819,'COVER','static/img/18953bb3-8404-413a-bb2e-4747739ee558.jpg'),(1819,'FULL','static/img/871d9331-8118-40a9-a996-4524d648dddc.jpg'),(1820,'CATALOG','static/img/99635b3b-c73c-495a-bba1-8ea235fc54bf.jpg'),(1820,'FULL','static/img/0c03311c-02a5-4eb0-97fb-a111da612ec2.jpg'),(1821,'CATALOG','static/img/a8a0f86d-e51e-4f5e-aba0-bf95dee912e3.jpg'),(1821,'FULL','static/img/0614e0f7-392c-47fc-ab76-3dd30aa699fa.jpg'),(1822,'COVER','static/img/247ecc98-ffe1-42af-b25b-ea9dabb6094f.jpg'),(1822,'FULL','static/img/1dcf597a-fb0b-41ac-aaa1-15a3ed24db77.jpg'),(1823,'CATALOG','static/img/f54c867a-d691-4271-83c7-4a4b44e26d6a.jpg'),(1823,'FULL','static/img/eb459643-fa2b-46e8-a403-816d6a25c9d9.jpg'),(1824,'COVER','static/img/053f58c7-1836-4c58-b82f-8a9430cff79e.jpg'),(1824,'FULL','static/img/6ff6dd6c-093c-4a92-9bbc-8210ee745aea.jpg'),(1825,'CATALOG','static/img/8bd8c71d-76e0-4fcd-b994-4a2d6fb620e0.jpg'),(1825,'FULL','static/img/f0412bdc-1784-42c8-9997-0631a01218a0.jpg'),(1826,'COVER','static/img/cbd63696-f96a-4af7-a1be-acbc64bac76d.jpg'),(1826,'FULL','static/img/17c8d538-bc58-4b7e-b88e-ecfc1c5d7dac.jpg'),(1827,'CATALOG','static/img/c54b7482-5e12-491e-8a71-0cd5100b6f58.jpg'),(1827,'FULL','static/img/0b6dcdac-7bd0-4eb2-b6e7-292e570c7e1d.jpg'),(1828,'COVER','static/img/33ebd364-3646-4ac0-9e54-d3d4736ac99c.jpg'),(1828,'FULL','static/img/ddcc357d-dee9-415b-858c-5b77794d3341.jpg'),(1829,'CATALOG','static/img/df368056-d881-4c3a-8922-07d26e1cbe2b.jpg'),(1829,'FULL','static/img/7b0dbe86-3371-4779-8a21-5688be82c2b5.jpg'),(1830,'CATALOG','static/img/d401e517-7e76-4320-a419-4a5976cfd7bf.jpg'),(1830,'FULL','static/img/66994fdc-8bf1-4d51-8c14-71b300dce7ad.jpg'),(1831,'COVER','static/img/b52aa443-00cd-41ae-8517-116afe675c7d.jpg'),(1831,'FULL','static/img/0ba6273f-aea6-49f0-be55-3b2cfe3cff35.jpg'),(1832,'CATALOG','static/img/83ce7a43-eddb-4a76-823f-fd3a0984ccc7.jpg'),(1832,'FULL','static/img/193f355d-23bc-467d-b437-ed463d4d7fcc.jpg'),(1833,'COVER','static/img/b0318a48-6cf1-45ea-be6b-aa2d09a28219.jpg'),(1833,'FULL','static/img/8e77e73f-2db7-4289-a4ab-4dd7bf55d45a.jpg'),(1834,'CATALOG','static/img/d4d3e58a-862a-40f3-80fc-d2189cbd1f0b.jpg'),(1834,'FULL','static/img/dcfc2ce1-a03a-404b-b4f0-4d5523a58b1c.jpg'),(1835,'COVER','static/img/2ce0f35b-95b9-4367-9b22-a3127d831f3d.jpg'),(1835,'FULL','static/img/0e040e0e-4dda-4c87-8f49-55d86f263d42.jpg'),(1836,'CATALOG','static/img/5dbb0b7c-ac6e-4beb-88b4-6d8a1427ce12.jpg'),(1836,'FULL','static/img/9a162103-3382-47bf-b4f8-d29b4a97dd05.jpg'),(1837,'COVER','static/img/6dc3b90f-b1ef-48b4-a4de-c1636cacd7c4.jpg'),(1837,'FULL','static/img/430bef0c-ad80-4e5e-9825-4fd804847809.jpg'),(1838,'CATALOG','static/img/a6f8003a-3a49-445a-a511-4a7100a5bfaf.jpg'),(1838,'FULL','static/img/a83852e8-abaa-47ea-82cc-4ca1827980a5.jpg'),(1839,'COVER','static/img/7bad6c1b-b6d7-4830-877a-b872e40b3ffb.jpg'),(1839,'FULL','static/img/a0e25596-a79d-4c93-b438-bcb146f2c364.jpg'),(3001,'CATALOG','static\\img\\8fff9881-4393-4431-aea5-3546246e9bd9'),(3001,'FULL','static\\img\\ac3c0f50-5fe1-42dd-8d38-4d25eb6be0f0'),(3001,'THUMBNAIL','static\\img\\ecac84d2-6805-4495-b304-b9ace48e84f6'),(3021,'CATALOG','static\\img\\f57acd3d-ea0c-4693-b0e3-664421c78ad2'),(3021,'FULL','static\\img\\eca5667a-4520-42cc-bc3c-d1f32910a5db'),(3021,'THUMBNAIL','static\\img\\96e7d872-eac4-4caa-93e0-8963c34878f8'),(3041,'CATALOG','static\\img\\6279ff4b-278b-4b4c-b29f-33d5f5705717'),(3041,'FULL','static\\img\\885329c5-bb40-47ba-81f6-9d4ca8599661'),(3041,'THUMBNAIL','static\\img\\477e1d7a-baa6-419c-b036-72a722c3f90d'),(3043,'FULL','static\\img\\0b991d22-7bee-46ab-9d13-30dd0f9d71fb'),(3043,'THUMBNAIL','static\\img\\faf8a698-bcc6-4ef1-a6af-b10320122782'),(3069,'CATALOG','static\\img\\fff3c90a-ebd4-4439-b93a-24ac388d7a7f'),(3069,'FULL','static\\img\\413e6bf0-34fc-4175-ab37-6a42a45b4578'),(3069,'THUMBNAIL','static\\img\\5918a22e-bc6c-4e99-a594-7106b21f9f0a'),(3101,'CATALOG','static\\img\\71a27035-a09f-4d1e-9df5-92060dac98ba'),(3101,'FULL','static\\img\\c68913ef-8d41-4afb-9ab4-8e73a225fdc6'),(3101,'THUMBNAIL','static\\img\\4320e861-76b3-4ef6-87cc-a4cdafa1e4b3'),(3115,'CATALOG','static\\img\\2906fbe6-c2ee-4c19-8531-f2e238d3d5ad'),(3115,'FULL','static\\img\\909f19ab-55c5-431e-a294-54e7570e0ed2'),(3115,'THUMBNAIL','static\\img\\ab4699e9-e570-4910-ba48-4bd50edb4858'),(3141,'CATALOG','static\\img\\83e56d28-9fc6-4f22-9bec-d686130f11e2'),(3141,'FULL','static\\img\\86a76e9f-bce3-4c29-8307-607448d56d8f'),(3141,'THUMBNAIL','static\\img\\797c8596-eb31-4da9-af55-806e69bb614d'),(3212,'CATALOG','static\\img\\dc07587b-2446-4efb-b043-9d83d1c005c9'),(3212,'FULL','static\\img\\27207683-1966-4cf3-875e-7ca74771ab77'),(3212,'THUMBNAIL','static\\img\\8f8722a8-f7df-4d6e-96cf-e543369f2535'),(3244,'CATALOG','static\\img\\faefb2a4-bd25-4fa4-866d-6b8937a331c1'),(3244,'FULL','static\\img\\9e3d4dea-520c-4265-bc18-24d0800cf1cf'),(3244,'THUMBNAIL','static\\img\\207797b3-fee9-4f5d-bebb-6b0990871bb7'),(3278,'CATALOG','static\\img\\82cb1e00-fdce-4987-aef1-90d95cfaf5c1'),(3278,'FULL','static\\img\\e6848998-6934-4187-b19a-73f88d06c5bb'),(3278,'THUMBNAIL','static\\img\\4a575903-7cb7-4a50-820e-8f484c4250ce'),(3280,'CATALOG','static\\img\\47705aca-0d58-4a6e-8c05-c3472d77a3d8'),(3280,'COVER','static\\img\\5458c094-99a3-4e15-bc1a-4fab47177e3b'),(3280,'FULL','static\\img\\a79cb740-3f57-4824-9a5e-a2ee4b0b37f6'),(3280,'PRIMARY','static\\img\\3ae718f9-8142-4767-9c1a-09559f381483'),(3280,'THUMBNAIL','static\\img\\495fdb09-6a7d-4ac2-b2d6-b8c0c4c27bd3'),(3286,'CATALOG','static\\img\\078d4a4c-0658-43dc-ae61-f5ddeb3494c5'),(3286,'COVER','static\\img\\6b615f45-36be-4336-ab26-f1ed9e9234af'),(3286,'FULL','static\\img\\436748fb-f837-42a3-821e-6f4d7fd763d6'),(3286,'PRIMARY','static\\img\\6a231573-5744-407f-9363-62e28241c029'),(3286,'THUMBNAIL','static\\img\\353a72fd-946e-4b29-b9e6-9a7c90fa9153'),(3289,'CATALOG','static\\img\\ac505027-d354-4276-bb94-3a2c992e5919'),(3289,'FULL','static\\img\\cb0f5ece-f48b-49cb-bc67-df00712f612c'),(3289,'THUMBNAIL','static\\img\\d1624197-b935-4575-8eaa-d817878cff8d'),(3310,'CATALOG','static\\img\\e298545b-0dfb-4502-a08a-4e3702f96f92'),(3310,'FULL','static\\img\\9b12555e-cbe6-4cc9-8848-115e3b9bd580'),(3310,'THUMBNAIL','static\\img\\99cdba17-94d7-4448-8418-75acd275bf11'),(3395,'CATALOG','static\\img\\c59736ab-c495-43f6-9ac0-65768b1c304d'),(3395,'FULL','static\\img\\51b894eb-19f5-4304-a7b3-3fea5eef8512'),(3395,'THUMBNAIL','static\\img\\16e40f4a-ad3a-448c-bad7-a5d943891911'),(3410,'CATALOG','static\\img\\44126823-48e8-467c-949c-0f5556db7790'),(3410,'FULL','static\\img\\426ec8b2-ad3a-494d-b18f-95c01dac2eca'),(3410,'THUMBNAIL','static\\img\\cd06425f-b4f6-45cb-80c8-1e4c02511e98'),(3457,'CATALOG','static\\img\\30f03cc2-87ee-4cc4-9ed9-18902700ae5a'),(3457,'FULL','static\\img\\e74ada0d-2c8a-4347-a7af-3b78313563bf'),(3457,'THUMBNAIL','static\\img\\2d2f27df-8b75-41c9-9900-d7357d7b4b19'),(3490,'CATALOG','static\\img\\f1ba4e0a-be58-483c-af4b-70f32a95c6a2'),(3490,'FULL','static\\img\\90d2fbdc-dc57-420a-9808-7ec0f8d5297d'),(3490,'THUMBNAIL','static\\img\\7c0ebc54-f6cb-4a53-8889-790337aaafc6');
/*!40000 ALTER TABLE `image_sizes` ENABLE KEYS */;
UNLOCK TABLES;

--
-- Table structure for table `label`
--

DROP TABLE IF EXISTS `label`;
/*!40101 SET @saved_cs_client     = @@character_set_client */;
/*!40101 SET character_set_client = utf8 */;
CREATE TABLE `label` (
  `id` int(11) NOT NULL AUTO_INCREMENT,
  `mbid` char(36) NOT NULL,
  `name` varchar(255) NOT NULL,
  `address_id` int(11) NOT NULL,
  `owner_id` int(11) DEFAULT NULL,
  PRIMARY KEY (`id`),
  KEY `address_id` (`address_id`),
  KEY `owner_id` (`owner_id`),
  CONSTRAINT `label_ibfk_1` FOREIGN KEY (`address_id`) REFERENCES `address` (`id`),
  CONSTRAINT `label_ibfk_2` FOREIGN KEY (`owner_id`) REFERENCES `label_owner` (`id`)
) ENGINE=InnoDB AUTO_INCREMENT=6 DEFAULT CHARSET=utf8;
/*!40101 SET character_set_client = @saved_cs_client */;

--
-- Dumping data for table `label`
--

LOCK TABLES `label` WRITE;
/*!40000 ALTER TABLE `label` DISABLE KEYS */;
INSERT INTO `label` VALUES (1,'1ca5ed29-e00b-4ea5-b817-0bcca0e04946','RCA',1,NULL),(2,'011d1192-6f65-45bd-85c4-0400dd45693e','Columbia',2,NULL),(3,'8f638ddb-131a-4cc3-b3d4-7ebdac201b55','Epic',3,NULL),(4,'c595c289-47ce-4fba-b999-b87503e8cb71','Warner Bros.',4,NULL),(5,'50c384a2-0b44-401b-b893-8181173339c7','Atlantic',5,NULL);
/*!40000 ALTER TABLE `label` ENABLE KEYS */;
UNLOCK TABLES;

--
-- Table structure for table `label_owner`
--

DROP TABLE IF EXISTS `label_owner`;
/*!40101 SET @saved_cs_client     = @@character_set_client */;
/*!40101 SET character_set_client = utf8 */;
CREATE TABLE `label_owner` (
  `id` int(11) NOT NULL,
  PRIMARY KEY (`id`),
  CONSTRAINT `label_owner_ibfk_1` FOREIGN KEY (`id`) REFERENCES `user` (`id`)
) ENGINE=InnoDB DEFAULT CHARSET=utf8;
/*!40101 SET character_set_client = @saved_cs_client */;

--
-- Dumping data for table `label_owner`
--

LOCK TABLES `label_owner` WRITE;
/*!40000 ALTER TABLE `label_owner` DISABLE KEYS */;
/*!40000 ALTER TABLE `label_owner` ENABLE KEYS */;
UNLOCK TABLES;

--
-- Table structure for table `label_song`
--

DROP TABLE IF EXISTS `label_song`;
/*!40101 SET @saved_cs_client     = @@character_set_client */;
/*!40101 SET character_set_client = utf8 */;
CREATE TABLE `label_song` (
  `label_id` int(11) NOT NULL,
  `song_id` int(11) NOT NULL,
  PRIMARY KEY (`label_id`,`song_id`),
  UNIQUE KEY `song_id` (`song_id`),
  CONSTRAINT `label_song_ibfk_1` FOREIGN KEY (`label_id`) REFERENCES `label` (`id`),
  CONSTRAINT `label_song_ibfk_2` FOREIGN KEY (`song_id`) REFERENCES `song` (`id`)
) ENGINE=InnoDB DEFAULT CHARSET=utf8;
/*!40101 SET character_set_client = @saved_cs_client */;

--
-- Dumping data for table `label_song`
--

LOCK TABLES `label_song` WRITE;
/*!40000 ALTER TABLE `label_song` DISABLE KEYS */;
INSERT INTO `label_song` VALUES (1,1),(1,2),(1,3),(1,4),(1,5),(1,6),(1,7),(1,8),(1,9),(1,10),(1,11),(1,12),(1,13),(1,14),(1,15),(1,16),(1,17),(1,18),(1,19),(1,20),(1,21),(1,22),(1,23),(1,24),(1,25),(1,26),(1,27),(1,28),(1,29),(1,30),(1,31),(1,32),(1,33),(1,34),(1,35),(1,36),(1,37),(1,38),(1,39),(1,40),(1,41),(1,42),(1,43),(1,44),(1,45),(1,46),(1,47),(1,48),(1,49),(1,50),(1,51),(1,52),(1,53),(1,54),(1,55),(1,56),(1,57),(1,58),(1,59),(1,60),(1,61),(1,62),(1,63),(1,64),(1,65),(1,66),(1,67),(1,68),(1,69),(1,70),(1,71),(1,72),(1,73),(1,74),(1,75),(1,76),(1,77),(1,78),(1,79),(1,80),(1,81),(1,82),(1,83),(1,84),(1,85),(1,86),(1,87),(1,88),(1,89),(1,90),(1,91),(1,92),(1,93),(1,94),(1,95),(1,96),(1,97),(1,98),(1,99),(1,100),(1,101),(1,102),(1,103),(1,104),(1,105),(1,106),(1,107),(1,108),(1,109),(1,110),(1,111),(1,112),(1,113),(1,114),(1,115),(1,116),(1,117),(1,118),(1,119),(1,120),(1,121),(1,122),(1,123),(1,124),(1,125),(1,126),(1,127),(1,128),(1,129),(1,130),(1,131),(1,132),(1,133),(1,134),(1,135),(1,136),(1,137),(1,138),(1,139),(1,140),(1,141),(1,142),(1,143),(1,144),(1,145),(1,146),(1,147),(1,148),(1,149),(1,150),(1,151),(1,152),(1,153),(1,154),(1,155),(1,156),(1,157),(1,158),(1,159),(1,160),(1,161),(1,162),(1,163),(1,164),(1,165),(1,166),(1,167),(1,168),(1,169),(1,170),(1,171),(1,172),(1,173),(1,174),(1,175),(1,176),(1,177),(1,178),(1,179),(1,180),(1,181),(1,182),(1,183),(1,184),(1,185),(1,186),(1,187),(1,188),(1,189),(1,190),(1,191),(1,192),(1,193),(1,194),(1,195),(1,196),(2,197),(2,198),(2,199),(2,200),(2,201),(2,202),(2,203),(2,204),(2,205),(2,206),(2,207),(2,208),(2,209),(2,210),(2,211),(2,212),(2,213),(2,214),(2,215),(2,216),(2,217),(2,218),(2,219),(2,220),(2,221),(2,222),(2,223),(2,224),(2,225),(2,226),(2,227),(2,228),(2,229),(2,230),(2,231),(2,232),(2,233),(2,234),(2,235),(2,236),(2,237),(2,238),(2,239),(2,240),(2,241),(2,242),(2,243),(2,244),(2,245),(2,246),(2,247),(2,248),(2,249),(2,250),(2,251),(2,252),(2,253),(2,254),(2,255),(2,256),(2,257),(2,258),(2,259),(2,260),(2,261),(2,262),(2,263),(2,264),(2,265),(2,266),(2,267),(2,268),(2,269),(2,270),(2,271),(2,272),(2,273),(2,274),(2,275),(2,276),(2,277),(2,278),(2,279),(2,280),(2,281),(2,282),(2,283),(2,284),(2,285),(2,286),(2,287),(2,288),(2,289),(2,290),(2,291),(2,292),(2,293),(2,294),(2,295),(2,296),(2,297),(2,298),(2,299),(2,300),(2,301),(2,302),(2,303),(2,304),(2,305),(2,306),(2,307),(2,308),(2,309),(2,310),(2,311),(2,312),(2,313),(2,314),(2,315),(2,316),(2,317),(2,318),(2,319),(2,320),(2,321),(2,322),(2,323),(2,324),(2,325),(2,326),(2,327),(2,328),(2,329),(2,330),(2,331),(2,332),(2,333),(2,334),(2,335),(2,336),(2,337),(2,338),(2,339),(2,340),(2,341),(2,342),(2,343),(2,344),(2,345),(2,346),(2,347),(2,348),(2,349),(2,350),(2,351),(2,352),(2,353),(2,354),(2,355),(3,356),(3,357),(3,358),(3,359),(3,360),(3,361),(3,362),(3,363),(3,364),(3,365),(3,366),(3,367),(3,368),(3,369),(3,370),(3,371),(3,372),(3,373),(3,374),(3,375),(3,376),(3,377),(3,378),(3,379),(3,380),(3,381),(3,382),(3,383),(3,384),(3,385),(3,386),(3,387),(3,388),(3,389),(3,390),(3,391),(3,392),(3,393),(3,394),(3,395),(3,396),(3,397),(3,398),(3,399),(3,400),(3,401),(3,402),(3,403),(3,404),(3,405),(3,406),(3,407),(3,408),(3,409),(3,410),(3,411),(3,412),(3,413),(3,414),(3,415),(3,416),(3,417),(3,418),(3,419),(3,420),(3,421),(3,422),(3,423),(3,424),(3,425),(3,426),(3,427),(3,428),(3,429),(3,430),(3,431),(3,432),(3,433),(3,434),(3,435),(3,436),(3,437),(3,438),(3,439),(3,440),(3,441),(3,442),(3,443),(3,444),(3,445),(3,446),(3,447),(3,448),(3,449),(3,450),(3,451),(3,452),(3,453),(3,454),(3,455),(3,456),(3,457),(3,458),(3,459),(3,460),(3,461),(3,462),(3,463),(3,464),(3,465),(3,466),(3,467),(3,468),(3,469),(3,470),(3,471),(3,472),(3,473),(3,474),(3,475),(3,476),(3,477),(3,478),(3,479),(3,480),(3,481),(3,482),(3,483),(3,484),(3,485),(3,486),(3,487),(3,488),(3,489),(3,490),(4,491),(4,492),(4,493),(4,494),(4,495),(4,496),(4,497),(4,498),(4,499),(4,500),(4,501),(4,502),(4,503),(4,504),(4,505),(4,506),(4,507),(4,508),(4,509),(4,510),(4,511),(4,512),(4,513),(4,514),(4,515),(4,516),(4,517),(4,518),(4,519),(4,520),(4,521),(4,522),(4,523),(4,524),(4,525),(4,526),(4,527),(4,528),(4,529),(4,530),(4,531),(4,532),(4,533),(4,534),(4,535),(4,536),(4,537),(4,538),(4,539),(4,540),(4,541),(4,542),(4,543),(4,544),(4,545),(4,546),(4,547),(4,548),(4,549),(4,550),(4,551),(4,552),(4,553),(4,554),(4,555),(4,556),(4,557),(4,558),(4,559),(4,560),(4,561),(4,562),(4,563),(4,564),(4,565),(4,566),(4,567),(4,568),(4,569),(4,570),(4,571),(4,572),(4,573),(4,574),(4,575),(4,576),(4,577),(4,578),(4,579),(4,580),(4,581),(4,582),(4,583),(4,584),(4,585),(4,586),(4,587),(4,588),(4,589),(4,590),(4,591),(4,592),(4,593),(4,594),(4,595),(4,596),(4,597),(4,598),(4,599),(4,600),(4,601),(4,602),(4,603),(4,604),(4,605),(4,606),(4,607),(4,608),(4,609),(4,610),(4,611),(4,612),(4,613),(4,614),(4,615),(4,616),(4,617),(4,618),(4,619),(4,620),(4,621),(4,622),(4,623),(4,624),(4,625),(4,626),(4,627),(4,628),(4,629),(4,630),(4,631),(4,632),(4,633),(4,634),(4,635),(4,636),(4,637),(4,638),(4,639),(4,640),(4,641),(4,642),(4,643),(4,644),(4,645),(4,646),(4,647),(4,648),(4,649),(5,650),(5,651),(5,652),(5,653),(5,654),(5,655),(5,656),(5,657),(5,658),(5,659),(5,660),(5,661),(5,662),(5,663),(5,664),(5,665),(5,666),(5,667),(5,668),(5,669),(5,670),(5,671),(5,672),(5,673),(5,674),(5,675),(5,676),(5,677),(5,678),(5,679),(5,680),(5,681),(5,682),(5,683),(5,684),(5,685),(5,686),(5,687),(5,688),(5,689),(5,690),(5,691),(5,692),(5,693),(5,694),(5,695),(5,696),(5,697),(5,698),(5,699),(5,700),(5,701),(5,702),(5,703),(5,704),(5,705),(5,706),(5,707),(5,708),(5,709),(5,710),(5,711),(5,712),(5,713),(5,714),(5,715),(5,716),(5,717),(5,718),(5,719),(5,720),(5,721),(5,722),(5,723),(5,724),(5,725),(5,726),(5,727),(5,728),(5,729),(5,730),(5,731),(5,732),(5,733),(5,734),(5,735),(5,736),(5,737),(5,738),(5,739),(5,740),(5,741),(5,742),(5,743),(5,744),(5,745),(5,746),(5,747),(5,748),(5,749),(5,750),(5,751),(5,752),(5,753),(5,754),(5,755),(5,756),(5,757),(5,758),(5,759),(5,760),(5,761),(5,762),(5,763),(5,764),(5,765),(5,766),(5,767),(5,768),(5,769),(5,770),(5,771),(5,772),(5,773),(5,774),(5,775),(5,776),(5,777),(5,778),(5,779),(5,780),(5,781),(5,782),(5,783),(5,784),(5,785),(5,786),(5,787),(5,788),(5,789),(5,790),(5,791),(5,792),(5,793),(5,794),(5,795),(5,796),(5,797),(5,798),(5,799),(5,800),(5,801),(5,802),(5,803),(5,804),(5,805),(5,806),(5,807),(5,808),(5,809),(5,810),(5,811),(5,812),(5,813),(5,814),(5,815),(5,816),(5,817),(5,818),(5,819),(5,820),(5,821),(5,822),(5,823),(5,824),(5,825),(5,826),(5,827),(5,828),(5,829),(5,830),(5,831),(5,832),(5,833),(5,834),(5,835),(5,836),(5,837),(5,838),(5,839),(5,840),(5,841),(5,842),(5,843),(5,844),(5,845),(5,846),(5,847),(5,848),(5,849);
/*!40000 ALTER TABLE `label_song` ENABLE KEYS */;
UNLOCK TABLES;

--
-- Table structure for table `payment`
--

DROP TABLE IF EXISTS `payment`;
/*!40101 SET @saved_cs_client     = @@character_set_client */;
/*!40101 SET character_set_client = utf8 */;
CREATE TABLE `payment` (
  `id` int(11) NOT NULL AUTO_INCREMENT,
  `amount` decimal(10,2) NOT NULL,
  `status` varchar(255) NOT NULL DEFAULT 'PENDING_PAYMENT',
  `payee_id` int(11) NOT NULL,
  `period_id` int(11) NOT NULL,
  PRIMARY KEY (`id`),
  KEY `FKs6fue04dwm42nhkb9ivrdlfp4` (`payee_id`),
  KEY `period_id` (`period_id`),
  CONSTRAINT `payment_ibfk_2` FOREIGN KEY (`period_id`) REFERENCES `payment_period` (`id`),
  CONSTRAINT `payment_ibfk_3` FOREIGN KEY (`payee_id`) REFERENCES `label` (`id`)
) ENGINE=InnoDB AUTO_INCREMENT=3489 DEFAULT CHARSET=utf8;
/*!40101 SET character_set_client = @saved_cs_client */;

--
-- Dumping data for table `payment`
--

LOCK TABLES `payment` WRITE;
/*!40000 ALTER TABLE `payment` DISABLE KEYS */;
INSERT INTO `payment` VALUES (851,1000.00,'PAID',1,850),(864,1000.00,'PAID',1,863),(927,1000.00,'PAID',1,926),(959,1000.00,'PAID',1,958),(991,1000.00,'PAID',1,990),(1023,1000.00,'PAID',1,1022),(1723,1000.00,'PAID',1,1722),(2060,1000.00,'PENDING_PAYMENT',1,2059),(2072,1000.00,'PAID',1,2071),(2074,1000.00,'PAID',1,2073),(2086,1000.00,'PAID',1,2085),(2098,1000.00,'PAID',1,2097),(2110,1000.00,'PAID',1,2109),(2122,1000.00,'PAID',1,2121),(2134,1000.00,'PAID',1,2133),(2146,1000.00,'PAID',1,2145),(2158,1000.00,'PAID',1,2157),(2170,1000.00,'PAID',1,2169),(2182,1000.00,'PAID',1,2181),(2194,1000.00,'PAID',1,2193),(2206,1000.00,'PAID',1,2205),(2219,1000.00,'PAID',1,2218),(3019,1000.00,'PAID',1,3018),(3046,1000.00,'PENDING_PAYMENT',1,3045),(3049,1000.00,'PENDING_PAYMENT',1,3048),(3067,1000.00,'PAID',1,3066),(3099,1000.00,'PAID',1,3098),(3139,1000.00,'PAID',1,3138),(3180,1000.00,'PAID',1,3179),(3210,1000.00,'PAID',1,3209),(3242,1000.00,'PAID',1,3241),(3308,1000.00,'PAID',1,3307),(3381,1000.00,'PAID',1,3380),(3393,1000.00,'PAID',1,3392),(3408,1000.00,'PAID',1,3407),(3455,1000.00,'PAID',1,3454),(3488,1000.00,'PAID',1,3487);
/*!40000 ALTER TABLE `payment` ENABLE KEYS */;
UNLOCK TABLES;

--
-- Table structure for table `payment_period`
--

DROP TABLE IF EXISTS `payment_period`;
/*!40101 SET @saved_cs_client     = @@character_set_client */;
/*!40101 SET character_set_client = utf8 */;
CREATE TABLE `payment_period` (
  `id` int(11) NOT NULL AUTO_INCREMENT,
  `name` varchar(255) NOT NULL,
  `start` datetime NOT NULL,
  `end` datetime NOT NULL,
  PRIMARY KEY (`id`)
) ENGINE=InnoDB AUTO_INCREMENT=3488 DEFAULT CHARSET=utf8;
/*!40101 SET character_set_client = @saved_cs_client */;

--
-- Dumping data for table `payment_period`
--

LOCK TABLES `payment_period` WRITE;
/*!40000 ALTER TABLE `payment_period` DISABLE KEYS */;
INSERT INTO `payment_period` VALUES (850,'Q1 2017','2017-01-01 00:00:00','2017-03-31 00:00:00'),(863,'Q1 2017','2017-01-01 00:00:00','2017-03-31 00:00:00'),(926,'Q1 2017','2017-01-01 00:00:00','2017-03-31 00:00:00'),(958,'Q1 2017','2017-01-01 00:00:00','2017-03-31 00:00:00'),(990,'Q1 2017','2017-01-01 00:00:00','2017-03-31 00:00:00'),(1022,'Q1 2017','2017-01-01 00:00:00','2017-03-31 00:00:00'),(1722,'Q1 2017','2017-01-01 00:00:00','2017-03-31 00:00:00'),(2059,'Example Loan','2017-11-25 15:43:09','2017-11-25 15:43:09'),(2071,'Q1 2017','2017-01-01 00:00:00','2017-03-31 00:00:00'),(2073,'Q1 2017','2017-01-01 00:00:00','2017-03-31 00:00:00'),(2085,'Q1 2017','2017-01-01 00:00:00','2017-03-31 00:00:00'),(2097,'Q1 2017','2017-01-01 00:00:00','2017-03-31 00:00:00'),(2109,'Q1 2017','2017-01-01 00:00:00','2017-03-31 00:00:00'),(2121,'Q1 2017','2017-01-01 00:00:00','2017-03-31 00:00:00'),(2133,'Q1 2017','2017-01-01 00:00:00','2017-03-31 00:00:00'),(2145,'Q1 2017','2017-01-01 00:00:00','2017-03-31 00:00:00'),(2157,'Q1 2017','2017-01-01 00:00:00','2017-03-31 00:00:00'),(2169,'Q1 2017','2017-01-01 00:00:00','2017-03-31 00:00:00'),(2181,'Q1 2017','2017-01-01 00:00:00','2017-03-31 00:00:00'),(2193,'Q1 2017','2017-01-01 00:00:00','2017-03-31 00:00:00'),(2205,'Q1 2017','2017-01-01 00:00:00','2017-03-31 00:00:00'),(2218,'Q1 2017','2017-01-01 00:00:00','2017-03-31 00:00:00'),(3018,'Q1 2017','2017-01-01 00:00:00','2017-03-31 00:00:00'),(3045,'Q1 2017','2017-01-01 00:00:00','2017-03-31 00:00:00'),(3048,'Q1 2017','2017-01-01 00:00:00','2017-03-31 00:00:00'),(3066,'Q1 2017','2017-01-01 00:00:00','2017-03-31 00:00:00'),(3098,'Q1 2017','2017-01-01 00:00:00','2017-03-31 00:00:00'),(3138,'Q1 2017','2017-01-01 00:00:00','2017-03-31 00:00:00'),(3179,'Q1 2017','2017-01-01 00:00:00','2017-03-31 00:00:00'),(3209,'Q1 2017','2017-01-01 00:00:00','2017-03-31 00:00:00'),(3241,'Q1 2017','2017-01-01 00:00:00','2017-03-31 00:00:00'),(3307,'Q1 2017','2017-01-01 00:00:00','2017-03-31 00:00:00'),(3380,'Q1 2017','2017-01-01 00:00:00','2017-03-31 00:00:00'),(3392,'Q1 2017','2017-01-01 00:00:00','2017-03-31 00:00:00'),(3407,'Q1 2017','2017-01-01 00:00:00','2017-03-31 00:00:00'),(3454,'Q1 2017','2017-01-01 00:00:00','2017-03-31 00:00:00'),(3487,'Q1 2017','2017-01-01 00:00:00','2017-03-31 00:00:00');
/*!40000 ALTER TABLE `payment_period` ENABLE KEYS */;
UNLOCK TABLES;

--
-- Table structure for table `play_queue`
--

DROP TABLE IF EXISTS `play_queue`;
/*!40101 SET @saved_cs_client     = @@character_set_client */;
/*!40101 SET character_set_client = utf8 */;
CREATE TABLE `play_queue` (
  `id` int(11) NOT NULL AUTO_INCREMENT,
  PRIMARY KEY (`id`)
) ENGINE=InnoDB AUTO_INCREMENT=3503 DEFAULT CHARSET=utf8;
/*!40101 SET character_set_client = @saved_cs_client */;

--
-- Dumping data for table `play_queue`
--

LOCK TABLES `play_queue` WRITE;
/*!40000 ALTER TABLE `play_queue` DISABLE KEYS */;
INSERT INTO `play_queue` VALUES (1),(2),(3),(855),(858),(862),(871),(874),(878),(881),(884),(934),(937),(941),(966),(969),(973),(998),(1001),(1005),(1030),(1033),(1037),(1730),(1733),(1737),(2001),(2004),(2008),(2011),(2014),(2018),(2021),(2024),(2028),(2031),(2034),(2038),(2041),(2044),(2048),(2051),(2054),(2058),(2063),(2066),(2070),(2077),(2080),(2084),(2089),(2092),(2096),(2101),(2104),(2108),(2113),(2116),(2120),(2125),(2128),(2132),(2137),(2140),(2144),(2149),(2152),(2156),(2161),(2164),(2168),(2173),(2176),(2180),(2185),(2188),(2192),(2197),(2200),(2204),(2209),(2212),(2216),(2223),(2226),(2230),(3026),(3029),(3033),(3074),(3077),(3081),(3106),(3109),(3113),(3146),(3149),(3153),(3185),(3188),(3192),(3217),(3220),(3224),(3249),(3252),(3256),(3315),(3318),(3322),(3384),(3387),(3391),(3399),(3402),(3406),(3414),(3417),(3421),(3462),(3465),(3469),(3495),(3498),(3502);
/*!40000 ALTER TABLE `play_queue` ENABLE KEYS */;
UNLOCK TABLES;

--
-- Table structure for table `play_queue_songs`
--

DROP TABLE IF EXISTS `play_queue_songs`;
/*!40101 SET @saved_cs_client     = @@character_set_client */;
/*!40101 SET character_set_client = utf8 */;
CREATE TABLE `play_queue_songs` (
  `play_queue_id` int(11) NOT NULL,
  `song_id` int(11) NOT NULL,
  KEY `play_queue_id` (`play_queue_id`),
  KEY `song_id` (`song_id`),
  CONSTRAINT `play_queue_songs_ibfk_1` FOREIGN KEY (`play_queue_id`) REFERENCES `play_queue` (`id`),
  CONSTRAINT `play_queue_songs_ibfk_2` FOREIGN KEY (`song_id`) REFERENCES `song` (`id`)
) ENGINE=InnoDB DEFAULT CHARSET=utf8;
/*!40101 SET character_set_client = @saved_cs_client */;

--
-- Dumping data for table `play_queue_songs`
--

LOCK TABLES `play_queue_songs` WRITE;
/*!40000 ALTER TABLE `play_queue_songs` DISABLE KEYS */;
INSERT INTO `play_queue_songs` VALUES (1,2);
/*!40000 ALTER TABLE `play_queue_songs` ENABLE KEYS */;
UNLOCK TABLES;

--
-- Table structure for table `playlist`
--

DROP TABLE IF EXISTS `playlist`;
/*!40101 SET @saved_cs_client     = @@character_set_client */;
/*!40101 SET character_set_client = utf8 */;
CREATE TABLE `playlist` (
  `type` varchar(31) NOT NULL,
  `id` int(11) NOT NULL AUTO_INCREMENT,
  `active` bit(1) NOT NULL DEFAULT b'1',
  `created_date` datetime NOT NULL DEFAULT CURRENT_TIMESTAMP,
  `name` varchar(255) NOT NULL,
  `description` varchar(255) DEFAULT NULL,
  `hidden` bit(1) NOT NULL,
  `image_id` int(11) DEFAULT NULL,
  `owner_id` int(11) DEFAULT NULL,
  `length` int(11) NOT NULL,
  `num_songs` int(11) NOT NULL,
  PRIMARY KEY (`id`),
  KEY `FKrlt93rdc0w07juyqnui9nc4nd` (`image_id`),
  KEY `FKth9shh6b71k2k9f8sdtuedunf` (`owner_id`),
  CONSTRAINT `FKrlt93rdc0w07juyqnui9nc4nd` FOREIGN KEY (`image_id`) REFERENCES `image` (`id`),
  CONSTRAINT `FKth9shh6b71k2k9f8sdtuedunf` FOREIGN KEY (`owner_id`) REFERENCES `user` (`id`)
) ENGINE=InnoDB AUTO_INCREMENT=3502 DEFAULT CHARSET=utf8;
/*!40101 SET character_set_client = @saved_cs_client */;

--
-- Dumping data for table `playlist`
--

LOCK TABLES `playlist` WRITE;
/*!40000 ALTER TABLE `playlist` DISABLE KEYS */;
INSERT INTO `playlist` VALUES ('Playlist',1,'','2017-11-19 22:10:07','a\'s playlist',NULL,'',NULL,1,75152760,301),('Playlist',2,'','2017-11-19 22:10:07','NewName Playlist','This is for testing. Lets see if it works','',NULL,2,3575202,17),('Playlist',3,'','2017-11-19 22:10:08','c\'s playlist',NULL,'',NULL,3,4323889,16),('Playlist',852,'','2017-12-01 20:28:28','New Playlist','This is for testing. Lets see if it works','\0',NULL,2,0,0),('Playlist',854,'','2017-12-01 20:28:48','John Doe',NULL,'',NULL,853,0,0),('Playlist',857,'','2017-12-01 20:28:54','John Doe',NULL,'',NULL,856,0,0),('Playlist',861,'','2017-12-01 20:28:58','John Doe',NULL,'',NULL,860,0,0),('Playlist',865,'','2017-12-03 23:14:30','New Playlist','This is for testing. Lets see if it works','\0',866,2,0,0),('Playlist',870,'','2017-12-03 23:14:55','John Doe',NULL,'',NULL,869,0,0),('Playlist',873,'','2017-12-03 23:15:01','John Doe',NULL,'',NULL,872,0,0),('Playlist',877,'','2017-12-03 23:15:05','John Doe',NULL,'',NULL,876,0,0),('Playlist',880,'','2017-12-04 16:29:58','Test User',NULL,'',NULL,879,0,0),('Playlist',883,'','2017-12-04 16:31:03','Tester User',NULL,'',NULL,882,0,0),('Playlist',928,'','2017-12-04 23:41:48','New Playlist','This is for testing. Lets see if it works','\0',929,2,0,0),('Playlist',933,'','2017-12-04 23:42:16','John Doe',NULL,'',NULL,932,0,0),('Playlist',936,'','2017-12-04 23:42:44','John Doe',NULL,'',NULL,935,0,0),('Playlist',940,'','2017-12-04 23:43:06','John Doe',NULL,'',NULL,939,0,0),('Playlist',960,'','2017-12-05 02:35:35','New Playlist','This is for testing. Lets see if it works','\0',961,2,0,0),('Playlist',965,'','2017-12-05 02:36:03','John Doe',NULL,'',NULL,964,0,0),('Playlist',968,'','2017-12-05 02:36:27','John Doe',NULL,'',NULL,967,0,0),('Playlist',972,'','2017-12-05 02:36:49','John Doe',NULL,'',NULL,971,0,0),('Playlist',992,'','2017-12-05 14:28:01','New Playlist','This is for testing. Lets see if it works','\0',993,2,0,0),('Playlist',997,'','2017-12-05 14:28:26','John Doe',NULL,'',NULL,996,0,0),('Playlist',1000,'','2017-12-05 14:28:33','John Doe',NULL,'',NULL,999,0,0),('Playlist',1004,'','2017-12-05 14:28:38','John Doe',NULL,'',NULL,1003,0,0),('Playlist',1024,'','2017-12-05 14:45:02','New Playlist','This is for testing. Lets see if it works','\0',1025,2,0,0),('Playlist',1029,'','2017-12-05 14:45:29','John Doe',NULL,'',NULL,1028,0,0),('Playlist',1032,'','2017-12-05 14:45:33','John Doe',NULL,'',NULL,1031,0,0),('Playlist',1036,'','2017-12-05 14:45:38','John Doe',NULL,'',NULL,1035,0,0),('Playlist',1729,'','2017-12-06 02:46:11','John Doe',NULL,'',NULL,1728,0,0),('Playlist',1732,'','2017-12-06 02:46:17','John Doe',NULL,'',NULL,1731,0,0),('Playlist',1736,'','2017-12-06 02:46:21','John Doe',NULL,'',NULL,1735,0,0),('Playlist',2000,'','2017-11-22 20:40:31','John Doe',NULL,'',NULL,1999,0,0),('Playlist',2003,'','2017-11-22 20:40:41','John Doe',NULL,'',NULL,2002,0,0),('Playlist',2007,'','2017-11-22 20:40:45','John Doe',NULL,'',NULL,2006,0,0),('Playlist',2010,'','2017-11-24 18:10:18','John Doe',NULL,'',NULL,2009,0,0),('Playlist',2013,'','2017-11-24 18:10:23','John Doe',NULL,'',NULL,2012,0,0),('Playlist',2017,'','2017-11-24 18:10:29','John Doe',NULL,'',NULL,2016,0,0),('Playlist',2020,'','2017-11-24 18:31:29','John Doe',NULL,'',NULL,2019,0,0),('Playlist',2023,'','2017-11-24 18:31:33','John Doe',NULL,'',NULL,2022,0,0),('Playlist',2027,'','2017-11-24 18:31:40','John Doe',NULL,'',NULL,2026,0,0),('Playlist',2030,'','2017-11-24 19:18:18','John Doe',NULL,'',NULL,2029,0,0),('Playlist',2033,'','2017-11-24 19:18:23','John Doe',NULL,'',NULL,2032,0,0),('Playlist',2037,'','2017-11-24 19:18:28','John Doe',NULL,'',NULL,2036,0,0),('Playlist',2040,'','2017-11-24 19:37:24','John Doe',NULL,'',NULL,2039,0,0),('Playlist',2043,'','2017-11-24 19:37:28','John Doe',NULL,'',NULL,2042,0,0),('Playlist',2047,'','2017-11-24 19:37:41','John Doe',NULL,'',NULL,2046,0,0),('Playlist',2050,'','2017-11-25 14:57:55','John Doe',NULL,'',NULL,2049,0,0),('Playlist',2053,'','2017-11-25 14:58:02','John Doe',NULL,'',NULL,2052,0,0),('Playlist',2057,'','2017-11-25 14:58:06','John Doe',NULL,'',NULL,2056,0,0),('Playlist',2062,'','2017-11-25 15:43:15','John Doe',NULL,'',NULL,2061,0,0),('Playlist',2065,'','2017-11-25 15:43:20','John Doe',NULL,'',NULL,2064,0,0),('Playlist',2069,'','2017-11-25 15:43:24','John Doe',NULL,'',NULL,2068,0,0),('Playlist',2076,'','2017-11-25 16:03:21','John Doe',NULL,'',NULL,2075,0,0),('Playlist',2079,'','2017-11-25 16:03:26','John Doe',NULL,'',NULL,2078,0,0),('Playlist',2083,'','2017-11-25 16:03:30','John Doe',NULL,'',NULL,2082,0,0),('Playlist',2088,'','2017-11-25 22:13:19','John Doe',NULL,'',NULL,2087,0,0),('Playlist',2091,'','2017-11-25 22:13:24','John Doe',NULL,'',NULL,2090,0,0),('Playlist',2095,'','2017-11-25 22:13:30','John Doe',NULL,'',NULL,2094,0,0),('Playlist',2100,'','2017-11-25 22:17:46','John Doe',NULL,'',NULL,2099,0,0),('Playlist',2103,'','2017-11-25 22:17:50','John Doe',NULL,'',NULL,2102,0,0),('Playlist',2107,'','2017-11-25 22:17:54','John Doe',NULL,'',NULL,2106,0,0),('Playlist',2112,'','2017-11-25 22:35:58','John Doe',NULL,'',NULL,2111,0,0),('Playlist',2115,'','2017-11-25 22:36:03','John Doe',NULL,'',NULL,2114,0,0),('Playlist',2119,'','2017-11-25 22:36:09','John Doe',NULL,'',NULL,2118,0,0),('Playlist',2124,'','2017-11-26 17:22:57','John Doe',NULL,'',NULL,2123,0,0),('Playlist',2127,'','2017-11-26 17:23:02','John Doe',NULL,'',NULL,2126,0,0),('Playlist',2131,'','2017-11-26 17:23:07','John Doe',NULL,'',NULL,2130,0,0),('Playlist',2136,'','2017-11-26 17:44:12','John Doe',NULL,'',NULL,2135,0,0),('Playlist',2139,'','2017-11-26 17:44:19','John Doe',NULL,'',NULL,2138,0,0),('Playlist',2143,'','2017-11-26 17:44:24','John Doe',NULL,'',NULL,2142,0,0),('Playlist',2148,'','2017-11-26 18:02:31','John Doe',NULL,'',NULL,2147,0,0),('Playlist',2151,'','2017-11-26 18:02:37','John Doe',NULL,'',NULL,2150,0,0),('Playlist',2155,'','2017-11-26 18:02:42','John Doe',NULL,'',NULL,2154,0,0),('Playlist',2160,'','2017-11-27 04:01:38','John Doe',NULL,'',NULL,2159,0,0),('Playlist',2163,'','2017-11-27 04:01:43','John Doe',NULL,'',NULL,2162,0,0),('Playlist',2167,'','2017-11-27 04:01:47','John Doe',NULL,'',NULL,2166,0,0),('Playlist',2172,'','2017-11-27 17:38:25','John Doe',NULL,'',NULL,2171,0,0),('Playlist',2175,'','2017-11-27 17:38:32','John Doe',NULL,'',NULL,2174,0,0),('Playlist',2179,'','2017-11-27 17:38:38','John Doe',NULL,'',NULL,2178,0,0),('Playlist',2184,'','2017-11-27 19:53:49','John Doe',NULL,'',NULL,2183,0,0),('Playlist',2187,'','2017-11-27 19:53:56','John Doe',NULL,'',NULL,2186,0,0),('Playlist',2191,'','2017-11-27 19:54:00','John Doe',NULL,'',NULL,2190,0,0),('Playlist',2196,'','2017-11-27 20:35:56','John Doe',NULL,'',NULL,2195,0,0),('Playlist',2199,'','2017-11-27 20:36:01','John Doe',NULL,'',NULL,2198,0,0),('Playlist',2203,'','2017-11-27 20:36:06','John Doe',NULL,'',NULL,2202,0,0),('Playlist',2208,'','2017-11-28 01:39:55','John Doe',NULL,'',NULL,2207,0,0),('Playlist',2211,'','2017-11-28 01:40:00','John Doe',NULL,'',NULL,2210,0,0),('Playlist',2215,'','2017-11-28 01:40:04','John Doe',NULL,'',NULL,2214,0,0),('Playlist',2217,'','2017-11-28 02:05:43','New Playlist','This is for testing. Lets see if it works','\0',NULL,2,0,0),('Playlist',2220,'','2017-11-28 12:41:23','New Playlist','This is for testing. Lets see if it works','\0',NULL,2,0,0),('Playlist',2222,'','2017-11-28 12:42:16','John Doe',NULL,'',NULL,2221,0,0),('Playlist',2225,'','2017-11-28 12:42:22','John Doe',NULL,'',NULL,2224,0,0),('Playlist',2229,'','2017-11-28 12:42:26','John Doe',NULL,'',NULL,2228,0,0),('Playlist',3000,'','2017-12-06 03:10:50','New Playlist','This is for testing. Lets see if it works','\0',3001,2,0,0),('Playlist',3020,'','2017-12-06 03:15:36','New Playlist','This is for testing. Lets see if it works','\0',3021,2,0,0),('Playlist',3025,'','2017-12-06 03:16:13','John Doe',NULL,'',NULL,3024,0,0),('Playlist',3028,'','2017-12-06 03:16:18','John Doe',NULL,'',NULL,3027,0,0),('Playlist',3032,'','2017-12-06 03:16:23','John Doe',NULL,'',NULL,3031,0,0),('Playlist',3040,'','2017-12-06 21:12:25','Test','Testing','\0',3041,1,0,0),('Playlist',3042,'','2017-12-06 21:23:18','Testing 123','Invalid image format.','',3043,1,0,0),('Playlist',3068,'','2017-12-06 23:25:23','New Playlist','This is for testing. Lets see if it works','\0',3069,2,0,0),('Playlist',3073,'','2017-12-06 23:25:50','John Doe',NULL,'',NULL,3072,0,0),('Playlist',3076,'','2017-12-06 23:25:54','John Doe',NULL,'',NULL,3075,0,0),('Playlist',3080,'','2017-12-06 23:25:59','John Doe',NULL,'',NULL,3079,0,0),('Playlist',3100,'','2017-12-07 00:30:58','New Playlist','This is for testing. Lets see if it works','\0',3101,2,0,0),('Playlist',3105,'','2017-12-07 00:31:23','John Doe',NULL,'',NULL,3104,0,0),('Playlist',3108,'','2017-12-07 00:31:28','John Doe',NULL,'',NULL,3107,0,0),('Playlist',3112,'','2017-12-07 00:31:31','John Doe',NULL,'',NULL,3111,0,0),('Playlist',3114,'','2017-12-07 00:34:22','New Playlist','This is for testing. Lets see if it works','\0',3115,2,0,0),('Playlist',3140,'','2017-12-07 02:44:34','New Playlist','This is for testing. Lets see if it works','\0',3141,2,0,0),('Playlist',3145,'','2017-12-07 02:45:00','John Doe',NULL,'',NULL,3144,0,0),('Playlist',3148,'','2017-12-07 02:45:07','John Doe',NULL,'',NULL,3147,0,0),('Playlist',3152,'','2017-12-07 02:45:11','John Doe',NULL,'',NULL,3151,0,0),('Playlist',3184,'','2017-12-07 16:23:35','John Doe',NULL,'',NULL,3183,0,0),('Playlist',3187,'','2017-12-07 16:23:41','John Doe',NULL,'',NULL,3186,0,0),('Playlist',3191,'','2017-12-07 16:23:45','John Doe',NULL,'',NULL,3190,0,0),('Playlist',3211,'','2017-12-07 16:27:01','New Playlist','This is for testing. Lets see if it works','\0',3212,2,0,0),('Playlist',3216,'','2017-12-07 16:27:23','John Doe',NULL,'',NULL,3215,0,0),('Playlist',3219,'','2017-12-07 16:27:28','John Doe',NULL,'',NULL,3218,0,0),('Playlist',3223,'','2017-12-07 16:27:33','John Doe',NULL,'',NULL,3222,0,0),('Playlist',3243,'','2017-12-07 16:41:49','New Playlist','This is for testing. Lets see if it works','\0',3244,2,0,0),('Playlist',3248,'','2017-12-07 16:42:12','John Doe',NULL,'',NULL,3247,0,0),('Playlist',3251,'','2017-12-07 16:42:17','John Doe',NULL,'',NULL,3250,0,0),('Playlist',3255,'','2017-12-07 16:42:21','John Doe',NULL,'',NULL,3254,0,0),('Playlist',3258,'','2017-12-07 17:44:57','My Playlist','Testing 123','',NULL,1,0,0),('Playlist',3277,'','2017-12-07 20:16:44','The Tower','','',3278,1,0,0),('Playlist',3279,'','2017-12-07 20:16:57','Space Music','','',3280,1,0,0),('Playlist',3285,'','2017-12-07 21:48:43','Test Playlist','A playlist featuring space-themed music.','\0',3286,1,0,0),('Playlist',3288,'','2017-12-07 21:51:36','Nested Playlist','A TPB-themed playlist in the folder \'My Folder.\'','',3289,1,0,0),('Playlist',3290,'','2017-12-07 21:52:04','Another Playlist','This one doesn\'t have an image.','',NULL,1,0,0),('Playlist',3309,'','2017-12-07 21:55:42','New Playlist','This is for testing. Lets see if it works','\0',3310,2,0,0),('Playlist',3314,'','2017-12-07 21:56:09','John Doe',NULL,'',NULL,3313,0,0),('Playlist',3317,'','2017-12-07 21:56:14','John Doe',NULL,'',NULL,3316,0,0),('Playlist',3321,'','2017-12-07 21:56:19','John Doe',NULL,'',NULL,3320,0,0),('Playlist',3383,'','2017-12-08 01:11:39','John Doe',NULL,'',NULL,3382,0,0),('Playlist',3386,'','2017-12-08 01:11:47','John Doe',NULL,'',NULL,3385,0,0),('Playlist',3390,'','2017-12-08 01:11:51','John Doe',NULL,'',NULL,3389,0,0),('Playlist',3394,'','2017-12-08 01:20:52','New Playlist','This is for testing. Lets see if it works','\0',3395,2,0,0),('Playlist',3398,'','2017-12-08 01:21:08','John Doe',NULL,'',NULL,3397,0,0),('Playlist',3401,'','2017-12-08 01:21:12','John Doe',NULL,'',NULL,3400,0,0),('Playlist',3405,'','2017-12-08 01:21:17','John Doe',NULL,'',NULL,3404,0,0),('Playlist',3409,'','2017-12-08 02:02:23','New Playlist','This is for testing. Lets see if it works','\0',3410,2,0,0),('Playlist',3413,'','2017-12-08 02:02:38','John Doe',NULL,'',NULL,3412,0,0),('Playlist',3416,'','2017-12-08 02:02:43','John Doe',NULL,'',NULL,3415,0,0),('Playlist',3420,'','2017-12-08 02:02:48','John Doe',NULL,'',NULL,3419,0,0),('Playlist',3456,'','2017-12-08 02:15:39','New Playlist','This is for testing. Lets see if it works','\0',3457,2,0,0),('Playlist',3461,'','2017-12-08 02:15:54','John Doe',NULL,'',NULL,3460,0,0),('Playlist',3464,'','2017-12-08 02:15:59','John Doe',NULL,'',NULL,3463,0,0),('Playlist',3468,'','2017-12-08 02:16:04','John Doe',NULL,'',NULL,3467,0,0),('Playlist',3489,'','2017-12-08 13:32:24','New Playlist','This is for testing. Lets see if it works','\0',3490,2,0,0),('Playlist',3494,'','2017-12-08 13:32:44','John Doe',NULL,'',NULL,3493,0,0),('Playlist',3497,'','2017-12-08 13:32:50','John Doe',NULL,'',NULL,3496,0,0),('Playlist',3501,'','2017-12-08 13:32:55','John Doe',NULL,'',NULL,3500,0,0);
/*!40000 ALTER TABLE `playlist` ENABLE KEYS */;
UNLOCK TABLES;

--
-- Temporary view structure for view `playlist_albums`
--

DROP TABLE IF EXISTS `playlist_albums`;
/*!50001 DROP VIEW IF EXISTS `playlist_albums`*/;
SET @saved_cs_client     = @@character_set_client;
SET character_set_client = utf8;
/*!50001 CREATE VIEW `playlist_albums` AS SELECT 
 1 AS `playlist_id`,
 1 AS `album_id`,
 1 AS `date_saved`*/;
SET character_set_client = @saved_cs_client;

--
-- Temporary view structure for view `playlist_artists`
--

DROP TABLE IF EXISTS `playlist_artists`;
/*!50001 DROP VIEW IF EXISTS `playlist_artists`*/;
SET @saved_cs_client     = @@character_set_client;
SET character_set_client = utf8;
/*!50001 CREATE VIEW `playlist_artists` AS SELECT 
 1 AS `playlist_id`,
 1 AS `artist_id`,
 1 AS `date_saved`*/;
SET character_set_client = @saved_cs_client;

--
-- Table structure for table `playlist_folder`
--

DROP TABLE IF EXISTS `playlist_folder`;
/*!40101 SET @saved_cs_client     = @@character_set_client */;
/*!40101 SET character_set_client = utf8 */;
CREATE TABLE `playlist_folder` (
  `id` int(11) NOT NULL AUTO_INCREMENT,
  `name` varchar(255) NOT NULL,
  `position` int(11) DEFAULT NULL,
  `owner_id` int(11) NOT NULL,
  PRIMARY KEY (`id`),
  KEY `FK3gsy9iowwvpaa0ss6xre561rg` (`owner_id`),
  CONSTRAINT `FK3gsy9iowwvpaa0ss6xre561rg` FOREIGN KEY (`owner_id`) REFERENCES `user` (`id`)
) ENGINE=InnoDB AUTO_INCREMENT=3493 DEFAULT CHARSET=utf8;
/*!40101 SET character_set_client = @saved_cs_client */;

--
-- Dumping data for table `playlist_folder`
--

LOCK TABLES `playlist_folder` WRITE;
/*!40000 ALTER TABLE `playlist_folder` DISABLE KEYS */;
INSERT INTO `playlist_folder` VALUES (868,'Modified PlaylistFolder Name',1,2),(931,'New Playlist Folder',2,2),(963,'New Playlist Folder',3,2),(995,'New Playlist Folder',4,2),(1027,'New Playlist Folder',5,2),(1727,'New Playlist Folder',6,2),(3023,'New Playlist Folder',7,2),(3071,'New Playlist Folder',8,2),(3103,'New Playlist Folder',9,2),(3143,'New Playlist Folder',10,2),(3182,'New Playlist Folder',11,2),(3214,'New Playlist Folder',12,2),(3246,'New Playlist Folder',13,2),(3287,'My Folder',NULL,1),(3312,'New Playlist Folder',14,2),(3396,'New Playlist Folder',15,2),(3411,'New Playlist Folder',16,2),(3459,'New Playlist Folder',17,2),(3492,'New Playlist Folder',18,2);
/*!40000 ALTER TABLE `playlist_folder` ENABLE KEYS */;
UNLOCK TABLES;

--
-- Table structure for table `playlist_followers`
--

DROP TABLE IF EXISTS `playlist_followers`;
/*!40101 SET @saved_cs_client     = @@character_set_client */;
/*!40101 SET character_set_client = utf8 */;
CREATE TABLE `playlist_followers` (
  `playlist_id` int(11) NOT NULL,
  `follower_id` int(11) NOT NULL,
  PRIMARY KEY (`playlist_id`,`follower_id`),
  KEY `follower_id` (`follower_id`),
  CONSTRAINT `playlist_followers_ibfk_1` FOREIGN KEY (`playlist_id`) REFERENCES `playlist` (`id`) ON DELETE CASCADE,
  CONSTRAINT `playlist_followers_ibfk_2` FOREIGN KEY (`follower_id`) REFERENCES `customer` (`id`) ON DELETE CASCADE
) ENGINE=InnoDB DEFAULT CHARSET=utf8;
/*!40101 SET character_set_client = @saved_cs_client */;

--
-- Dumping data for table `playlist_followers`
--

LOCK TABLES `playlist_followers` WRITE;
/*!40000 ALTER TABLE `playlist_followers` DISABLE KEYS */;
/*!40000 ALTER TABLE `playlist_followers` ENABLE KEYS */;
UNLOCK TABLES;

--
-- Table structure for table `playlist_songs`
--

DROP TABLE IF EXISTS `playlist_songs`;
/*!40101 SET @saved_cs_client     = @@character_set_client */;
/*!40101 SET character_set_client = utf8 */;
CREATE TABLE `playlist_songs` (
  `id` int(11) NOT NULL AUTO_INCREMENT,
  `playlist_id` int(11) NOT NULL,
  `song_id` int(11) NOT NULL,
  `date_saved` datetime NOT NULL DEFAULT CURRENT_TIMESTAMP,
  PRIMARY KEY (`id`),
  KEY `song_id` (`song_id`),
  KEY `playlist_songs_ibfk_1` (`playlist_id`),
  CONSTRAINT `playlist_songs_ibfk_1` FOREIGN KEY (`playlist_id`) REFERENCES `playlist` (`id`),
  CONSTRAINT `playlist_songs_ibfk_2` FOREIGN KEY (`song_id`) REFERENCES `song` (`id`)
) ENGINE=InnoDB AUTO_INCREMENT=3492 DEFAULT CHARSET=utf8;
/*!40101 SET character_set_client = @saved_cs_client */;

--
-- Dumping data for table `playlist_songs`
--

LOCK TABLES `playlist_songs` WRITE;
/*!40000 ALTER TABLE `playlist_songs` DISABLE KEYS */;
INSERT INTO `playlist_songs` VALUES (867,2,3,'2017-12-03 23:14:31'),(930,2,3,'2017-12-04 23:41:50'),(962,2,3,'2017-12-05 02:35:37'),(994,2,3,'2017-12-05 14:28:01'),(1026,2,3,'2017-12-05 14:45:04'),(1399,1,142,'2017-12-05 20:38:08'),(1400,1,143,'2017-12-05 20:38:08'),(1402,1,145,'2017-12-05 20:38:08'),(1404,1,147,'2017-12-05 20:38:08'),(1405,1,148,'2017-12-05 20:38:08'),(1406,1,149,'2017-12-05 20:38:08'),(1407,1,150,'2017-12-05 20:38:08'),(1408,1,151,'2017-12-05 20:38:08'),(1409,1,152,'2017-12-05 20:38:08'),(1410,1,153,'2017-12-05 20:38:08'),(1411,1,154,'2017-12-05 20:38:08'),(1412,1,155,'2017-12-05 20:38:08'),(1413,1,156,'2017-12-05 20:38:09'),(1415,1,140,'2017-12-05 20:44:19'),(1417,1,144,'2017-12-05 20:44:37'),(1418,1,146,'2017-12-05 20:44:37'),(1423,1,297,'2017-12-05 22:01:43'),(1424,1,298,'2017-12-05 22:01:43'),(1425,1,299,'2017-12-05 22:01:43'),(1426,1,300,'2017-12-05 22:01:43'),(1427,1,301,'2017-12-05 22:01:43'),(1428,1,302,'2017-12-05 22:01:43'),(1429,1,303,'2017-12-05 22:01:43'),(1430,1,304,'2017-12-05 22:01:43'),(1431,1,305,'2017-12-05 22:01:43'),(1432,1,306,'2017-12-05 22:01:43'),(1433,1,197,'2017-12-05 22:01:46'),(1434,1,198,'2017-12-05 22:01:46'),(1435,1,199,'2017-12-05 22:01:46'),(1436,1,200,'2017-12-05 22:01:46'),(1437,1,201,'2017-12-05 22:01:46'),(1438,1,202,'2017-12-05 22:01:46'),(1439,1,245,'2017-12-06 01:38:11'),(1440,1,246,'2017-12-06 01:38:11'),(1441,1,247,'2017-12-06 01:38:12'),(1442,1,248,'2017-12-06 01:38:12'),(1443,1,211,'2017-12-06 01:38:58'),(1444,1,212,'2017-12-06 01:38:58'),(1445,1,213,'2017-12-06 01:39:02'),(1446,1,214,'2017-12-06 01:39:02'),(1447,1,203,'2017-12-06 01:39:04'),(1448,1,204,'2017-12-06 01:39:04'),(1449,1,205,'2017-12-06 01:39:04'),(1450,1,206,'2017-12-06 01:39:04'),(1451,1,207,'2017-12-06 01:39:04'),(1452,1,208,'2017-12-06 01:39:04'),(1453,1,209,'2017-12-06 01:39:04'),(1454,1,210,'2017-12-06 01:39:04'),(1455,1,228,'2017-12-06 01:39:06'),(1456,1,229,'2017-12-06 01:39:06'),(1457,1,230,'2017-12-06 01:39:06'),(1458,1,231,'2017-12-06 01:39:06'),(1459,1,232,'2017-12-06 01:39:06'),(1460,1,233,'2017-12-06 01:39:06'),(1461,1,234,'2017-12-06 01:39:06'),(1462,1,235,'2017-12-06 01:39:06'),(1463,1,236,'2017-12-06 01:39:06'),(1464,1,237,'2017-12-06 01:39:06'),(1465,1,238,'2017-12-06 01:39:06'),(1466,1,239,'2017-12-06 01:39:06'),(1467,1,240,'2017-12-06 01:39:06'),(1468,1,241,'2017-12-06 01:39:06'),(1469,1,242,'2017-12-06 01:39:06'),(1470,1,243,'2017-12-06 01:39:06'),(1471,1,244,'2017-12-06 01:39:06'),(1472,1,251,'2017-12-06 01:39:08'),(1473,1,252,'2017-12-06 01:39:08'),(1474,1,253,'2017-12-06 01:39:09'),(1475,1,254,'2017-12-06 01:39:09'),(1476,1,255,'2017-12-06 01:39:09'),(1477,1,256,'2017-12-06 01:39:09'),(1478,1,257,'2017-12-06 01:39:09'),(1479,1,258,'2017-12-06 01:39:09'),(1480,1,259,'2017-12-06 01:39:09'),(1481,1,260,'2017-12-06 01:39:09'),(1482,1,261,'2017-12-06 01:39:09'),(1483,1,262,'2017-12-06 01:39:09'),(1484,1,263,'2017-12-06 01:39:09'),(1485,1,264,'2017-12-06 01:39:09'),(1486,1,347,'2017-12-06 01:39:11'),(1487,1,348,'2017-12-06 01:39:11'),(1488,1,349,'2017-12-06 01:39:11'),(1489,1,350,'2017-12-06 01:39:11'),(1490,1,351,'2017-12-06 01:39:11'),(1491,1,352,'2017-12-06 01:39:11'),(1492,1,353,'2017-12-06 01:39:11'),(1493,1,354,'2017-12-06 01:39:11'),(1494,1,355,'2017-12-06 01:39:11'),(1495,1,307,'2017-12-06 01:39:14'),(1496,1,308,'2017-12-06 01:39:14'),(1497,1,309,'2017-12-06 01:39:14'),(1498,1,310,'2017-12-06 01:39:14'),(1499,1,311,'2017-12-06 01:39:14'),(1500,1,312,'2017-12-06 01:39:14'),(1501,1,313,'2017-12-06 01:39:14'),(1502,1,314,'2017-12-06 01:39:14'),(1503,1,315,'2017-12-06 01:39:14'),(1504,1,316,'2017-12-06 01:39:14'),(1505,1,317,'2017-12-06 01:39:14'),(1506,1,318,'2017-12-06 01:39:16'),(1507,1,319,'2017-12-06 01:39:16'),(1508,1,320,'2017-12-06 01:39:16'),(1509,1,321,'2017-12-06 01:39:16'),(1510,1,322,'2017-12-06 01:39:16'),(1511,1,323,'2017-12-06 01:39:16'),(1512,1,324,'2017-12-06 01:39:16'),(1513,1,325,'2017-12-06 01:39:16'),(1514,1,326,'2017-12-06 01:39:16'),(1515,1,327,'2017-12-06 01:39:16'),(1516,1,679,'2017-12-06 01:39:19'),(1517,1,680,'2017-12-06 01:39:19'),(1518,1,681,'2017-12-06 01:39:19'),(1519,1,682,'2017-12-06 01:39:19'),(1520,1,683,'2017-12-06 01:39:19'),(1521,1,684,'2017-12-06 01:39:19'),(1522,1,685,'2017-12-06 01:39:19'),(1523,1,686,'2017-12-06 01:39:19'),(1524,1,687,'2017-12-06 01:39:19'),(1525,1,688,'2017-12-06 01:39:19'),(1526,1,689,'2017-12-06 01:39:19'),(1527,1,690,'2017-12-06 01:39:19'),(1528,1,691,'2017-12-06 01:39:19'),(1529,1,692,'2017-12-06 01:39:21'),(1530,1,693,'2017-12-06 01:39:21'),(1531,1,694,'2017-12-06 01:39:21'),(1532,1,695,'2017-12-06 01:39:21'),(1533,1,696,'2017-12-06 01:39:21'),(1534,1,697,'2017-12-06 01:39:21'),(1535,1,698,'2017-12-06 01:39:21'),(1536,1,699,'2017-12-06 01:39:21'),(1537,1,700,'2017-12-06 01:39:21'),(1538,1,701,'2017-12-06 01:39:21'),(1539,1,702,'2017-12-06 01:39:21'),(1540,1,703,'2017-12-06 01:39:21'),(1541,1,704,'2017-12-06 01:39:21'),(1542,1,757,'2017-12-06 01:39:24'),(1543,1,758,'2017-12-06 01:39:24'),(1544,1,759,'2017-12-06 01:39:24'),(1545,1,760,'2017-12-06 01:39:24'),(1546,1,761,'2017-12-06 01:39:24'),(1547,1,762,'2017-12-06 01:39:24'),(1548,1,763,'2017-12-06 01:39:24'),(1549,1,764,'2017-12-06 01:39:24'),(1550,1,765,'2017-12-06 01:39:24'),(1551,1,766,'2017-12-06 01:39:24'),(1552,1,767,'2017-12-06 01:39:24'),(1553,1,768,'2017-12-06 01:39:24'),(1554,1,769,'2017-12-06 01:39:24'),(1555,1,770,'2017-12-06 01:39:24'),(1556,1,771,'2017-12-06 01:39:24'),(1557,1,772,'2017-12-06 01:39:24'),(1558,1,773,'2017-12-06 01:39:24'),(1559,1,774,'2017-12-06 01:39:24'),(1560,1,805,'2017-12-06 01:39:26'),(1561,1,806,'2017-12-06 01:39:26'),(1562,1,807,'2017-12-06 01:39:26'),(1563,1,808,'2017-12-06 01:39:27'),(1564,1,809,'2017-12-06 01:39:27'),(1565,1,810,'2017-12-06 01:39:27'),(1566,1,811,'2017-12-06 01:39:27'),(1567,1,812,'2017-12-06 01:39:27'),(1568,1,813,'2017-12-06 01:39:27'),(1569,1,814,'2017-12-06 01:39:27'),(1570,1,815,'2017-12-06 01:39:27'),(1571,1,168,'2017-12-06 01:39:32'),(1572,1,169,'2017-12-06 01:39:32'),(1573,1,170,'2017-12-06 01:39:32'),(1574,1,171,'2017-12-06 01:39:32'),(1575,1,172,'2017-12-06 01:39:32'),(1576,1,173,'2017-12-06 01:39:32'),(1577,1,174,'2017-12-06 01:39:32'),(1578,1,175,'2017-12-06 01:39:32'),(1579,1,176,'2017-12-06 01:39:32'),(1580,1,177,'2017-12-06 01:39:32'),(1581,1,454,'2017-12-06 01:39:35'),(1582,1,455,'2017-12-06 01:39:35'),(1583,1,456,'2017-12-06 01:39:35'),(1584,1,457,'2017-12-06 01:39:35'),(1585,1,458,'2017-12-06 01:39:35'),(1586,1,459,'2017-12-06 01:39:35'),(1587,1,460,'2017-12-06 01:39:35'),(1588,1,461,'2017-12-06 01:39:35'),(1589,1,462,'2017-12-06 01:39:35'),(1590,1,463,'2017-12-06 01:39:35'),(1591,1,464,'2017-12-06 01:39:35'),(1592,1,465,'2017-12-06 01:39:35'),(1593,1,469,'2017-12-06 01:39:38'),(1594,1,470,'2017-12-06 01:39:38'),(1595,1,471,'2017-12-06 01:39:38'),(1596,1,472,'2017-12-06 01:39:38'),(1597,1,473,'2017-12-06 01:39:38'),(1598,1,474,'2017-12-06 01:39:38'),(1599,1,475,'2017-12-06 01:39:38'),(1600,1,476,'2017-12-06 01:39:38'),(1601,1,477,'2017-12-06 01:39:38'),(1602,1,478,'2017-12-06 01:39:39'),(1603,1,479,'2017-12-06 01:39:39'),(1604,1,480,'2017-12-06 01:39:39'),(1605,1,481,'2017-12-06 01:39:39'),(1606,1,482,'2017-12-06 01:39:39'),(1607,1,483,'2017-12-06 01:39:39'),(1608,1,484,'2017-12-06 01:39:39'),(1609,1,485,'2017-12-06 01:39:39'),(1610,1,486,'2017-12-06 01:39:39'),(1611,1,526,'2017-12-06 01:39:41'),(1612,1,527,'2017-12-06 01:39:41'),(1613,1,528,'2017-12-06 01:39:41'),(1614,1,529,'2017-12-06 01:39:41'),(1615,1,530,'2017-12-06 01:39:41'),(1616,1,531,'2017-12-06 01:39:41'),(1617,1,532,'2017-12-06 01:39:41'),(1618,1,533,'2017-12-06 01:39:41'),(1619,1,534,'2017-12-06 01:39:41'),(1620,1,535,'2017-12-06 01:39:41'),(1621,1,570,'2017-12-06 01:39:44'),(1622,1,571,'2017-12-06 01:39:44'),(1623,1,572,'2017-12-06 01:39:44'),(1624,1,594,'2017-12-06 01:39:47'),(1625,1,595,'2017-12-06 01:39:47'),(1626,1,596,'2017-12-06 01:39:47'),(1627,1,597,'2017-12-06 01:39:47'),(1628,1,598,'2017-12-06 01:39:47'),(1629,1,599,'2017-12-06 01:39:47'),(1630,1,600,'2017-12-06 01:39:47'),(1631,1,601,'2017-12-06 01:39:47'),(1632,1,602,'2017-12-06 01:39:47'),(1633,1,603,'2017-12-06 01:39:47'),(1634,1,604,'2017-12-06 01:39:47'),(1635,1,632,'2017-12-06 01:39:51'),(1636,1,633,'2017-12-06 01:39:51'),(1637,1,634,'2017-12-06 01:39:51'),(1638,1,635,'2017-12-06 01:39:53'),(1639,1,636,'2017-12-06 01:39:53'),(1640,1,637,'2017-12-06 01:39:53'),(1641,1,638,'2017-12-06 01:39:53'),(1642,1,639,'2017-12-06 01:39:53'),(1643,1,640,'2017-12-06 01:39:54'),(1644,1,641,'2017-12-06 01:39:54'),(1645,1,642,'2017-12-06 01:39:54'),(1646,1,643,'2017-12-06 01:39:54'),(1647,1,644,'2017-12-06 01:39:55'),(1648,1,645,'2017-12-06 01:39:55'),(1649,1,646,'2017-12-06 01:39:55'),(1650,1,647,'2017-12-06 01:39:55'),(1651,1,648,'2017-12-06 01:39:55'),(1652,1,649,'2017-12-06 01:39:55'),(1653,1,578,'2017-12-06 01:39:57'),(1654,1,579,'2017-12-06 01:39:57'),(1655,1,580,'2017-12-06 01:39:57'),(1656,1,581,'2017-12-06 01:39:57'),(1657,1,582,'2017-12-06 01:39:57'),(1658,1,583,'2017-12-06 01:39:57'),(1659,1,573,'2017-12-06 01:39:59'),(1660,1,574,'2017-12-06 01:39:59'),(1661,1,575,'2017-12-06 01:39:59'),(1662,1,576,'2017-12-06 01:39:59'),(1663,1,577,'2017-12-06 01:39:59'),(1664,1,369,'2017-12-06 01:40:02'),(1665,1,370,'2017-12-06 01:40:02'),(1666,1,371,'2017-12-06 01:40:02'),(1667,1,372,'2017-12-06 01:40:02'),(1668,1,373,'2017-12-06 01:40:02'),(1669,1,374,'2017-12-06 01:40:02'),(1670,1,375,'2017-12-06 01:40:02'),(1671,1,376,'2017-12-06 01:40:02'),(1672,1,377,'2017-12-06 01:40:02'),(1673,1,378,'2017-12-06 01:40:03'),(1674,1,379,'2017-12-06 01:40:03'),(1675,1,380,'2017-12-06 01:40:03'),(1676,1,381,'2017-12-06 01:40:03'),(1677,1,181,'2017-12-06 01:40:06'),(1678,1,182,'2017-12-06 01:40:06'),(1679,1,183,'2017-12-06 01:40:06'),(1680,1,184,'2017-12-06 01:40:06'),(1681,1,185,'2017-12-06 01:40:06'),(1682,1,186,'2017-12-06 01:40:06'),(1683,1,187,'2017-12-06 01:40:06'),(1684,1,188,'2017-12-06 01:40:06'),(1685,1,189,'2017-12-06 01:40:06'),(1686,1,190,'2017-12-06 01:40:06'),(1687,1,191,'2017-12-06 01:40:06'),(1688,1,192,'2017-12-06 01:40:06'),(1689,1,193,'2017-12-06 01:40:06'),(1690,1,194,'2017-12-06 01:40:06'),(1691,1,195,'2017-12-06 01:40:06'),(1692,1,196,'2017-12-06 01:40:06'),(1693,1,122,'2017-12-06 01:40:09'),(1694,1,123,'2017-12-06 01:40:09'),(1695,1,124,'2017-12-06 01:40:09'),(1696,1,125,'2017-12-06 01:40:09'),(1697,1,126,'2017-12-06 01:40:09'),(1698,1,127,'2017-12-06 01:40:09'),(1699,1,128,'2017-12-06 01:40:09'),(1700,1,129,'2017-12-06 01:40:09'),(1701,1,130,'2017-12-06 01:40:09'),(1702,1,131,'2017-12-06 01:40:09'),(1703,1,132,'2017-12-06 01:40:09'),(1704,1,133,'2017-12-06 01:40:09'),(1705,1,134,'2017-12-06 01:40:09'),(1726,2,3,'2017-12-06 02:45:37'),(3022,2,3,'2017-12-06 03:15:39'),(3070,2,3,'2017-12-06 23:25:26'),(3102,2,3,'2017-12-07 00:31:00'),(3142,2,3,'2017-12-07 02:44:37'),(3181,2,3,'2017-12-07 16:23:14'),(3213,2,3,'2017-12-07 16:27:04'),(3245,2,3,'2017-12-07 16:41:52'),(3311,2,3,'2017-12-07 21:55:45'),(3355,1,141,'2017-12-07 22:59:55'),(3372,1,139,'2017-12-08 00:05:43'),(3437,3,1,'2017-12-08 02:09:56'),(3438,2,3,'2017-12-08 02:14:51'),(3458,2,3,'2017-12-08 02:15:40'),(3471,3,25,'2017-12-08 13:32:18'),(3472,3,26,'2017-12-08 13:32:18'),(3473,3,27,'2017-12-08 13:32:18'),(3474,3,28,'2017-12-08 13:32:18'),(3475,3,29,'2017-12-08 13:32:18'),(3476,3,30,'2017-12-08 13:32:18'),(3477,3,31,'2017-12-08 13:32:18'),(3478,3,32,'2017-12-08 13:32:19'),(3479,3,33,'2017-12-08 13:32:19'),(3480,3,34,'2017-12-08 13:32:19'),(3481,3,35,'2017-12-08 13:32:19'),(3482,3,36,'2017-12-08 13:32:19'),(3483,3,37,'2017-12-08 13:32:19'),(3484,3,38,'2017-12-08 13:32:19'),(3485,3,39,'2017-12-08 13:32:19'),(3491,2,3,'2017-12-08 13:32:25');
/*!40000 ALTER TABLE `playlist_songs` ENABLE KEYS */;
UNLOCK TABLES;
/*!50003 SET @saved_cs_client      = @@character_set_client */ ;
/*!50003 SET @saved_cs_results     = @@character_set_results */ ;
/*!50003 SET @saved_col_connection = @@collation_connection */ ;
/*!50003 SET character_set_client  = utf8 */ ;
/*!50003 SET character_set_results = utf8 */ ;
/*!50003 SET collation_connection  = utf8_general_ci */ ;
/*!50003 SET @saved_sql_mode       = @@sql_mode */ ;
/*!50003 SET sql_mode              = 'STRICT_TRANS_TABLES,NO_AUTO_CREATE_USER,NO_ENGINE_SUBSTITUTION' */ ;
DELIMITER ;;
/*!50003 CREATE*/ /*!50017 DEFINER=`root`@`localhost`*/ /*!50003 TRIGGER update_playlist_when_song_inserted
AFTER INSERT ON playlist_songs
FOR EACH ROW
BEGIN
    CALL update_playlist_length(NEW.playlist_id);
    CALL update_playlist_song_count(NEW.playlist_id, 1);
END */;;
DELIMITER ;
/*!50003 SET sql_mode              = @saved_sql_mode */ ;
/*!50003 SET character_set_client  = @saved_cs_client */ ;
/*!50003 SET character_set_results = @saved_cs_results */ ;
/*!50003 SET collation_connection  = @saved_col_connection */ ;
/*!50003 SET @saved_cs_client      = @@character_set_client */ ;
/*!50003 SET @saved_cs_results     = @@character_set_results */ ;
/*!50003 SET @saved_col_connection = @@collation_connection */ ;
/*!50003 SET character_set_client  = utf8 */ ;
/*!50003 SET character_set_results = utf8 */ ;
/*!50003 SET collation_connection  = utf8_general_ci */ ;
/*!50003 SET @saved_sql_mode       = @@sql_mode */ ;
/*!50003 SET sql_mode              = 'STRICT_TRANS_TABLES,NO_AUTO_CREATE_USER,NO_ENGINE_SUBSTITUTION' */ ;
DELIMITER ;;
/*!50003 CREATE*/ /*!50017 DEFINER=`root`@`localhost`*/ /*!50003 TRIGGER update_playlist_when_song_deleted
AFTER DELETE ON playlist_songs
FOR EACH ROW
BEGIN
    CALL update_playlist_length(OLD.playlist_id);
    CALL update_playlist_song_count(OLD.playlist_id, -1);
END */;;
DELIMITER ;
/*!50003 SET sql_mode              = @saved_sql_mode */ ;
/*!50003 SET character_set_client  = @saved_cs_client */ ;
/*!50003 SET character_set_results = @saved_cs_results */ ;
/*!50003 SET collation_connection  = @saved_col_connection */ ;

--
-- Table structure for table `saved_playlist`
--

DROP TABLE IF EXISTS `saved_playlist`;
/*!40101 SET @saved_cs_client     = @@character_set_client */;
/*!40101 SET character_set_client = utf8 */;
CREATE TABLE `saved_playlist` (
  `customer_id` int(11) NOT NULL,
  `playlist_id` int(11) NOT NULL,
  `parent_id` int(11) DEFAULT NULL,
  `position` int(11) DEFAULT NULL,
  PRIMARY KEY (`customer_id`,`playlist_id`),
  KEY `playlist_id` (`playlist_id`),
  KEY `parent_id` (`parent_id`),
  CONSTRAINT `saved_playlist_ibfk_1` FOREIGN KEY (`customer_id`) REFERENCES `customer` (`id`),
  CONSTRAINT `saved_playlist_ibfk_2` FOREIGN KEY (`playlist_id`) REFERENCES `playlist` (`id`),
  CONSTRAINT `saved_playlist_ibfk_3` FOREIGN KEY (`parent_id`) REFERENCES `playlist_folder` (`id`)
) ENGINE=InnoDB DEFAULT CHARSET=utf8;
/*!40101 SET character_set_client = @saved_cs_client */;

--
-- Dumping data for table `saved_playlist`
--

LOCK TABLES `saved_playlist` WRITE;
/*!40000 ALTER TABLE `saved_playlist` DISABLE KEYS */;
INSERT INTO `saved_playlist` VALUES (1,3285,NULL,NULL),(1,3288,3287,NULL),(1,3290,NULL,NULL),(2,3114,NULL,NULL),(2,3140,NULL,NULL),(2,3211,NULL,NULL),(2,3243,NULL,NULL),(2,3309,NULL,NULL),(2,3394,NULL,NULL),(2,3409,NULL,NULL),(2,3456,NULL,NULL),(2,3489,NULL,NULL);
/*!40000 ALTER TABLE `saved_playlist` ENABLE KEYS */;
UNLOCK TABLES;

--
-- Table structure for table `song`
--

DROP TABLE IF EXISTS `song`;
/*!40101 SET @saved_cs_client     = @@character_set_client */;
/*!40101 SET character_set_client = utf8 */;
CREATE TABLE `song` (
  `id` int(11) NOT NULL AUTO_INCREMENT,
  `active` bit(1) NOT NULL DEFAULT b'1',
  `created_date` datetime NOT NULL DEFAULT CURRENT_TIMESTAMP,
  `name` varchar(255) NOT NULL,
  `mbid` char(36) NOT NULL,
  `length` int(11) NOT NULL,
  `play_count` int(11) NOT NULL DEFAULT '0',
  `track_number` int(11) NOT NULL,
  `image_id` int(11) DEFAULT NULL,
  `owner_id` int(11) DEFAULT NULL,
  `album_id` int(11) NOT NULL,
  `lyrics` text,
  PRIMARY KEY (`id`),
  UNIQUE KEY `mbid` (`mbid`),
  KEY `FKe8f7vxtf0ddtotbpl28dk8voy` (`image_id`),
  KEY `FKfkw4q5q2b1fd0q2belp9olb2a` (`owner_id`),
  KEY `FKrcjmk41yqj3pl3iyii40niab0` (`album_id`),
  CONSTRAINT `FKe8f7vxtf0ddtotbpl28dk8voy` FOREIGN KEY (`image_id`) REFERENCES `image` (`id`),
  CONSTRAINT `FKfkw4q5q2b1fd0q2belp9olb2a` FOREIGN KEY (`owner_id`) REFERENCES `user` (`id`),
  CONSTRAINT `FKrcjmk41yqj3pl3iyii40niab0` FOREIGN KEY (`album_id`) REFERENCES `album` (`id`)
) ENGINE=InnoDB AUTO_INCREMENT=850 DEFAULT CHARSET=utf8;
/*!40101 SET character_set_client = @saved_cs_client */;

--
-- Dumping data for table `song`
--

LOCK TABLES `song` WRITE;
/*!40000 ALTER TABLE `song` DISABLE KEYS */;
INSERT INTO `song` VALUES (1,'\0','2017-11-29 18:09:26','Watersong','dff02fe9-5f57-3c85-adff-bb5afdea6755',230893,0,1,NULL,NULL,1,''),(2,'','2017-11-29 18:09:27','Thursday','dc698831-ad3e-3c56-aec8-7b1772ae77c1',263533,0,2,NULL,NULL,1,''),(3,'','2017-11-29 18:09:27','Living and Breathing','986bb1a6-b614-31e2-b841-38cf38d7c05a',210306,0,3,NULL,NULL,1,''),(4,'','2017-11-29 18:09:27','Leaves of Summer','440b7051-dab8-31c1-b466-e402a2183a6c',224866,0,4,NULL,NULL,1,''),(5,'','2017-11-29 18:09:27','Starblood','e696fa07-d21c-3d1d-a721-09990dab8f72',215400,0,5,NULL,NULL,1,''),(6,'','2017-11-29 18:09:27','Sixth of May','01e46921-3530-3bcc-93f3-b2a50bcece67',279400,0,6,NULL,NULL,1,''),(7,'','2017-11-29 18:09:27','Wish','66d8a4a2-7582-3d83-8ba7-8dcd9fcbd5e7',238266,0,7,NULL,NULL,1,''),(8,'','2017-11-29 18:09:27','Tomorrow’s Tears','cc130add-8d9a-34c3-ae39-4062548f65f3',239933,0,8,NULL,NULL,1,''),(9,'','2017-11-29 18:09:27','Beautiful Sadness','dcf7dff0-f6ad-37b8-8ba2-79d31a0bcb72',244426,0,9,NULL,NULL,1,''),(10,'','2017-11-29 18:09:27','Hopes Are High','e93198f6-3eff-3e48-a733-ba1e5ed5b9ed',179106,0,10,NULL,NULL,1,''),(11,'','2017-11-29 18:09:27','Adoration','62482355-6439-37ba-ab0b-a678ab7a64c3',326866,0,11,NULL,NULL,1,''),(12,'','2017-11-29 18:10:28','Son Rettore e canto','b8a5b380-0da5-43c9-a6f5-8f2ac549be95',123000,0,1,NULL,NULL,2,''),(13,'','2017-11-29 18:10:29','Gianni','913f6317-c674-4a15-88af-2997df94a00a',235000,0,2,NULL,NULL,2,''),(14,'','2017-11-29 18:10:29','Le nuove favole non fanno così bene al cuore','bdeea04b-0ea5-4ca5-92e9-82f984db742c',264000,0,3,NULL,NULL,2,''),(15,'','2017-11-29 18:10:30','Gattivissima','ae05e035-d1fd-4bc1-9b86-988d8ec1af86',227000,0,4,NULL,NULL,2,''),(16,'','2017-11-29 18:10:30','Uomini uomini','cf3f3265-b6fb-4baa-b06a-314e0d87bb5e',254000,0,5,NULL,NULL,2,''),(17,'','2017-11-29 18:10:30','Però dovevo dirtelo','4cfd018d-fed3-4ee0-af5a-a84d526f7f0f',198000,0,6,NULL,NULL,2,''),(18,'','2017-11-29 18:10:31','Complimenti allo chef','2b27b91c-5bca-450c-b54d-97def83b0a2e',239000,0,7,NULL,NULL,2,''),(19,'','2017-11-29 18:10:32','Avant-garde','d4955a64-fc7a-455f-b67b-0adff4344919',267000,0,8,NULL,NULL,2,''),(20,'','2017-11-29 18:10:32','E così piove','22907408-3f4f-452b-acf8-e4d56443ebfb',216000,0,9,NULL,NULL,2,''),(21,'','2017-11-29 18:11:53','Over Rising','9b50934a-eb4e-3f7a-958c-504a0d420852',221826,0,1,NULL,NULL,3,''),(22,'','2017-11-29 18:11:53','Way Up There','84f6e838-16e3-36da-8ee7-0b0ef50994e0',278533,0,2,NULL,NULL,3,''),(23,'','2017-11-29 18:11:53','Happen to Die','a2b31d12-0bc9-31bf-8742-ed5dc5087ef7',184706,0,3,NULL,NULL,3,''),(24,'','2017-11-29 18:11:53','Opportunity Three','438f59fb-1981-3f8c-86bf-eb29039150ea',447893,0,4,NULL,NULL,3,''),(25,'','2017-11-29 18:12:51','Rise Up','d9a15663-0458-3f42-9cb0-a0e081472086',313293,0,1,NULL,NULL,4,''),(26,'','2017-11-29 18:12:51','Slip Away','7d1f8f63-07d7-303d-860b-a5c728573803',276733,0,2,NULL,NULL,4,''),(27,'','2017-11-29 18:12:51','Alienation','a7a23c95-7e92-373a-b04b-e1723db3484a',229706,0,3,NULL,NULL,4,''),(28,'','2017-11-29 18:12:51','She Tell You','9d7c16e6-58ee-360a-9232-45465ceb8616',311133,0,4,NULL,NULL,4,''),(29,'','2017-11-29 18:12:51','Free Up Yourself','9d8904e4-3a6d-39a9-9029-7701fdcea8a7',225733,0,5,NULL,NULL,4,''),(30,'','2017-11-29 18:12:51','Boys Club','5f00204e-c8d9-391a-a7be-43de13b1308b',216733,0,6,NULL,NULL,4,''),(31,'','2017-11-29 18:12:51','At the Feet of the Moon','19390471-13a6-3c75-9fe0-390ebbb8febc',314200,0,7,NULL,NULL,4,''),(32,'','2017-11-29 18:12:51','Innuendo','0b4f97fc-9aea-31a6-a612-0a44c4c2e89c',267733,0,8,NULL,NULL,4,''),(33,'','2017-11-29 18:12:51','Sexual Intelligence','9b33f672-36bb-32a4-b560-04d94c53426d',249200,0,9,NULL,NULL,4,''),(34,'','2017-11-29 18:12:51','Walls and Laws','e9241730-de99-3df5-8516-fa8c00f74c16',304733,0,10,NULL,NULL,4,''),(35,'','2017-11-29 18:12:51','Love Is Fire','3e6b3611-0c59-361c-a9db-e28fdf0f9316',214493,0,11,NULL,NULL,4,''),(36,'','2017-11-29 18:12:51','Small Victories','e5bf54fb-ce90-3111-ae66-0c63619590ec',273333,0,12,NULL,NULL,4,''),(37,'','2017-11-29 18:12:51','Cheat the Prophecy','92ee45a4-40c0-3cae-8f2d-efb4f9a5d3fe',336773,0,13,NULL,NULL,4,''),(38,'','2017-11-29 18:12:51','Love and Compassion','de733547-d618-3639-8523-dc7d04b4f3a7',276960,0,14,NULL,NULL,4,''),(39,'','2017-11-29 18:12:51','Rise Up Wild Zone Remix \'92','a373c7ab-cf71-3c35-9c19-ee8f6e535ba4',282240,0,15,NULL,NULL,4,''),(40,'','2017-11-29 18:13:42','You Are the Way','398babfe-2f32-359a-83d6-622a926bbfa9',212506,0,1,NULL,NULL,5,''),(41,'','2017-11-29 18:13:42','Lead Me Astray','05cc146e-bcb8-3850-b033-3c5c7a65a850',196693,0,2,NULL,NULL,5,''),(42,'','2017-11-29 18:13:42','Earth Thing','9f925d32-47df-3dcf-ba45-8b9f396f536b',260200,0,3,NULL,NULL,5,''),(43,'','2017-11-29 18:13:42','Give This World to You','3ecb00c9-85a1-3f01-b006-a228e06379c7',244640,0,4,NULL,NULL,5,''),(44,'','2017-11-29 18:13:42','Slip Away','f69e07be-4f78-3e88-85d6-377d4e87fd85',144426,0,5,NULL,NULL,5,''),(45,'','2017-11-29 18:13:42','Cold Enough to Kill','340ec54e-6cb1-3770-bfc1-90953a28538f',282706,0,6,NULL,NULL,5,''),(46,'','2017-11-29 18:13:42','Hello Jesus','4c617085-40ac-3c9c-9f11-e3b93b81aed4',136293,0,7,NULL,NULL,5,''),(47,'','2017-11-29 18:13:42','Empathise','18316c86-2e1d-3fb5-8619-2ae7f5a6769e',248000,0,8,NULL,NULL,5,''),(48,'','2017-11-29 18:13:42','See Thru the Dark','2a3481f6-9f4c-38ee-aea7-8a00cd1644ea',179040,0,9,NULL,NULL,5,''),(49,'','2017-11-29 18:13:42','Kiss Mine','9d065580-d03c-398b-8a93-c57e8c7d09d6',211760,0,10,NULL,NULL,5,''),(50,'','2017-11-29 18:13:42','Smile','4e06ae3d-ebc0-3969-bb78-5ca76aece8f3',156773,0,11,NULL,NULL,5,''),(51,'','2017-11-29 18:13:42','The Little Black Egg','ba3bcef1-b25e-34bc-a3c9-cb53c81008a1',191600,0,12,NULL,NULL,5,''),(52,'','2017-11-29 18:13:42','Sunpulse','05bbde7e-f158-3e2c-b6fb-8971ae482b3d',215226,0,13,NULL,NULL,5,''),(53,'','2017-11-29 18:13:42','In My Dream','f62413a5-8707-37e6-8126-692e8dc8c3f4',182266,0,14,NULL,NULL,5,''),(54,'','2017-11-29 18:13:42','Under My Spell','3025912f-8faa-3352-9143-b7967e318224',180106,0,15,NULL,NULL,5,''),(55,'','2017-11-29 18:13:42','Haunted','60384a34-c1fd-3a05-b3f0-00133e2831be',150267,0,16,NULL,NULL,5,''),(56,'','2017-11-29 18:14:31','Guaranteed (7\')','25dd9d9b-6461-3c7f-8cfb-979513bed506',237973,0,1,NULL,NULL,6,''),(57,'','2017-11-29 18:14:31','If You Were Mine','e0d7b35a-71ec-3828-ad6d-c3976bae737e',300666,0,2,NULL,NULL,6,''),(58,'','2017-11-29 18:14:31','Guaranteed (The New Avengers Mix)','3e08c042-9361-3c1b-a459-7cb3c349f595',406800,0,3,NULL,NULL,6,''),(59,'','2017-11-29 18:14:31','All She Wants','d0863f2e-a4fc-3a80-aa87-0b3c01f3eb02',253826,0,4,NULL,NULL,6,''),(60,'','2017-11-29 18:14:39','Ice Ice Baby','ec2b10f9-192f-3327-b329-b02fd137feb5',226666,0,1,NULL,NULL,7,'\n\r\nYo, VIP, let\'s kick it!\n\nIce Ice Baby, Ice Ice Baby\n\nAll right stop, Collaborate and listen\nIce is back with my brand new invention\nSomething grabs a hold of me tightly\nFlow like a harpoon daily and nightly\nWill it ever stop? Yo, I don\'t know\nTurn off the lights and I\'ll glow\nTo the extreme I rock a mic like a vandal\nLight up a stage and wax a chump like a candle.\n\nDance, go rush the speaker that booms\nI\'m killing your brain like a poisonous mushroom\nDeadly, when I play a dope melody\nAnything less than the best is a felony\nLove it or leave it, you better gain way\nYou better hit bull\'s eye, the kid don\'t play\n\nIf there was a problem, yo, I\'ll solve it\nCheck out the hook while my DJ revolves it\n\nIce Ice Baby Vanilla, Ice Ice Baby Vanilla\nIce Ice Baby Vanilla, Ice Ice Baby Vanilla\n\nNow that the party is jumping\nWith the bass kicked in, and the Vegas are pumpin\'\nQuick to the point, to the point, no faking\nCooking MCs like a pound of bacon\nBurning them they ain\'t quick and nimble\nI go crazy when I hear a cymbal\nAnd a hi hat with a souped up tempo\nI\'m on a roll and it\'s time to go solo\nRollin\' in my 5.0\nWith my ragtop down so my hair can blow\nThe girlies on standby, waving just to say, \"Hi!\"\nDid you stop? No, I just drove by\nKept on pursuing to the next stop\nI busted a left and I\'m heading to the next block\nThat block was dead Yo\nSo I continued to A1A Beachfront Ave.\n\nGirls were hot wearing less than bikinis\nRockman lovers driving Lamborghinis\nJealous \'cause I\'m out getting mine\nShay with a gauge and Vanilla with a nine\nReady for the chumps on the wall\nThe chumps acting ill because they\'re so full of \"Eight Ball\"\nGunshots ranged out like a bell\nI grabbed my nine, all I heard was shells\nFalling on the concrete real fast\nJumped in my car, slammed on the gas\nBumper to bumper, the avenue\'s packed\nI\'m trying to get away before the jackers jack\nPolice on the scene, you know what I mean\nThey passed me up, confronted all the dope fiends\n\nIf there was a problem, yo, I\'ll solve it\nCheck out the hook while my DJ revolves it\n\nIce Ice Baby Vanilla, Ice Ice Baby Vanilla\nIce Ice Baby Vanilla, Ice Ice Baby Vanilla\n\nTake heed, \'cause I\'m a lyrical poet\nMiami\'s on the scene just in case you didn\'t know it\nMy town, that created all the bass sound\nEnough to shake and kick holes in the ground\n\'Cause my style\'s like a chemical spill\nFeasible rhymes that you can vision and feel\nConducted and formed, this is a hell of a concept\nWe make it hype and you want to step with this\nShay plays on the fade, slice like a ninja\nCut like a razor blade so fast, other DJs say, \"Damn.\"\nIf my rhyme was a drug, I\'d sell it by the gram\nKeep my composure when it\'s time to get loose\nMagnetized by the mic while I kick my juice\n\nIf there was a problem, Yo, I\'ll solve it!\nCheck out the hook while D-Shay revolves it.\n\nIce Ice Baby Vanilla, Ice Ice Baby Vanilla\nIce Ice Baby Vanilla, Ice Ice Baby Vanilla\n\nYo, man, let\'s get out of here! Word to your mother!\n\nIce Ice Baby Too cold, Ice Ice Baby Too cold Too cold\nIce Ice Baby Too cold Too cold, Ice Ice Baby Too cold Too cold\n'),(61,'','2017-11-29 18:14:39','Keep On Running','f95aad7a-7528-3c5e-bde8-f96d1a43d565',244706,0,2,NULL,NULL,7,'\n\r\n(Ah, look out, get funky)\n\nKeep on running, baby (baby)\n(look out, get funky)\n\n(Ah, keep busting)\n\nElaborate on the microphone\nPumping some knowledge \'cause my brain ain\'t stoned\nAt least not in ignorance, contempt or arrogance\nI started \'82 and I\'m fresh ever since\nOn the microphone I like to talk about what\'s happened\nIt\'s getting all the ladies, it\'s really not repellent\nWake up back to reality\nI\'m not into bragging, strutting or bigotry\n(Or bigotry, or bigotry, or bigotry, or bigotry)\n\nI get this, you will get dissed\nMy sister ain\'t get nothing \'less the woman was pissed\nThe material thing is what people are looking for\nOnce they had a taste they want more and more and more (more, more, more)\nI tell the truth, yo, sometimes it\'s sad\nBut take it light, my brother, beez like dat\n\nListen to what he says\nIt\'s all about today\nTime is right\n\nKeep on running, baby (baby)\nKeep on running, ba-ba-baby (baby)\n(ah, look out, get funky)\nBa ba-ba, ba ba-ba ba-ba (look out, get funky)\nBa ba-ba, ba ba-ba ba-ba...\n\nListen to what I got to say\nDon\'t go closing your mind, come on, be honest today\nBrothers and sisters, aliens or white girl\nBelieve in yourself so we can make this a nice world\nFor us to live in so start giving peace and love\nHurry up, the clock is ticking\nI tell the truth, yo, sometimes it\'s sad\nTake it light, my brother, beez like dat\n\nListen to what he says\nTime is right\n\nKeep on running, baby (baby)\nKeep on running, ba-ba-baby (baby)\n(ah, keep busting)\nBa ba-ba, ba ba-ba ba-ba...\n\n(Beez like, be-beez like dat)\n(I\'m in love with you, girl)\n(Be-be-beez like dat)\n\nKeep on, ke-keep on, ke-keep on running, baby (baby)\nKeep on running, ba-ba-baby (ba-ba-baby)\nKeep on running, ba-ba-baby (baby)\n'),(62,'','2017-11-29 18:14:40','To Love Somebody','19759970-c01f-3d68-aae1-a00b0c89cbaf',256560,0,3,NULL,NULL,7,''),(63,'','2017-11-29 18:14:41','UK Black','adba4928-9d3a-3140-b91e-d1e27d7eb70d',236400,0,4,NULL,NULL,7,''),(64,'','2017-11-29 18:14:42','Preacher Man','f56ec618-56eb-39b3-bac7-b5723505824e',193973,0,5,NULL,NULL,7,'\n\r\nIts like a magic \nI\'ve got to have it \nWhatever lies out of reach of me \nAnd to despise it \nJust magnifies it \nCan\'t obliterate the need \n\nYou\'re bad news disguised \nDressed and painted with lies \nBut I just can\'t see \nWhen truth is concealed \nHow the danger appeals \nBut my conscience sees \n\nI heard it from the preacher man \nHe said leave that boy alone \nHe\'s no good for you \nI heard it from the preacher man \nHe said heaven must have sent you \nBut the devil\'s gonna get you \nHe\'s gonna do it for you \n\nYou\'re like a black cat \nWho always knows that \nIt\'s life is a mystery \nYou mesmerize me \nAnd then you hypnotize me \n\'Til obsession devours me \n\nYou\'re silky words soothe me \nAs they move me \nTo ecstasy \nAnd just as I\'m falling \nI hear a voice calling \nDon\'t believe \n\nI heard it from the preacher man \nHe said leave that boy alone \nHe\'s no good for you \nI heard it from the preacher man \nHe said heaven must have sent you \nBut the devil\'s gonna get you \nHe\'s gonna do it for you \n\nYou\'re bad news disguised \nDressed and painted with lies \nBut I just can\'t see \nWhen truth is concealed \nHow the danger appeals \nBut my conscience sees \n\nI heard it from the preacher man \nHe said leave that boy alone \nHe\'s no good for you \nI heard it from the preacher man \nHe said heaven must have sent you \nBut the devil\'s gonna get you \nHe\'s gonna do it for you\n'),(65,'','2017-11-29 18:14:43','Kinky Afro','726aec3c-411f-3917-b1e3-78551f412a54',233533,0,6,NULL,NULL,7,''),(66,'','2017-11-29 18:14:44','Promise Me','f3b4e59f-d09c-39b1-85d8-6d17ee6a047f',215426,0,7,NULL,NULL,7,''),(67,'','2017-11-29 18:14:44','Facing Love','32be6f46-2d39-384c-bca2-a4316492640f',226133,0,8,NULL,NULL,7,''),(68,'','2017-11-29 18:14:45','Impulsive','5584bb99-ab5b-39ae-83e0-0ba6b08558fd',269200,0,9,NULL,NULL,7,'\n\r\nThe secret of love\r\nI thought I understood\r\nThe way it\'s supposed to be\r\nI never imagined you could\r\nBlow my theory apart\r\nBut now you\'re running away with my heart\n\n[Chorus:]\r\nI don\'t wanna think about it\r\nDon\'t wanna think clear\r\nDon\'t analyze\r\nWhat I\'m doing here\r\nWanna be impulsive\r\nReckless\r\nAnd lose myself in your kiss\n\r\nArrows through hearts\r\nDrawn on a misty window\r\nYou\'re taking me home in the rain\r\nMy heart, it\'s beating \'Don\'t say no\'\r\nMy head keeps saying \'Take it slow\'\n\n[Chorus]\n\r\nYou\'re giving me a feeling\r\nIt\'s a sudden rush\r\nActing on the moment\r\nSpontaneous, woh\r\nOoh this is not like me\r\nTo follow my heart so easily\n\r\nI am reckless... Impulsive\n\r\nI never imagined you could\r\nBlow my theory apart\r\nBut now you\'re running away... with my heart... my heart\n\n[Chorus]\n\r\nYou\'re giving me a feeling\r\nIt\'s a sudden rush\r\nActing on the moment\r\nSpontaneous\r\nWanna be impulsive... reckless\r\nAnd lose myself in your kiss... woh\n\r\nImpulsive\r\nI wanna be... impulsive\r\nI\'m gonna be impulsive... reckless\r\nAnd lose myself, lose myself\n'),(69,'','2017-11-29 18:14:46','Shine On','eeb6ddd2-5e40-3111-a9dd-628e22cec2ec',289733,0,10,NULL,NULL,7,''),(70,'','2017-11-29 18:14:47','Reach for the Top','4be3f2c2-ebfd-3a47-a4eb-e6b167e63e22',256800,0,11,NULL,NULL,7,''),(71,'','2017-11-29 18:14:47','Where Love Lives','8238e103-9df2-3f27-ba6b-0650a1a4cf9d',221200,0,12,NULL,NULL,7,''),(72,'','2017-11-29 18:14:48','Hello Afrika','b3197970-b659-31c9-9e07-782270b570f4',244000,0,13,NULL,NULL,7,'\n\r\nYo! My name is Dr. Alban, the MD - microphone doctor.\nThis song is dedicated to the people of Afrika.\nSweMix - Gimme some drums!\nYo! Afrikan People! Unite \nCome together for the sake of your future!\nYo! Afrikan People! Unite!\n\nHello Afrika - Tell me how you\'re doin\'!\nHello Afrika - Tell me how you\'re doin\'!\nHello Afrika - Tell me how you\'re doin\'!\nHello Afrika - Tell me how you\'re doin\'!\n\nHello Nigeria! - That\'s my Motherland.\nComing to Sweden now - causin\' hysteria.\nTakes a long time to travel the globe, so why be shy?\nWhy be humble? I just came straight out the jungle.\nYou can\'t compete with me cause you know I got the rhythm.\nI did it before and I\'ll do it again, so listen watcha say.\nYeah hear my point of view.\nNot everyone can do this. \nIn fact only a few sophisticated, hardcreated,\nthat\'s who I am, and you know \nI\'ve been waiting, so start pumping - make some noise! \n\nThe Mandika tribe, the Hausa tribe, \nthe Fulani tribe, the Gooya tribe, the Zulu tribe.\nMi no live in a house - mi live in a tree. \nElectricity can give you a shock.\nMi no smoke no cig - mi no take no coke. \nAll me take is a glass of juice. \n\nHello Afrika - Tell me how you\'re doin\'!\nHello Afrika - Tell me how you\'re doin\'!\nHello Afrika - Tell me how you\'re doin\'!\nHello Afrika - Tell me how you\'re doin\'!\n\nI\'m calling on the big guys from the pyramid top, \nto join bits and pieces of our Fatherland - Afrika.\nCause without boundaries we can move the mountains. \nDrop your personal individual ambitions.\nChase the devil off and purify our Fatherland. \nAfrikan people, crawl from your vultures, stand affirm.\n\'Cause you are the aura of mankind. \nYou are the dreams, you are the hope, you are the future,\nyou are the past, you are the grandfather of civilization. \nThat is why ANC wants old dogs to sit. \n\nThe impossible just takes a little longer. \nOut of this world and inta another world.\nThe earth is spinning round and there\'s so much to discover.\nThe Afrikan man seems to be everywhere. \nIf there are people in the world\nwho knows that right is never wrong. \nStop the fire burning in my home - Afrika.\nMartin Luther King, Mandela - you had a dream, \nself-evidence and quality for men.\nAfrika for me and Afrika far you de Klerk. \nIt doesn\'t really matter whether a cat is black or white,\nwhat really matter is to catch the mouse, \nI\'d rather do it in an Afrikan way,\nhello Afrika tell me you you\'re doin\'! \n\nMmm, jumping on the mike \'cause me a rockin\' up affection.\nWhen I\'m holdin\' me a mike \'cause me awesome affections.\nWhat you say to me. Me a fun and me warm.\nSpend some me a time on the \"tresittia\" dime,\nDon\'t you try to follow me you ought to realize what me are,\nwhat me a realty want. Me not fly.\nNo I am just coolin\' come on now - just set it off! \n\nHello Afrika - Tell me how you\'re doin\'!\nHello Afrika - Tell me how you\'re doin\'!\nHello Afrika - Tell me how you\'re doin\'!\nHello Afrika - Tell me how you\'re doin\'!\n\nI have been mourning, I have been grieving, \nI have been crying, no more tears in my eyes.\nThere\'s a hottie, hottie wind blowing south to north \nfollowing on my head, drying all my plants,\nif there\'s a mercy in the clouds, \nYou know right is never wrong?\nMove the sadist off my back \nand stop the fire burning in my home - Afrika.\nHere comes the news from mighty Lord. \nTransqualation is about to come to Earth.\nRight, rapping is digging down river from north to south. \nTo let milk & honey flow side to side. \n\nMy name is Alban, mi is a dentist, mi DJ here, mi DJ there.\nMi have a shop on Slojdgatan, Alphabet St. is da name,\nMi live in no house, mi live in a flat. Electricity can give you a shock.\nMi smoke no cig, mi take no coke, all me takes is a glass of juice. \n\nHello Afrika - Tell me how you\'re doin\'!\nHello Afrika - Tell me how you\'re doin\'!\nHello Afrika - Tell me how you\'re doin\'!\nHello Afrika - Tell me how you\'re doin\'!\n'),(73,'','2017-11-29 18:16:27','Top of the Bill','44204e43-3a31-3ddf-bcd9-acd9c16e1017',208533,0,1,NULL,NULL,8,'\n\n\nYou\'re a rock-n-roll star\n\nYou are out of the charts\n\nYour blood is cold you\'re getting old\n\nBut your life is rock-n-roll\n\n\nThat crazy rock-n-roll band\n\nIs spinning in your head (in your head)\n\nEach and every way ya make the thoughts\n\nIs about stars on the chart\n\n\nOhhh...and they are top of the bill\n\n\nYou\'re a rock-n-roll star\n\nYou\'ve been the first one on the chart\n\nYou\'ve had glory and fame\n\nRock-n-roll was your game\n\n\nOhhh...and you were top of the bill\n'),(74,'','2017-11-29 18:16:27','They Need a Million','ccfa5ce0-2f03-380a-ad06-d9b239d57f2b',294026,0,2,NULL,NULL,8,'\n\n\nI see a rainbow in the sky\n\nSo many colors and the light\n\nI see the world and I see all the people\n\nHow they\'re running all the time\n\n\nI see your shadow over me\n\nThen in my ears I hear a symphony\n\nI see the world and I see all the people\n\nWhat they are doing what they need\n\n\nThey need a million and a billion\n\nAnd your money too\n\nThey need a million and a billion\n\nAnd your moeny too\n\n\nI feel fine though I realize\n\nThat I don\'t need the million\n\nThey are all poor\n\n\nI feel fine though I have eyes\n\nTo see my world and all it skits on ice\n\n\nI feel fine though I realize\n\nThat I don\'t need the million\n\nThey are all poor\n\n\nI feel fine though I have eyes\n\nTo see my world and all it skits on ice\n'),(75,'','2017-11-29 18:16:27','Longing for Fire','0d71cb28-e4c3-3c3b-bba1-b1d871cfa7ab',167200,0,3,NULL,NULL,8,'\n\n\nFlying with the guys\n\nAnd my longing for fire\n\nCrying like last night\n\nThe night which brings me higher\n\n\nIn search of light\n\nEscape the night one day\n\nShe\'s lost in time\n\nJust miss so high\n\nTime\'s passing by and I\'m\n\nI\'m on my way\n\n\nIn search of light\n\nEscape the night one day\n\nShe\'s lost in time\n\nJust miss so high\n\nTime\'s passing by and I\'m\n\nI\'m on my way\n'),(76,'','2017-11-29 18:16:27','Catch Your Train','d869023c-8612-35ef-9776-70265d2109a3',216840,0,4,NULL,NULL,8,'\n\n\nWake up man it\'s late but not too late,\n\nIt\'s six o\'clock like everyday!\n\n\nGet your things run and forget the rain,\n\nTake powerpills don\'t miss your train!\n\n\nAnd you\'d like to be another\n\nA different guy and a better lover\n\nFor your love, for your life check your way.\n\nAnd you like the Rock\'n\'Roller\n\nA different life and Whisky Cola\n\nBut don\'t be low keep your own style\n\nAnd catch your train!\n\n\nDon\'t be lazy man and work off your ass,\n\nHe\'s the boss you\'ve gotta do what he says!\n\n\nCatch your train, run and forget those ways,\n\nKeep it cool it\'s not too late!\n\n\nAnd you\'d like to be another\n\nA different guy and a better lover\n\nFor your love, for your life check your way.\n\nAnd you like the Rock\'n\'Roller\n\nA different life and Whisky Cola\n\nBut don\'t be low keep your own style\n\nAnd catch your train!\n'),(77,'','2017-11-29 18:16:27','Speedy\'s Coming','af5b392f-ec58-3a25-88ad-66addf0d438d',223333,0,5,NULL,NULL,8,'\n\n\nYou look at a poster\n\nYou look at the wall\n\nThe wall in the room where you live\n\nWhere you live with your stars\n\nJust listen to his records\n\nNow hear what he says\n\nFor he says, \"I love you little girl\n\nCome to see me today\"\n\n\nSpeedy\'s Coming\n\nYou live in his heart\n\nSpeedy\'s Coming\n\nYou live in his heart\n\n\nYou like Alice Cooper\n\nYou like Ringo Starr\n\nYou like David Bowie\n\nAnd friends in the Royal Albert Hall\n\nStick up the pictures, movies, TV\n\nAnd I\'ll bring you the show little girl\n\nCome to see me today\n\n\nSpeedy\'s Coming\n\nYou live in his heart\n\nSpeedy\'s Coming\n\nYou live in his heart\n\n\nYou like Alice Cooper\n\nYou like Ringo Starr\n\nYou like David Bowie\n\nAnd friends in the Royal Albert Hall\n\nStick up the pictures, movies, TV\n\nAnd I\'ll bring you the show little girl\n\nCome to see me today\n\n\nSpeedy\'s Coming\n\nYou live in his heart\n\nSpeedy\'s Coming\n\nYou live in his heart\n\nSpeedy\'s Coming\n\nYou live in his heart\n\nSpeedy\'s Coming\n\nYou live in his heart\n'),(78,'','2017-11-29 18:16:27','Crying Days','692037fd-631e-39b0-b6ea-a76253d68d0d',281160,0,6,NULL,NULL,8,'\n\n\nForce yourself to use your brain,\n\nThe only way to gain,\n\nA lot of things are just a lie.\n\nThis world we love comes down in pain\n\nWith hate and bloody games\n\nA question-mark up in the sky.\n\n\nLook, you can\'t keep away\n\nAnd you can\'t hide\n\nTomorrow, yesterday, today ...\n\n\nSome people say, we\'ll do it better\n\nSome people say, everything\'s good\n\nSome people sing, let\'s come together\n\nBut nobody has ever brought it through\n\nMaybe you and me ...\n'),(79,'','2017-11-29 18:16:27','All Night Long','6ee0d265-8fcc-37c6-b198-f1f310a22431',194240,0,7,NULL,NULL,8,''),(80,'','2017-11-29 18:16:27','This Is My Song','4baf7222-52f1-3534-abf8-029e95f4a9c1',256400,0,8,NULL,NULL,8,'\n\n\nI can\'t believe what the people say\n\nThere\'s only hate everywhere\n\nSo many people go different ways\n\nSo many things don\'t you care\n\n\nThey see nobody, they see themselves\n\nBut a stage like in a show\n\nThey see the hell, and they need your help\n\nThey need your help, they need love, love\n\n\nThis is my song\n\nI tell you about the story of love\n\nThis is my song\n\nI tell you about the story of love\n\n\nThis is my song\n\nI tell you about the story of love\n\nThis is my song\n\nI tell you about the story of love\n\n\nI think I need you, you need me too\n\nThe place where we live is here\n\nThe world is griping what can I do\n\nFor you and you everywhere\n\n\nI sing this song \'bout the world of love\n\nAnd hope you hear what I say\n\nForever freedom, forever love\n\nForever love everyday\n'),(81,'','2017-11-29 18:16:27','Sun in My Hand','ff4835c8-5ff7-3c14-8d92-0101bde9bb1f',265666,0,9,NULL,NULL,8,'\n\n\nYeah... I\'d like to tell you something now\n\nBefore madness shows her lucid feathers in the Sky...\n\n\nHow can you lose your mind\n\nHow can you waste your time only like that ?\n\nLook at the sun inside of my hand so bright\n\nI call it music -\n\nAnd if you touch you\'ll see\n\nIt comes from infinity\n\nIt\'s made forever\n\nYou will not touch in vain\n\nMusic will make you sane\n\nWill make you sane\n'),(82,'','2017-11-29 18:16:27','We\'ll Burn the Sky','b65181f1-b45d-327e-91e9-dd02eaea0964',496160,0,10,NULL,NULL,8,'\n\n\nI\'m in love with the sunshine\n\nI\'m in love with the falling rain \n\nEverything seems to call your name \n\nYesterday you were leaving\n\nLeaving life and all the pain\n\nEverything wants you back again.\n\n\nI\'ve found myself through you\n\nAnd there was love in my life\n\nI felt always naturally high and my love had a home\n\nBut now my mind has started to roam\n\nYou\'re my life giving fire and you carried all my love \n\nThrough you I was so inspired \n\nYou\'re engraved deep in my heart\n\n\nMy dreams recall us being one\n\nI\'ve searched for you to be free\n\nMy force of life you have always been\n\nI Feel blue since you\'ve gone\n\nYour breath of love surrounded me\n\nWhen can I rejoin you to be free\n\n\nWait, can this be a dream\n\nThere is a voice in my head\n\nIt belongs to you, it say\'s\n\nDon\'t cry, no need to be sad\n\nThere\'s a way to stay with you again \n\nIt\'s more than you ever had \n\nAnd no death brings us apart \n\nOur timeless love always grows\n\nBecause you are in my other heart\n\n\nI know we\'ve never been apart\n\nYour love sets fire to my heart\n\nWe\'ll burn the sky\n\nWhen it\'s time for me to die \n\nWe\'ll burn the sky...\n'),(83,'','2017-11-29 18:17:23','Gravity','4eb9be73-a845-41af-a9a9-b1efcb6425ca',232133,0,1,NULL,NULL,9,''),(84,'','2017-11-29 18:17:24','Save Me','d0cae2d8-0e43-424d-a04a-a16f507de627',235560,0,2,NULL,NULL,9,''),(85,'','2017-11-29 18:17:25','Deep Deep Sleep','d9017eb8-4313-47bf-8eba-daf1746277a9',338533,0,3,NULL,NULL,9,''),(86,'','2017-11-29 18:17:26','Prime Time Vision','9d2c195d-67e2-426b-bb75-590b12be0618',265240,0,4,NULL,NULL,9,''),(87,'','2017-11-29 18:17:26','World Of Wonders','591bddf1-b140-4a25-95fb-8b25ea670ab0',283400,0,5,NULL,NULL,9,''),(88,'','2017-11-29 18:17:27','Queen','d919f1cd-2d71-495f-99e5-3e81c569ddf8',288760,0,6,NULL,NULL,9,''),(89,'','2017-11-29 18:17:28','I Wonder Why','3df7e76a-19b9-44d0-95b5-2abcd91de5fe',303866,0,7,NULL,NULL,9,''),(90,'','2017-11-29 18:17:28','Here We Stand','01deb685-8624-4dd0-8038-80f172876366',231800,0,8,NULL,NULL,9,''),(91,'','2017-11-29 18:17:29','A Power Above','d504b667-f767-48c0-a207-8ae909153905',313266,0,9,NULL,NULL,9,''),(92,'','2017-11-29 18:17:30','For Whom The Bells Toll','b8d87927-e1ba-47bd-828d-6730519e8042',249000,0,10,NULL,NULL,9,''),(93,'','2017-11-29 18:18:47','Larger Than Life','56ff536a-d17f-46e0-a16a-c583dc800069',236000,0,1,NULL,NULL,10,''),(94,'','2017-11-29 18:18:47','What Do Ya Know About Love','771263d4-e3bc-4301-9475-80d23c388e4f',234000,0,2,NULL,NULL,10,''),(95,'','2017-11-29 18:18:47','Shot of Poison','2955d221-14d7-43d6-860b-20b511c06b6c',212000,0,3,NULL,NULL,10,''),(96,'','2017-11-29 18:18:48','Bad Love','3ee56101-e1ae-484f-b82a-339d0d173d78',260000,0,4,NULL,NULL,10,'\n\r\nWake up now darlin\'\nI got a reason to believe\nThis love ain\'t gonna last the night\nYou\'ve opened my eyes, now I\'m a little bit wiser\nA little bite colder\nThere\'s no easy way\nTo let you down and tell you\nI don\'t love you anymore\nHave a little respect, don\'t beg\nI don\'t need it, I never wanted it anyway\nSo stop what you\'re saying\nIt\'s more than I can take\nWe\'ve reached the end, there\'s no defense\nI had enough of this bad, bad, love\nYeah\nDon\'t fool yourself\nI could never forgive you\nAnd I damn sure won\'t forget ya\nIn Heaven or Hell every tear that I\'ve cried\nWill come back to haunt you yet\nDon\'t be surprised if one of these mornings\nBad luck comes knockin\' at your door\nOh, no, you\'ll find out\nHell hath no fury like this woman that you\'ve scorned\nStop, don\'t say it\nIt\'s more than I can take\nWe\'ve reached the end, there\'s no defense\nI\'ve had enough of this bad love\nDon\'t be surprised\nIf one of these mornings\nBad luck comes knockin\' at your door\nHave a little respect, don\'t beg\nI don\'t need it, it doesn\'t matter anymore\nStop, don\'t say it\nDon\'t try to make me see\nWe\'ve reached the end, there\'s no defense\nI had enough of this bad, bad, love\n'),(97,'','2017-11-29 18:18:48','Playin’ With Fire','7dba0fcf-a516-4e98-9541-070bb3fa8a2b',246000,0,5,NULL,NULL,10,''),(98,'','2017-11-29 18:18:49','Hellbound Train','35f95943-5314-4883-8de7-33008695a11c',370000,0,6,NULL,NULL,10,'\n\r\nBad luck and trouble\nCrashin\' through my veins\nAnd I ain\'t bound for glory\nThere\'s a devil in my brain\nGot a fistful of whiskey, a suitcase full of sin\nAn\' there\'s a thousand nasty habits\nUnderneath my skin\nWe can fly on wings of the flames\nComin\' down hard, only yourself to blame\nPlayin\' so tough in a deadly game\nAin\'t that a shame\nGoin\' down tonight on a Hellbound train\nGoin\' down tonight on a Hellbound train\nI\'m a speed demon baby, movin\' way too fast\nYou put a dagger through my soul\nBut you\'ll never kick my ass, oh, no\nWe can fly on the wings of the flames\nComin\' down hard, only yourself to blame\nPlayin\' so tough in a deadly game\nAin\'t that a shame\nGoin\' down tonight on a Hellbound train\nGoin\' down tonight on a Hellbound train\nGoin\' down tonight, I\'m Hellbound\nAin\'t good for nothin\', nothing\'s what I crave\nI\'m your Angel of Darkness\nAnd I\'ll see you in Hell one day\nWe can fly on the wings of the flames\nComin\' down hard, only yourself to blame\nPlayin\' so tough in a deadly game\nAin\'t that a shame\nGoin\' down tonight on a Hellbound train\nGoin\' down tonight on a Hellbound train\nGoin\' down tonight, I\'m Hellbound\nOn a Hellbound train\n'),(99,'','2017-11-29 18:18:50','Black Widow','708dedf9-55e6-48bc-b4e0-53f3558cd125',213000,0,7,NULL,NULL,10,'\n\r\nSpider web stockings\nAt the pearly gates\nRuby lips, Revlon kiss\nBorn to seal your fate\nBeautiful and deadly\nMaking love in a suicide bed\nOnce you taste that poison, darling, you\'re dead\nCatch you in those dark eyes\nSteal your breath away\nBlack Widow\nThe curse on her calls your name\nTo this wicked game called love\nBlack Widow\nThough you know her kisses kill\nYou can\'t resist that deadly thrill\nBlack Widow\nLong legs squeeze you tight\nHold you for one endless night\nHer touch is cold, her bite is deep\nShe\'s everything you\'ll ever need\nCatch you in those dark eyes\nSteal your life away\nBlack Widow\nThe curse on her calls your name\nTo this wicked game called love\nBlack Widow\nThough you know her kisses kill\nYou can\'t resist that deadly thrill\nBlack Widow\nComin\' outta the dark, hey\nBlack Widow\nGoin\' straight for your heart, hey, Black Widow\nWidow\nHa, yeah\nThe curse on her calls your name\nTo this wicked game called love\nBlack Widow\nThough you know her kisses kill\nYou can\'t resist that deadly thrill\nBlack Widow\nComin\' outta the dark, hey\nBlack Widow\nGoin\' straight for your heart, hey, Black Widow\nWidow\n'),(100,'','2017-11-29 18:18:54','Little Too Early','d5837307-2c9b-43c6-be8b-d31d4a85dd71',178000,0,8,NULL,NULL,10,'\n\r\nLook into my eyes and tease me\nWhat am I supposed to do\nI should try and run just as far as I can get from you\nYour love feels so very easy\nNothin\' I can say to you\nI better turn away before you melt me right through\n\'Cause I was born just a little too early\nYou came along just a little too late\nWe hang around just a little bit longer\nSomebody\'s heart is gonna break\nIt\'s gonna break\nStanding on the edge of willing\nAll you gotta do is touch me right\nEvery time you do what you do, it gets so hard to fight\nThe magic in your eyes is true\nIf I could only look away\nI\'m beggin\' you to leave so I won\'t have to beg you to stay\n\'Cause I was born just a little too early\nYou came along just a little too late\nWe hang around just a little bit longer\nSomebody\'s heart is gonna break\nIt\'s gonna break\nThe magic in your eyes is true\nIf I could only look away\nI\'m beggin\' you to leave so I won\'t have to beg you to stay\nI won\'t have to beg you to stay\n\'Cause I was born just a little too early\nYou came along just a little too late\nIf we hang around just a little bit longer\nSomebody\'s heart is gonna break\nI was born just a little too early\nYou came along just a little too late\nWe hang around just a little bit longer\nSomebody\'s heart is gonna break\nI was born just a little too early\nYou came along just a little too late\nWe hang around just a little bit longer\nSomebody\'s heart is gonna break\n'),(101,'','2017-11-29 18:18:54','Holy Man','ba69d0a3-96ec-4cd2-bf1e-e372bbbe9dec',283000,0,9,NULL,NULL,10,'\n\r\nLead me into temptation\nSave me with your healing hands\nShow me the fires of creation\nBaby be my holy man\nFlames in the Garden of Eden\nHeaven in pieces at my feet\nI faced the raging ruin\nOf a million sleepless nights\nI need to rest my weary head\nOn your resurrection bed\nStorms across the horizon\nWhirlwind tuggin\' at my sleeve\nJust when my heart was turning\nTo an icy shade of blue\nYou came into the night\nHeld me so close\nHow the hell ya found me\nGod only knows\nLead me into temptation\nSave me with your healing hands\nShow me the fires of creation\nBaby be my holy man\nLies in the Valley of Evil\nLike shadows fallin\' \'cross my eyes\nWhen there\'s no sanctuary\nYou came and turned the storms away\nYou made the darkest night in my life\nInto Judgement Day\nLead me into temptation\nSave me with your healing hands\nShow me the fires of creation\nBaby be my holy man\nI see forever in your eyes\nFor your love\nI would make any sacrifice, yeah\nLead me into temptation\nSave me with your healing hands\nShow me the fires of creation\nBaby be my holy man\nLead me into temptation\nSave me with your healing hands\nShow me the fires of creation\nBaby be my holy man\nLead me into temptation\nSave me with your healing hands\nShow me the fires of creation\nBaby be my holy man\nLead me into temptation\nSave me with your healing hands\nShow me the fires of creation\nBaby be my holy man\n'),(102,'','2017-11-29 18:18:55','Tambourine Dream','28c9c2fb-a6ff-47a0-aa3d-58e61ac1aa05',293000,0,10,NULL,NULL,10,''),(103,'','2017-11-29 18:18:56','Little Black Spider','91bc3528-6086-49e2-ad2b-0db2ecabb393',108000,0,11,NULL,NULL,10,''),(104,'','2017-11-29 18:18:57','The Time of My Life','ad199f1e-7695-3002-aead-089ad0e2ca44',289000,0,1,NULL,NULL,11,''),(105,'','2017-11-29 18:19:54','Unchained Melody','0dd34f2b-224f-3020-8607-78e48dfd51ad',217000,0,2,NULL,NULL,11,''),(106,'','2017-11-29 18:19:54','Two Hearts','85ded593-634e-33b5-ac35-9cef3a157bb7',204000,0,3,NULL,NULL,11,'\n\r\nWell, there was no reason to believe she\'d always be there\nBut if you don\'t put faith in what you believe in\nIt\'s getting you nowhere\nCos it hurts, you never let go\nDon\'t look down, just look up\nCos she\'s always there to behind you, just to remind you\n\nTwo hearts, believing in just one mind\nYou know we\'re two hearts believing in just one mind\n\nCos there\'s no easy way to, to understand it\nThere\'s so much of my life in her, and it\'s like I\'m blinded\nAnd it teaches you to never let go\nThere\'s so much love you\'ll never know\nShe can reach you no matter how far\nWherever you are\n\nTwo hearts, believing in just one mind\nBeating together till the end of time\nYou know we\'re two hearts believing in just one mind\nTogether forever till the end of time\n\nShe knows (she knows)\nThere\'ll always be a special place in my heart for her\nShe knows, she knows, she knows\nYeah, she knows (she knows)\nNo matter how far apart we are\nShe knows, I\'m always right there beside her\n\nWe\'re two hearts...\n'),(107,'','2017-11-29 18:19:55','Where Do I Begin','5e1556e9-9fb1-319b-b3e6-74204cf06d78',190000,0,4,NULL,NULL,11,''),(108,'','2017-11-29 18:19:56','If We Hold On Together','fd9bc9a4-b1ad-3cf7-908a-bc43c65a9196',250000,0,5,NULL,NULL,11,'\n\r\nDon\'t lose your way\nwith each passing day\nYou\'ve come so far\nDon\'t throw it away\nLive believing\nDreams are for weaving\nWonders are waiting to start\nLive your story\nFaith, hope and glory\nHold to the truth in your heart\n\nIf we hold on together\nI know our dreams will never die\nDreams see us through to forever\nWhere clouds roll by, for you and I\n\nSouls in the wind\nMust learn how to bend\nSeek out a star\nHold on to the end\n\nValley...Mountain\nThere is a fountain\nWashes our tears all away\nWords are swaying\nSomeone is praying\nPlease let us come home to stay\n\nIf we hold on together\nI know our dreams will never die\nDreams see us through to forever\nWhere clouds roll by\nFor you and I\n\nWhen we are out there in the dark\nWe\'ll dream about the sun\nIn the dark we\'ll feel the light\nWarm our hearts...everyone\n\nIf we hold on together\nI know our dreams will never die\nDreams see us through to forever\nAs high as souls can fly\nThe clouds roll by\nFor you and I\n'),(109,'','2017-11-29 18:19:57','When a Man Loves a Woman','f27f1222-1cbf-3ba1-8912-8c2596639393',172000,0,6,NULL,NULL,11,'\n\r\nWhen a man loves a woman,\nCan\'t keep his mind on nothin\' else,\nHe\'d change the world for the good thing he\'s found.\nIf she is bad, he can\'t see it,\nShe can do no wrong,\nTurn his back on his best friend if he put her down.\nWhen a man loves a woman,\nHe\'ll spend his very last dime\nTryin\' to hold on to what he needs.\nHe\'d give up all his comforts\nAnd sleep out in the rain,\nIf she said that\'s the way\nIt ought to be.\nWell, this man loves you, woman.\nI gave you everything I have,\nTryin\' to hold on to your heartless love.\nBaby, please don\'t treat me bad.\nWhen a man loves a woman,\nDown deep in his soul,\nShe can bring him such misery.\nIf she is playin\' him for a fool,\nHe\'s the last one to know.\nLovin\' eyes can never see.\nWhen a man loves a woman\nHe can do her no wrong,\nHe can never want\nSome other girl.\nYes,When a man loves a woman\nI know exactly how he feels,\n\'Cause baby, baby, you\'re my world\nWhen a man loves a woman....\n'),(110,'','2017-11-29 18:19:58','Moon River','0be33f07-28ce-394e-be95-b56679fc4418',163000,0,7,NULL,NULL,11,''),(111,'','2017-11-29 18:19:59','These Arms of Mine','5d0ff166-90c3-342a-a68a-f4cf346b931c',152000,0,8,NULL,NULL,11,'\n\r\nThese arms of mine\nThey are lonely\nLonely and feeling blue\nThese arms of mine\nThey are yearning\nYearning from wanting you\n\nAnd if you\nWould let them\nHold you Oh how grateful I will be\n\nThese arms of mine\nThey are burning\nBurning from wanting you\nThese arms of mine\nThey are wanting\nWanting to hold you\n\nAnd if you\nWould let them hold you\nOhh how grateful I will be\n\nCome on, come on baby\nJust be my little woman (yeah)\nJust be my lover I need somebody,\n(Somebody) To treat me right\n(Ohh) I need your warm loving arms to hold me tight\nAnd I need your tender lips too\nHold me, hold me\n'),(112,'','2017-11-29 18:20:00','Up Where We Belong','573720de-637a-3289-8fa4-bbeb1d764855',233000,0,9,NULL,NULL,11,'\n\r\nWho knows what tomorrow brings\nIn a world, few hearts survive\nAll I know is the way I feel\nWhen it\'s real, I keep it alive\n\nThe road is long, there are mountains in our way\nBut we climb a step every day\n\nLove lift us up where we belong\nWhere the eagles cry on a mountain high\nLove lift us up where we belong\nFar from the world we know, where the clear winds blow\n\nSome hang on to \"used to be\"\nLive their lives, looking behind\nAll we have is here and now\nAll our life, out there to find\n\nThe road is long, there are mountains in our way\nBut we climb them a step every day\n\nLove lift us up where we belong\nWhere the eagles cry on a mountain high\nLove lift us up where we belong\nFar from the world we know, where the clear winds blow\n\nTime goes by\nNo time to cry\nLife\'s you and I\nAlone, baby\n\nLove lift us up where we belong\nWhere the eagles cry on a mountain high\nLove lift us up where we belong\nFar from the world we know, where the clear winds blow\n\nLove lift us up where we belong\nWhere the eagles cry on a mountain high\nLove lift us up where we belong\n'),(113,'','2017-11-29 18:20:01','It Must Have Been Love','6d99759c-a234-3e97-8cde-8f0bc7afca68',259000,0,10,NULL,NULL,11,'\n\r\n(it must have been love but it\'s over now)\n\nLay a whisper on my pillow,\nLeave the winter on the ground.\nI wake up lonely, there\'s air of silence\nIn the bedroom and all around\n\nTouch me now, I close my eyes and dream away.\n\nIt must have been love but it\'s over now.\nIt must have been good but I lost it somehow.\nIt must have been love but it\'s over now.\nFrom the moment we touched, \'til the time had run out.\n\nMake-believing we\'re together\nThat I\'m sheltered by your heart.\nBut in and outside I\'ve turned to water\nLike a teardrop in your palm.\n\nAnd it\'s a hard winter\'s day, I dream away.\n\nIt must have been love but it\'s over now.\nIt was all that I wanted, now I\'m living without.\nIt must have been love but it\'s over now,\nIt\'s where the water flows, it\'s where the wind blows.\n\nIt must have been love but it\'s over now.\nIt must have been good but I lost it somehow.\nIt must have been love but it\'s over now.\nFrom the moment we touched, \'til the time had run out.\n\nYeah, it must have been love but it\'s over now.\nIt was all that I wanted, now I\'m living without.\nIt must have been love but it\'s over now,\nIt\'s where the water flows, it\'s where the wind blows.\n\n(must have been love but it\'s over now [2x])\n'),(114,'','2017-11-29 18:20:02','Stay','fc4e34d3-fad2-35b7-90ff-807e0218eaa0',233000,0,11,NULL,NULL,11,''),(115,'','2017-11-29 18:21:00','Room With a View','eb5befb2-6c2a-3c0f-8238-f706c95ec127',202000,0,12,NULL,NULL,11,''),(116,'','2017-11-29 18:21:01','Sealed With a Kiss','bf63d095-28ae-3eb3-bbce-25ae355d03d8',161000,0,13,NULL,NULL,11,''),(117,'','2017-11-29 18:21:02','Glory of Love','025f3b21-ef79-3d56-a76b-0ae10fd9571f',262000,0,14,NULL,NULL,11,'\n\r\nTonight it\'s very clear\n\'Cause we\'re both lying here\nThere\'s so many things I wanna say\nI will always love you\nI would never leave you alone\n\nSometimes I just forget\nSay things I might regret\nIt breaks my heart to see you crying\nI don\'t wanna lose you\nI could never make it alone\n\nI am a man who will fight for your honor\nI\'ll be the hero you\'re dreaming of\nWe\'ll live forever\nKnowing together\nThat we did it all for the glory of love\n\nYou keep me standing tall\nYou help me through it all\nI\'m always strong when you\'re beside me\nI have always needed you\nI could never make it alone\n\nI am a man who will fight for your honor\nI\'ll be the hero\nYou\'ve been dreaming of\nWe\'ll live forever\nKnowing together that we did it all\nFor the glory of love\n\nIt\'s like a knight in shining armor\nFrom a long time ago\nJust in time I will save the day\nTake you to my castle far away\n\nI am a man who will fight for your honor\nI\'ll be the hero that you\'re dreaming of\nWe\'re gonna live forever\nKnowing together\nThat we did it all for the glory of love\n\nWe\'ll live forever\nKnowing together\nThat we did it all for the glory of love\n\nWe did it all for love\nWe did it all for love\nWe did it all for love\nWe did it all for love\n'),(118,'','2017-11-29 18:21:02','Here’s to You','96ff09e0-6dc3-3bc8-b4bd-f628f9873a50',191000,0,15,NULL,NULL,11,''),(119,'','2017-11-29 18:21:03','Reality','ed4ac548-cd44-3c60-ae01-18636fa195d0',241000,0,16,NULL,NULL,11,''),(120,'','2017-11-29 18:21:04','As Time Goes By','eca0a877-a094-3590-b682-5d6efe1ed3f8',160000,0,17,NULL,NULL,11,''),(121,'','2017-11-29 18:21:04','Can’t Help Falling in Love','dd80a23d-9dee-39b4-a7b6-0c6d6820dfb2',178000,0,18,NULL,NULL,11,''),(122,'','2017-11-29 18:22:45','To the Unknown Man','82a65831-9af9-31b2-89a7-3a95824cbfac',542000,0,1,NULL,NULL,12,''),(123,'','2017-11-29 18:22:46','Pulstar','f745c1b7-c190-3f02-b21d-88f410835884',345000,0,2,NULL,NULL,12,''),(124,'','2017-11-29 18:22:46','Spiral','58f4cb48-c2fa-385e-91d1-1d1ced4708cb',415000,0,3,NULL,NULL,12,''),(125,'','2017-11-29 18:22:47','12 O’Clock','cfb89571-5e99-3dbf-bb47-7cf52ff5674f',325000,0,4,NULL,NULL,12,''),(126,'','2017-11-29 18:22:48','Bacchnale','682db449-2e7b-3076-b053-54b71bbeaadb',278000,0,5,NULL,NULL,12,''),(127,'','2017-11-29 18:22:48','Dervish D','46d9c458-46e6-3e6f-ae63-5e0aaba6060b',313000,0,6,NULL,NULL,12,''),(128,'','2017-11-29 18:22:49','Alpha','b127200a-66bd-3ede-8fb5-b947132d8be5',345000,0,7,NULL,NULL,12,''),(129,'','2017-11-29 18:22:50','Albedo 0.39','f95401ce-63d6-3775-92b8-087cdbd050d0',262000,0,8,NULL,NULL,12,''),(130,'','2017-11-29 18:22:50','Theme From the TV Series “Cosmos” (Heaven and Hell, 3rd Movement)','2f467a9c-8259-3d97-a188-f78d2d30449b',243000,0,9,NULL,NULL,12,''),(131,'','2017-11-29 18:22:51','So Long Ago, So Clear','74a0cf15-84d1-30e2-9973-293dc7f247b3',303000,0,10,NULL,NULL,12,''),(132,'','2017-11-29 18:22:51','Sword of Orion','7dc410b8-f553-3bf6-bdf6-7c5c0739760a',116000,0,11,NULL,NULL,12,''),(133,'','2017-11-29 18:22:52','A Way','361d9f1e-0bea-3a60-b06c-ad0d1588cfd6',205000,0,12,NULL,NULL,12,''),(134,'','2017-11-29 18:22:53','Ballad','e4a70421-2633-3378-9dfa-4efc2f075c98',506000,0,13,NULL,NULL,12,''),(135,'','2017-11-29 18:23:35','I Like It (house mix)','37cc52f4-d7bc-4287-922e-cf4da980f27b',345766,0,1,NULL,NULL,13,''),(136,'','2017-11-29 18:23:36','I Like It (party mix)','cbe199d9-3b49-4f55-a8b5-0a7d2d15b02c',298216,0,2,NULL,NULL,13,''),(137,'','2017-11-29 18:23:36','I Like It (flip mix)','b3810603-5114-412f-a7e0-9da4593d24cd',259951,0,3,NULL,NULL,13,''),(138,'','2017-11-29 18:23:37','I Like It (radio mix)','3e3296ff-c46d-44d1-b1ce-cc0c5c9e28a7',225652,0,4,NULL,NULL,13,''),(139,'','2017-11-29 18:23:45','She’s Gone','aeee8d1e-c602-3907-8929-5f034aecc158',315040,0,1,1667,NULL,14,'\n\r\nEverybody\'s high on consolation\nEverybody\'s trying to tell me what is right for me, yeah\nMy daddy tried to bore me with a sermon\nBut it\'s plain to see that they can\'t comfort me\n\nSorry, Charlie, for the imposition\nI think I got it (got it), I got the strength to carry on, oh yeah\nI need a drink and a quick decision\nNow it\'s up to me, ooh, what will be\n\nShe\'s gone, she\'s gone\nOh, why\nOh, why\nI better learn how to face it\nShe\'s gone, she\'s gone\nOh, why\nOh, why\nI\'d pay the devil to replace her\nShe\'s gone, and she\'s gone\nOh why, what went wrong?\n\nGet up in the morning, look in the mirror\nI\'m worn as a toothbrush hanging in the stand, yeah\nMy face ain\'t looking any younger\nNow I can see love\'s taken a toll on me\n\nShe\'s gone, she\'s gone\nOh, why\nOh, why\nI better learn how to face it\nShe\'s gone, and she\'s gone\nOh, why\nOh, why\nI\'d pay the devil to replace her\nShe\'s gone, and she\'s gone\nOh why, what went wrong?\n\nThink I\'ll spend eternity in the city\nLet the carbon and monoxide choke my thoughts away, yeah\nAnd pretty bodies help dissolve the memories\nThey can never be what she was (was) to (to) me\n\nShe\'s gone, she\'s gone\nOh, why\nOh, why\nI better learn how to face it\nShe\'s gone, and she\'s gone\nOh, why\nOh, why\nI\'d pay the devil to replace her\nShe\'s gone, and she\'s gone\nOh, why, what went wrong?\n\nShe\'s gone\nOh, why, I better learn how to face it\nShe\'s gone, she\'s gone\nI can\'t believe that she\'s gone\nOh, why, I\'d pay the devil to replace her\nShe\'s gone\nOh, why, I better learn how to face it\nShe\'s gone, she\'s gone\nI can\'t believe that she\'s gone\nOh, why, I\'d pay the devil to replace her\nShe\'s gone, she\'s gone\nShe\'s gone, she\'s gone\nShe\'s gone, she\'s gone\n'),(140,'','2017-11-29 18:23:46','Sara Smile','16003d04-487d-34a8-b3f0-afaacf50647f',187266,0,2,1667,NULL,14,'\n\r\nBaby hair with a woman\'s eyes\nI can feel you watching in the night\nAll alone with me and we\'re waiting for the sunlight\n\nWhen I feel cold, you warm me\nAnd when I feel I can\'t go on, you come and hold me\nIt\'s you and me forever\n\nSara, smile\nOh, won\'t you smile awhile for me, Sara?\n\nIf you feel like leaving you know you can go\nBut why don\'t you stay until tomorrow?\nAnd if you want to be free\nYou know all you got to do is say so\n\nWhen you feel cold, I\'ll warm you\nAnd when you feel you can\'t go on, I\'ll come and hold you\nIt\'s you and me forever\n\nSara, smile\nOh, won\'t you smile awhile for me, Sara?\nSara, smile\nOh, won\'t you smile awhile, Sara?\n\nSmile\nOh, won\'t you smile awhile for me, Sara?\nOh, smile awhile\nWon\'t you laugh, Sara?\nThank you for making me feel like a man\nKeeping me crazy, crazy\nSmile awhile\n'),(141,'','2017-11-29 18:23:47','Rich Girl','372ee737-ff21-32d0-af5f-3f09fa38518d',143893,0,3,1667,NULL,14,'\n\r\nYou\'re a rich girl, and you\'ve gone too far\n\'Cause you know it don\'t matter anyway\nYou can rely on the old man\'s money\nYou can rely on the old man\'s money\nIt\'s a bitch girl but it\'s gone too far\n\'Cause you know it don\'t matter anyway\nSay money but it won\'t get you too far\nGet you too far\n\nDon\'t you know, don\'t you know\nThat it\'s wrong to take what is given you\nSo far gone, on your own\nYou can get along if you try to be strong\nBut you\'ll never be strong \'cause\n\nYou\'re a rich girl, and you\'ve gone too far\n\'Cause you know it don\'t matter anyway\nYou can rely on the old man\'s money\nYou can rely on the old man\'s money\nIt\'s a bitch girl and it\'s gone too far\n\'Cause you know it don\'t matter anyway\nSay money but it won\'t get you too far\nGet you too far\n\nHigh and dry, out of the rain\nIt\'s so easy to hurt others when you can\'t feel pain\nAnd don\'t you know that a love can\'t grow\n\'Cause there\'s too much to give, \'cause you\'d rather live\nFor the thrill of it all, oh\n\nYou\'re a rich girl, and you\'ve gone too far\n\'Cause you know it don\'t matter anyway\nYou can rely on the old man\'s money\nYou can rely on the old man\'s money\nIt\'s a bitch girl and it\'s gone too far\n\'Cause you know it don\'t matter anyway\nSay money but it won\'t get you too far\nSay money but it won\'t get you too far\nSay money but it won\'t get you too far\nGet you too far\n\nAnd you say\nYou can rely on the old man\'s money\nYou can rely on the old man\'s money\nYou\'re a rich girl, a rich girl\nOh, you\'re a rich, rich girl yeah\nSay money but it won\'t get you too far\nOh, get ya too far\n'),(142,'','2017-11-29 18:23:48','Back Together Again','c3ae55b6-3e9c-332a-9cf6-f69f16b8da5c',206666,0,4,1667,NULL,14,'\n\r\nHe\'s back together again\nYeah ev\'ryone is glad that he\'s together again\nJust like the old days, old days, old days\nYeah he could sing, he could sing, he could sing\nHe\'s back together again\n\nYou know he\'s still got the moves\nYou know the grooves still there\nJust like the old days old days, old days\nYeah he could sing, he could sing, Listen to him sing\n\nBack together again, back together again singing the same old story\nBack together again, back together again\nThe old songs never end\nGives you something to believe in\n\nRemember sixty-five\nWell the kids are all grown up\nBut their records are still alive\nJust like the old days, old days, old days\nYeah he could sing, he could sing, he could sing\nHe\'s back riding high\nThe charts are full of love, he\'s on ev\'rybody\'s dial\nJust like the old days, old days, old days\nYeah he could sing, he could sing\nListen to him sing\n\nBack together again, back together again Singing the same old story\nBack together again, back together again\nThe old songs never end\nThat\'s you something to believe in\nThe old songs never end\nOh just listen to him sing\n\nBack together again, back together again\nSinging the same old story\nBack together again, back together again\nThe old songs never end\nAnd that\'s you something to believe in\n'),(143,'','2017-11-29 18:23:49','You’ve Lost That Lovin’ Feeling','3f7839f4-1ec2-3b11-8b40-b00710a6b66c',250200,0,5,1667,NULL,14,'\n\r\nYou never close your eyes anymore\nWhen I kiss your lips\nAnd there\'s no tenderness\nLike before in your finger tips\nYou\'re trying hard not to show it (baby)\nBut baby, baby I know it\n\nYou\'ve lost that lovin\' feelin\'\nWhoa, that lovin\' feelin\'\nYou\'ve lost that lovin\' feelin\'\nNow it\'s gone, gone, gone\nWhoa, oh-whoa, oh-whoa\n\nThere\'s no welcome look in your eyes\nWhen I reach for you\nAnd girl you\'re starting to\nCriticize little things I do\nOoh, it makes me just feel like cryin\' (baby)\n\'Cause baby something beautiful\'s dyin\'\n\nYou\'ve lost that lovin\' feelin\'\nWhoa, that lovin\' feelin\'\nYou\'ve lost that lovin\' feelin\'\nNow it\'s gone, gone, gone\nWhoa, oh-whoa, oh-whoa\n\nBaby baby I get down on my knees for you\n(Get down on my knees)\nIf you would only love me\nLike you used to\n(If you would only love me, love me)\nWe had a love, a love, a love\nYou don\'t find everyday\n(A love you don\'t find)\nSo don\'t, don\'t, don\'t\nLet it slip away (away)\n\nI said baby\nBaby (baby)\nBaby (baby)\n(I\'m beggin you please)\nI\'m begging you please\nI need your love\n(I need your love)\nI need your love\nSo bring it on back\n(Bring it on back)\nAh, bring it on back\nNow bring it on back\n\nYou\'ve got to\nBring back that lovin\' feelin\'\nWhoa, that lovin\' feelin\'\nBring back that lovin\' feelin\'\n\'Cause it\'s gone, gone, gone\nAnd I can\'t go on\nWhoa, oh-whoa, oh-whoa\n\nBring back that lovin\' feelin\'\nWhoa, that lovin\' feelin\'\nBring back that lovin\' feelin\'\n\'Cause it\'s gone, gone, gone\n\nBring back that lovin\' feelin\'\nWhoa, that lovin\' feelin\'\nBring back that lovin\' feeling\n\'Cause it\'s gone, gone, gone\n'),(144,'','2017-11-29 18:23:50','Kiss on My List','8e645fd6-8816-3a96-8330-cfa1473a6f5e',233066,0,6,1667,NULL,14,'\n\r\nMy friends wonder why\nI call you all of the time\nWhat can I say\nI don\'t feel the need\nTo give such secrets away\nYou think maybe I need help\nNo, I know I\'m right. Alright\nI\'m just better off\nNot listening to friends\' advice\nWhen they insist on knowing my bliss\nI tell them this\nWhen they want to know\nWhat the reason is\nI only smile when I lie\nThen I tell them why\n\n(Because your kiss) your kiss\nIs on my list\n(Because your kiss) your kiss\nIs on my list\nBecause your kiss is on my list\nOf the best things in life\n(Because your kiss) your kiss\nIs on my list\n(Because your kiss) your kiss\nI can\'t resist\nBecause your kiss is what I miss\nWhen I turn out the light\n\nI go crazy wondering\nWhat there is to really see\nDid the night just take up your time\n\'Cos it means more to me\nSometimes I forget what I\'m doing\nI don\'t forget what I want, what I want\nRegret what I\'ve done\nRegret you\nI couldn\'t go on\nBut if you insist\nOn knowing my bliss\nI\'ll tell you this\nIf you want to know\nWhat the reason is\nI\'ll only smile when I lie\nThen I\'ll tell you why\n\n(Because your kiss) your kiss\nIs on my list\n(Because your kiss) your kiss\nIs on my list\nBecause your kiss is on my list\nOf the best things in life\n(Because your kiss) your kiss\nIs on my list\n(Because your kiss) your kiss\nI can\'t resist\nBecause your kiss is what I miss\nWhen I turn out the light\n\n[Instrumental Interlude]\n\nI really miss you babe\n\n(Because your kiss) your kiss\nIs on my list\n(Because your kiss) your kiss\nIs on my list\nBecause your kiss is on my list\nOf the best things in life\nOh, man (Because your kiss) your kiss\nIs on my list\n(Because your kiss) your kiss\nI can\'t resist\nBecause your kiss is what I miss\nWhen I turn out the light\n(Because your kiss) your kiss\nIs on my list\n(Because your kiss) your kiss\nI can\'t resist\nBecause your kiss is on my list\nOf the best things in life\n'),(145,'','2017-11-29 18:23:51','Everytime You Go Away','ca8246b1-ae3e-3f72-b549-5e0f6fbbdc5f',323333,0,7,1667,NULL,14,'\n\r\nBabe, if we can\'t solve any problems\nWhy do we lose so many tears?\nWhoa, so you go again\nWhen the leading man appears\nAlways the same thing\nBut can\'t you see we\'ve got everything\nGoing on and on and on?\n\nAnd everytime you go away\nYou take a piece of me with you\nAnd everytime you go away\nYou take a piece of me with you, you\n\nGo on and go free\nMaybe you\'re too close to see\nI can feel your body move\nBut doesn\'t mean that much to me\nI can\'t go on singing the same theme\n\'Cause you can\'t see we\'ve got everything\nBaby, even though you know \n\nThat everytime you go away\nYou take a piece of me with you\nYou just don\'t care\nEverytime you go away\nYou take a piece of me with you, you\n\n\'Cause you can\'t see we\'ve got everything\nBaby, even though you know\nThat everytime you go away\n(Everytime you go away)\n(Everytime you go away)\nWhy you have to go away right now?\n(Everytime you go away)\n(Everytime you go away)\nGo on and go away, girl\n(Everytime you go away)\nI don\'t understand why you gotta go, girl\n(Everytime you go away)\nGo on and go free\nEven though you mean so much to me\n(Everytime you go away)\nI don\'t understand, baby\n(Everytime you go away)\nOh baby, baby, everytime you go\n(Everytime you go away)\nYou don\'t know, you don\'t know\nBeause you never understand, girl\n(Everytime you go away)\nWhy you have to go away right now?\n(Everytime you go away)\nEverytime you go, girl\n(Everytime you go away)\nGo on, go on and go free\n(Everytime you go away)\nBaby, you mean so much to me\nI\'ll never understand why you gotta go, girl\n(Everytime you go away)\nI don\'t understand, girl\n(Everytime you go away)\nI don\'t know go, I don\'t know go\nI don\'t know go, I don\'t know go\nI don\'t know go, I don\'t know go\n(Everytime you go away)\nGo girl, go girl, gotta go girl\nYou won, babe\n(Everytime you go away)\nBaby, baby, baby\n(Everytime you go away)\n'),(146,'','2017-11-29 18:23:51','Private Eyes','f5b8c6bf-1415-35ec-a21e-e53c8e760386',218173,0,8,1667,NULL,14,'\n\n\nI see you, you see me\nWatch you blowin\' the lines\nWhen you\'re making a scene\nOh girl, you\'ve got to know\nWhat my head overlooks\nThe senses will show to my heart\nWhen it\'s watching for lies\nYou can\'t escape my\n\nPrivate Eyes\nThey\'re watching you\nThey see your every move\nPrivate Eyes\nThey\'re watching you\nPrivate Eyes\nThey\'re watching you\nWatching you\nWatching you\nWatching you\n\nYou play with words\nYou play with love\nYou can twist it around, baby\nThat ain\'t enough\n\'Cos girl\nI\'m gonna know\nIf you\'re letting me in\nOr letting me go\nDon\'t lie\nWhen you\'re hurting inside\n\'Cos you can\'t escape my\n\nPrivate Eyes\nThey\'re watching you\nThey see your every move\nPrivate Eyes\nThey\'re watching you\nPrivate Eyes\nThey\'re watching you\nWatching you\nWatching you\nWatching you\n\n[Instrumental Interlude]\n\nWhy you try to put up a front for me\nI\'m a spy but on your side, you see\nSlip on into any disguise\nI\'ll still know you\nLook into my Private Eyes\nThey\'re watching you\nThey see your every move\nOh, babe, Private Eyes\nThey\'re watching you\nPrivate Eyes\nThey\'re watching you, yeah\nThey see your every move\nThey see it\nOoooh, they\'re watching you\nPrivate Eyes\nThey\'re watching you...\n'),(147,'','2017-11-29 18:23:51','I Can’t Go for That (No Can Do)','33abd663-71f8-31ea-8237-2ad10af01782',225066,0,9,1667,NULL,14,'\n\n\nEasy, ready, willing, overtime\nWhere does it stop\nWhere do you dare me\nTo draw the line\nYou\'ve got the body\nNow you want my soul\nDon\'t even think about it\nSay, no go\nI, I-I, I \'ll do anything\nThat you want me to do\nYeah, I, I-I, I\'ll do almost anything\nThat you want me too, ooh\nYeah\n\nBut I can\'t go for that, nooo\n(No)\nNo can do\nI can\'t go for that, nooo\n(No)\nNo can do\nI can\'t go for that, nooo\n(No)\nNo can do\nI can\'t go for that\nCan\'t go for that\nCan\'t go for that\nCan\'t go for that\n\nI can go for being twice as nice\nI can go for just repeating\nThe same old lines\nUse the body\nNow you want my soul\nOoh, forget about it\nNow say, no go\n\nI, I-I, I \'ll do anything\nThat you want me to do\nYeah, I, I-I, I\'ll do almost anything\nThat you want me too, ooh\nYeah\n\nBut I can\'t go for that, nooo\n(No)\nNo can do\nI can\'t go for that, nooo\n(No)\nNo can do\nI can\'t go for that, nooo\n(No)\nNo can do\nI can\'t go for that\nCan\'t go for that\nCan\'t go for that\nCan\'t go for that, yeah\n\n[Instrumental Interlude]\n\nYeah, I, I-I, I \'ll do anything\nThat you want me to do\nYeah, I, I-I, I\'ll do almost anything\nThat you want me too, ooh\nYeah\n\nBut I can\'t go for that, nooo\n(No)\nNo can do\nI can\'t go for that, nooo\n(No)\nNo can do\nI can\'t go for that, nooo\n(No)\nNo can do\nI can\'t go for that\nCan\'t go for that\nCan\'t go for that\nCan\'t go for that, yeah..\n'),(148,'','2017-11-29 18:23:52','Maneater','2f824426-f7aa-3e03-bf5b-0dcb6283e664',270333,0,10,1667,NULL,14,'\n\r\nShe\'ll only come out at nights\nThe lean and hungry type\nNothing is new\nI\'ve seen her here before\nWatching and waiting\nOoh, she\'s sittin\' with you\nBut her eyes are on the door\n\nSo many have paid to see\nWhat you think\nYou\'re gettin\' for free\nThe woman is wild\nA she-cat tamed\nBy the purr of a Jaguar\nMoney\'s the matter\nIf you\'re in it for love\nYou ain\'t gonna get too far\n\n(Oh-oh, here she comes)\nWatch out boy\nShe\'ll chew you up\n(Oh-oh, here she comes)\nShe\'s a maneater\n(Oh-oh, here she comes)\nWatch out boy\nShe\'ll chew you up\n(Oh-oh, here she comes)\nShe\'s a maneater\n\nI wouldn\'t if I were you\nI know what she can do\nShe\'s deadly man\nAnd she could really rip your world apart\nMind over matter\nOoh, the beauty is there\nBut a beast is in the heart\n\n(Oh-oh, here she comes)\nWatch out boy\nShe\'ll chew you up\n(Oh-oh, here she comes)\nShe\'s a maneater\n(Oh-oh, here she comes)\nWatch out boy\nShe\'ll chew you up\n(Oh-oh, here she comes)\nShe\'s a maneater\n\n[Instrumental Interlude]\n\nOoooooooh\n(Oh-oh, here she comes)\nHere she comes\nWatch out boy\nShe\'ll chew you up\n(Whoa-oh, here she comes\n(Watch out) she\'s a maneater\n(Oh-oh, here she comes)\n(She\'s a maneater)\nOoh, she\'ll chew you up\n(Oh-oh, here she comes)\nHere she comes, she\'s a maneater\n(Oh-oh, here she comes)\n(Watch out)\nShe\'ll only come out at night, ooh-oh\n(Oh-oh, here she comes)\nHere she comes\nShe\'s a maneater\n(Oh-oh, here she comes)\n(She\'s a maneater)\nThe woman is wild, whoooa\n(Oh-oh, here she comes)\nHere she comes\nWatch out boy, watch out boy\n(Oh-oh, here she comes)\nOh, watch out, watch out\nWatch out, watch out\n(Oh-oh, here she comes)\n(Yeah, yeah) she\'s a maneater\n(Oh-oh, here she comes)\n(She\'s a maneater)\nShe\'s watching and waiting, ooh-oh\n(Oh-oh, here she comes)\nOh, she\'s a maneater\n'),(149,'','2017-11-29 18:23:53','One on One','94e7046e-9dd3-30eb-8c73-ef38147566c9',237026,0,11,1667,NULL,14,'\n\r\nI\'m tired of playing on the team\nOoooh, it seems I don\'t get time out anymore\nWhat a change if we set the pace face to face\nNo one even trying to score\nAnd oh, oh, I can feel the magic of your touch\nUmm-humm, And when you move in close\nA little bit means so much\nAnd ooh yeah, you\'ve got to understand, baby\nTime out is what I\'m here for\n\nWhoooa, one on one\nI wanna play that game tonight\nOne on one I know\nI wanna play that one on one\nI wanna play that game tonight\nOne on one so slow\nOoooooh-oh\n\nOooooh, you can\'t tell me you don\'t miss me girl\nI think I might know you too well, whooooa\nI (wonder what) you\'d say if you knew\nThat I was coming tonight\n(Want to)\nI want you can\'t you tell\n\nOoooh, whoooa, one on one\nI wanna play that game tonight\nOne on one I know\nI wanna play that one on one\nI wanna play that game tonight\nOne on one so slow\nOoooooh-oh\nThat\'s all you need to know now\n\n[Instrumental Interlude]\n\n\'Cause if it\'s really right\nThere\'s nothing else\nOne on one\nI wanna play that game tonight\nOoooh-oh mmmmmmm\nOne on one\nI wanna play that game tonight\n(One on one)\nOoooooh-oh\nOne on one\nI wanna play that game tonight\n(One on one I wanna play that game tonight)\nOoooooh-oh\nOne on one I wanna play that game\n(One) on one (on one) on one, girl\n(On one) ooooooh, there\'s nothing else\n(On one) but you and me (on one)\nI want no one else (on one)\nI don\'t want no one else (on one)\nOh, baby, I\'m tired of playing (on one)\nI\'m tired of playing (on one)\nI don\'t want to play those games no more...\n'),(150,'','2017-11-29 18:23:54','Family Man','4fc06af3-f26e-345e-a3fa-8a0f7a607c79',206573,0,12,1667,NULL,14,'\n\r\nShe had sulky smile\nShe took her standard pose\nAs she presented herself\nShe had sultry eyes\nShe made it perfectly plain\nThat she was his for a price\n\nBut he said, leave me alone\nI\'m a family man\nAnd my bark is much worse\nThan my bite\nHe said, leave me alone\nI\'m a family man\nBut if you push me too far\nI just might\n\nShe wore hurt surprise\nAs she rechecked her make-up\nTo protect herself\nDropped her price and pride\nShe made it totally clear\nThat she was his for a night\n\nBut he said (leave me alone)\nI\'m a family man\nAnd my bark is much worse\nThan my bite\nHe said (leave me alone)\nI\'m a family man\nBut if you push me too far\nI just might\n\nShe gave him her look\nIt would\'ve worked\nOn any other man around\nHe looked her up and down\nShe knew he couldn\'t decide\nIf he should hold his ground\n\nBut he said (leave me alone)\nI\'m a family man\nAnd my bark is much worse\nThan my bite\nHe said (leave me alone)\nI\'m a family man\nBut if you push me too far\nI just might\n\nShe turned, tossed her head\nUnlike her opening move\nHer final exit line\nHe waited much too long\nBut by the time he got his courage up\nShe was gone\n\nThen he screamed (leave me alone)\nI\'m a family man\nAnd my bark\nIs much worse than my bite\nHe said (leave me alone)\nI\'m a family man\nBut if you push me too far\nI just might\n\nHe said (leave me alone)\nI\'m a (family man)\nAnd I don\'t think I want tonight\nAnd he said (leave me alone)\nI\'m a family man\nBut if you push me too far\nI just might\nHe said (leave me alone)\nI\'m a family man\nAnd my bark is much worse\nThan my bite\nHe said (leave me alone)\nI\'m a family man\nIf you push me too far\nI just might\nHe said (leave me alone)\nI\'m a family man\nLeave me alone\n\'Cause I\'ve got to go home\n'),(151,'','2017-11-29 18:23:55','Adult Education','a3f78a60-a32d-3917-aa8d-27c862bf8b9f',240560,0,13,1667,NULL,14,'\n\r\nAfternoon in the homeroom\nThey\'re about to let you go\nAnd the locker slam\nOn the plan you had tonight\nYou\'ve been messin\' around with a boyfriend\nMaybe better left alone\nThere\'s a wise guy that you know\nCould put you right\nIn the lot the boy that\'s idling by\nDoesn\'t rev your heart\n\'Cause it\'s only lonely spots\nHe shares with you\nAnd long halls and the gray walls\nAre gonna split apart\nBelieve it or not\nThere\'s life after high school\n\nAnd that\'s why\nThe student body got a bad reputation\n(Oh, yeah, oh, yeah)\nWhat they need is adult education\nBack to school it\'s a bad situation\n(Oh, yeah, oh, yeah)\nWhat you want is an adult education\n\nOh, yeah\nThe teacher don\'t know about how to deal\nWith the student body (huh, huh)\nAnd the underclassmen are flashing\nHot and cool (huh, huh)\nBut your girlfriends care\nAbout watch and wear\nAnd talkin about it (huh, huh)\nBelieve it or not\nThere\'s life after high school (huh, huh)\nThat\'s right\n\nThe student body got a bad reputation\n(Oh, yeah, oh, yeah)\nWhat they need is adult education\nYou go back to school\nIt\'s a bad situation\n(Oh, yeah, oh, yeah)\nWhat you want is an adult education\nOh, yeah\n\nThey\'re calling it preparation (huh, huh)\nYou\'re waiting for a separation\nYou\'re nothing but another odd number (huh, huh)\nMemories that you won\'t remember\nSo you got a little education (huh, huh)\nAnd a lot of dedication\nBut you want a little night school (huh, huh)\nMaybe some of it\'ll rub off on ya\nThe boys are busy in the mirrors (huh, huh)\nTrying to imitate their heroes\nYou make it with a false surrender (huh, huh)\nMore memories you won\'t remember\nThe senior with the Junior Miss (huh, huh)\nI wonder what the junior wishes\nThat she could graduate to adult (huh, huh)\nThat she could graduate to adult kisses\n\nAdult education\nAdult education\nAdult education\nIt\'s a bad situation\nAdult education\n'),(152,'','2017-11-29 18:23:56','Out of Touch','7d74d32e-0525-3b52-b489-0c11d3ec6b72',262706,0,14,1667,NULL,14,'\n\n\nShake it up is all that we know\nUsing the bodies up as we go\nI\'m waking up to fantasy\nThe shades all around\nAren\'t the colors we used to see\nBroken ice still melts in the sun\nAnd times that are broken\nCan often be one again\nWe\'re soul alone\nAnd soul really matters to me\nTake a look around\n\nYou\'re out of touch\nI\'m out of time (time)\nBut I\'m out of my head\nWhen you\'re not around\nYou\'re out of touch\nI\'m out of time (time)\nBut I\'m out of my head\nWhen you\'re not around\nOh, oh-oh, oh\nOh, oh-oh, oh\n\nReaching out for something to hold\nLooking for a love\nWhere the climate is cold\nManic moves and drowsy dreams\nOr living in the middle\nBetween the two extremes\nSmoking guns hot to the touch\nWould cool down\nIf we didn\'t use them so much\nWe\'re soul alone\nAnd soul really matters to me\nToo much\n\nYou\'re out of touch\nI\'m out of time (time)\nBut I\'m out of my head\nWhen you\'re not around\nYou\'re out of touch\nI\'m out of time (time)\nBut I\'m out of my head\nWhen you\'re not around\nOh, oh-oh, oh\nOh, oh-oh, oh...\n\n(Out of touch)\nOut of touch\n\nYou\'re out of touch\nI\'m out of time (time)\nBut I\'m out of my head\nWhen you\'re not around\nYou\'re out of touch\nI\'m out of time (time)\nBut I\'m out of my head\nWhen you\'re not around..\n'),(153,'','2017-11-29 18:23:56','Method of Modern Love','678a9605-1d78-370c-a6a3-cef52a1b622c',333000,0,15,1667,NULL,14,'\n\n\nM-E-T-H-O-D-O-F-L-O-V-E\nM-E-T-H-O-D-O-F-L-O-V-E\n\nIn the moonlight, under starlight\nSongs old as the night\nAre what I\'ve been dreaming of\n\nEverybody\'s hard as iron\nLocked in the modern world\nDreams are made of a different stuff\n\nI believe love will always be the same (love)\nThe ways and means are the parts subject to change\n\nM-E-T-H-O-D-O-F-L-O-V-E\nIt\'s a method of modern love\nM-E-T-H-O-D-O-F-L-O-V-E\nIt\'s a method of modern love\n\nI can call you, got your number\nShare my life with you\nA thousand miles away\n\nIf you\'ve hurt me\nI haven\'t shown it\nTime\'s too tight to fight\nAnd we\'re never face to face\n\nStyle is timeless\nThey say fashion\'s only now (lo-lo-love)\nWe\'ve got the ways\nNo one needs to show us how\n\nM-E-T-H-O-D-O-F-L-O-V-E\nIt\'s a method of modern love\nM-E-T-H-O-D-O-F-L-O-V-E\nIt\'s a method of modern love\nM-E-T-H-O-D-O-F-L-O-V-E\nIt\'s a method of modern love\nM-E-T-H-O-D-O-F-L-O-V-E\nIt\'s a method of modern love\n\n(Method of, method of)\n(Method of, method of)\nM-E-T-H-O-D-O-F-L-O-V-E\n(Love, love, love)\nM-E-T-H-O-D-O-F-L-O-V-E\n(Love, love)\n\nIt\'s a modern love\nM-E-T-H-O-D-O-F-L-O-V-E\nI know what you\'re dreaming of\nM-E-T-H-O-D-O-F-L-O-V-E\nWhat we\'ve got is a method of modern love\nM-E-T-H-O-D-O-F-L-O-V-E\n(It\'s a method of)\n\nIt\'s a method of modern love\nM-E-T-H-O-D-O-F-L-O-V-E\n(We know what we\'re doing, don\'t we)\nWe know what we\'re doing, don\'t we\nM-E-T-H-O-D-O-F-L-O-V-E\nIn the moonlight, in the starlight\nSongs old as night\nOh, what are we dreaming of?\n(It\'s a method of)\nIt\'s a method of modern love\nM-E-T-H-O-D-O-F-L-O-V-E\n\nDreams are made of a different stuff\nEmanating in a method of modern love\nPresent tense, past time behind\nDon\'t fall for the same old line\n\nM-E-T-H-O-D-O-F-L-O-V-E\nDon\'t you know that\nIt\'s a method of love\n\nI got the way with words\nI got a way with rhyme\nI do believe that I\'m inclined\nTo look ahead and not behind\n\nI got the method, baby\nAnd it\'s right on time\nIt\'s the method of modern love\n\nM-E-T-H-O-D-O-F-L-O-V-E\nI know what you\'re dreaming of\n'),(154,'','2017-11-29 18:23:59','Everything Your Heart Desires','dd5f26b2-79e2-3db5-9afa-e76ac5770f0a',300066,0,16,1667,NULL,14,'\n\r\nYou say you can\'t stand to be\nTied so close to a lover\nOoh you feel like a prisoner\nAnd you wanna find someone who will let you out\nCan\'t you see the heartbeat that you know so well\nIs better than some strange one you\'re looking for\nSay you never know that strange one just might be me\n\nCan\'t you see -\nYou Have Everything Your Heart Desires\nSo why d\'you want more\nIf you had everything your heart desired\nWould you still want more\nYou Have Everything Your Heart Desires\nWhy d\'you wont more\nIf you Have Everything Your Heart Desires\nOh baby will you still want more\n\nYou tell me your best friend\'s world seems beautiful\nbut don\'t be fooled\nIt\'s nice work if you can get it\nWhat goes on behind closed doors you don\'t know\nMaybe she cries herself to sleep every nite\nSorry that the heartbeat that she knows so well\nAin\'t what she\'s looking for\nSay you never know that strange heart just might be me\n\nCan\'t you see -\nYou Have Everything Your Heart Desires\nSo why d\'you want more\nIf you had everything your heart desired\nWould you still wand more\nYou Have Everything Your Heart Desires\nWhy d\'you want more\nIf you have Everything Your Heart Desires\nWill you still want more\n\nMaybe you\'ll confess\nGirl you\'ll see\nIf you want.the world\nThink of me\nNo words can help\nDon\'t be sad\n\'Cause baby what you want is what you have\n'),(155,'','2017-11-29 18:23:59','So Close','d31fcd4a-2888-32fe-a21d-cb5bcbfa449d',279760,0,17,1667,NULL,14,'\n\r\nThey met on the dance floor in the old high school gym\nHe fell like a rock\nShe kinda liked him\nAnd his heart beat like thunder as they moved cross the floor\nBut when the music was over she slipped out the door\nYeah a man loves a woman but he can\'t understand\nWhy she\'s sad when she stares at the ring on her hand\nThen she sits in some club where the long shadows fall\nDrops a coin in the jukebox not the phone on the wall\n\n[Chorus:]\nSo close\nYet so far away\nWe believe in tomorrow and a better day\nWe lie down to sleep so close\nYet so far away\n\nThere\'s a restless look in you eye tonight\nThere\'s a secret hurt in my heart\nAnd the dream that pulls us together girl\nIs a dream that keeps us\nSo close\nYet so far away\n\nSome people think if you really believe\nThat\'s all you need to solve all the mysteries\nWell I know someone who just heads for the sun\nShe says \"I don\'t wanna be wise, I just wanna stay young\"\n\n[Chorus]\n\nThere\'s a restless look in your eye tonight\nThere\'s a secret hurt in my heart\nAnd the dream that pulls us together girl is a dream\nThat\'s gonna tear us apart\n'),(156,'','2017-11-29 18:24:00','Starting All Over Again','bc9b3a62-655e-3dcb-b8b5-d3c1fc1c3a04',246600,0,18,1667,NULL,14,'\n\r\nStarting all over again is gonna be rough, so rough\nBut we\'re gonna make it\nStarting all over as friends is gonna be rough, on us\nBut we gotta face it\n\nWe lost what we had\nThat\'s why it hurt so bad\nIt set us back a thousand years\nWe\'re gonna make it up\nThough it\'s gonna be rough\nTo erase all the hurt and tears\n\nStarting all over again is gonna be hard\nBut I pray that the love will help us make it\nStarting all over again is gonna be slow\nBut we both know that we can make it\n\nWe gotta take life as it comes\nAnd never worry about who\'s right or wrong\nIt\'s an uphill climb\nTo the finish line\nWe\'re gonna try to make it\nOne more time\n\nStarting all over again is gonna be rough, so rough\nBut we\'re gonna make it\nStarting all over as friends is gonna be tough, on us\nBut we gotta face it\n\nStarting all over again is gonna be hard\nBut I pray that the love will help us make it\nStarting all over again is gonna be slow\nWe both know that we\'re gonna make it\n'),(157,'','2017-11-29 18:25:11','The Gutter','fade27bf-7624-3ea8-98f3-ea3ddfa27115',64040,0,1,NULL,NULL,15,''),(158,'','2017-11-29 18:25:13','Metal Eater','8414575b-2138-3a09-b9e7-2df9243c2ac9',222093,0,2,NULL,NULL,15,'\n\r\nIt slits you up- deep inside\nIt hits you here right between your eyes\nIt\'s somehow evil- red-hot and weird\nA dangerous feeling- you never want it\nIt turns you inside out\n\nDon\'t know why I can\'t beat it\nIt feels like burning steel\nIt sounds like grinding metal sheets\n\nMetal eater- it always gets you\nMetal eater- money eating murder slot machine- metal eater\n\nIf you would know- how to stop\nBut you\'re hooked to the bandits for your life\nAnd as you see it- it\'s better than to run\nBut you\'re dead wrong- it\'s gonna kill ya\nIt\'s gonna smash you after all\n\nDon\'t know why I can\'t beat it\nIt feels like burning steel\nIt sounds like grinding metal sheets\n\nMetal eater- it always gets you\nMetal eater- money eating murder slot machine- metal eater\n\nDon\'t know why I can\'t beat it\nIt feels like burning steel\nIt sounds like grinding metal sheets\n\nMetal eater- it always gets you\nMetal eater- money eating murder slot machine- metal eater\n\nMetal eater- with a smile it\'s gonna kill ya\nMetal eater- money eating murder slot machine\n\nMetal eater- burning steel- it\'s somehow evil\nMetal eater- no one stops the money eating murder slot machine\n'),(159,'','2017-11-29 18:25:13','Thunderforce','86e7a7f3-1502-30eb-8b02-2fb0d9e0d11b',219533,0,3,NULL,NULL,15,'\n\r\nThunder- thunderforce\nThunder- thunderforce\n\nIn a lonely night- stars are shining bright\nMy soul is wandering- striking the universe\nI am flying to a light- to a point of no return\nIn the name of a master- some spirit picks me up\n\nOh- I feel the heat\nGetting attacked- I\'m fighting back\nOh- is this the light- the light of glory\n\nThunder- thunderforce- lightning strikes again\nThunder- thunderforce- lightning strikes again\n\nGetting closer- you will see- the master- that\'s yourself, oh yeah\n\nOh- I feel the heat\nGetting attacked- I\'m fighting back\nOh- is this the light- the light of glory\n\nThunder- thunderforce- lightning strikes again\nThunder- thunderforce- lightning strikes again\n\nThunder- thunderforce- striking the universe\nThunder- thunderforce- getting attacked- I\'m fighting back\n\nThunder- thunderforce- lightning strikes again\nThunder- thunderforce- dancing on fire- dancing in hell\n\nThunderforce\n'),(160,'','2017-11-29 18:25:14','Overloaded','c40fabe9-c28d-34b5-bcd8-c81358ac7c01',64933,0,4,NULL,NULL,15,''),(161,'','2017-11-29 18:25:15','Burning Heat','ceb963c6-e833-3fac-b393-9daf3fd3a279',193640,0,5,NULL,NULL,15,'\n\r\nBurning in my heart- burning in my soul\nGotta have it more and more- hot and overloaded\nStarving for some fun tonight- always dressed to kill\nDon\'t tell me what I need- I need the thrill indeed\n\nDon\'t stop me now\nI\'ll run you over- bastard\nGet out of my way\nI feel mighty great\n\nBurning heat- gets me- burning heat\nBurning heat- breaks me- burning heat\n\nCan\'t you see it coming- stronger than a bull\nGet yourself going- you\'re too easy to beat\nDon\'t forget I\'m strong- powerful and straight\nI can take you on \'cause I am hard to break\n\nDon\'t stop me now\nI\'ll run you over- bastard\nGet out of my way\nI feel mighty great\n\nBurning heat- gets me- burning heat\nBurning heat- breaks me- burning heat\n\nBurning heat- gets me- burning heat\nBurning heat- breaks me- burning heat\nBurning heat- leads me- burning heat\nBurning heat- feeds me- burning heat\n\nBurning in my heart- burning in my soul\nGotta have it more and more- hot and overloaded\n\nBurning heat- gets me- burning heat\nBurning heat- breaks me- burning heat\nBurning heat- leads me- burning heat\nBurning heat- feeds me- burning heat\n'),(162,'','2017-11-29 18:25:17','Back in Pain','f4f7bd61-7c01-3ba8-8104-7cfd858c7a38',226693,0,6,NULL,NULL,15,'\n\r\nFight for the right thing\nFight for yourself-no one should run your life\nBelieve in you- it\'s just the best to do\n\nBefore you\'re giving up\nStay put and give yourself a chance to grow\nGet tough and rough- defend yourself on time\n\nGet coming back for more\nYou gotta push it through\nYou\'re gonna make the truth come true\n\nBack in pain- freedom is not free\nBack in pain- freedom is not free\n\nYou see yourself so busy\nDoing things people always telling you to do\nNo matter what- always on your own\n\nFight just for the right thing\nGo all the way and never ever change it\n\nGet coming back for more\nYou gotta push it through\nYou\'re gonna make the truth come true\n\nBack in pain- I wanna see your pride\nBack in pain- freedom is not free\nBack in pain- you\'re gonna win this fight\nBack in pain- freedom is not free, yeah\n\nOh yeah, you can\'t do it on your own\nI tell ya nothing, nothing new\nYou gotta see yourself as what you are\nBlinded by light and lost- lost in the dark\n\nBack in pain- I wanna see your pride\nBack in pain- freedom is not free\nBack in pain- you\'re gonna win this fight\nBack in pain- freedom is not free, yeah\n\nBack in pain- I wanna see your pride\nBack in pain\n'),(163,'','2017-11-29 18:25:18','Timebomb','688ef9cd-c059-3d29-a3c5-ee6c113a0a5c',237306,0,7,NULL,NULL,15,'\n\r\nIf God would be a liar\nHe would be just like us\nWe think he knows of madness\nWho says he\'s got to be real\n\nWe can\'t wait another day\nWhere do we go from here\nA sin is not the only way\nBut that\'s how it seems to be\n\nWe are timebombs- cold killing machines\nWe are timebombs- cold killing machines\n\nThe world is spitting fire\nOn sun and moon and stars\nIt can\'t be our desire\nWriting the rules on the wall\n\nWe can\'t wait another day\nWhere do we go from here\nA sin is not the only way\nBut that\'s how it seems to be\n\nWe are timebombs- cold killing machines\nWe are timebombs- cold killing machines\nWe are timebombs- cold killing machines\nWe are timebombs- cold killing machines\n\nWe can\'t wait another day\nWhere do we go from here\nA sin is not the only way\nBut that\'s how it seems to be\n\nWe are timebombs- cold killing machines\nWe are timebombs- cold killing machines\nWe are timebombs- cold killing machines\nWe are timebombs- cold killing machines\n'),(164,'','2017-11-29 18:25:19','Powersquad','ef0d591a-632a-3493-9cd5-c998a6779bb2',252933,0,8,NULL,NULL,15,'\n\r\nPreparing for the masses who will fight a horror war\nWith a little bit of luck and a powerful attack\nGonna force the allied law\n\nSpreading death and blood- terrorizing all the world\nIn a bloody kinda hope like a killer working dope\nLiving weapons- cold as ice\n\nWithout a sign of fear in their face\nThey stand up in this serious race\nNothing to lose much to gain\nCalling the shots in this game\n\nPowersquad rules- powersquad wins\nForcing you to run\nPowersquad rules- powersquad wins\nYour life is in their hands\n\nDefending all their idols hard as the burning land\nIn the middle of the night in a darkest hiding hole\nLiving legends will be born\n\nPreaching peace of love- emphasizing to be strong\nIt\'s another kind of fight for another holy right\nLiving peaceful in this world\n\nWithout a sign of fear in their face\nThey stand up in this serious race\nNothing to lose much to gain\nCalling the shots in this game\n\nPowersquad rules- powersquad wins\nForcing you to run\nPowersquad rules- powersquad wins\nYour life is in their hands\n\nWe see them die- we see them cry\nPain and heartache- losses of lives\nIn their fearless hearts- they\'re rising high\nTo just another world of eternity\n\nWithout a sign of fear in their face\nThey stand up in this serious race\nNothing to lose much to gain\nCalling the shots in this game\n\nPowersquad rules- powersquad wins\nForcing you to run\nPowersquad rules- powersquad wins\nYour life is in their hands\n\nPowersquad rules- powersquad wins\nForcing you to run\nPowersquad rules- powersquad wins\nYour life is in their hands\n'),(165,'','2017-11-29 18:25:20','Kick in the Face','c5f08baa-d726-3559-98c8-ba1e95d0d237',226760,0,9,NULL,NULL,15,'\n\r\nSometimes it\'s not fair\nToo many lies are told\nHere we go- don\'t blame me\nWhat are you lying for\n\nDon\'t treat me like a toy\nI have been through this pain\nLong before- again and again\nI believe that it\'s much too much\n\nI only listen to my heart\nIt\'s never telling me a lie\nI only listen to my heart\n\nLike a kick in the face- sentimental lies\nLike a kick in the face- sentimental lies\n\nDon\'t you dare to hurt me\nIt\'s my life- and it\'s real\nI\'m not your fool\nI will fight for my right\n\nI only listen to my heart\nIt\'s never telling me a lie\nI only listen to my heart\n\nLike a kick in the face- sentimental lies\nLike a kick in the face- sentimental lies\nLike a kick in the face\n\nLet\'s get right down to it\nI hate the way you talk\nI\'m leaving all the bad times\nI leave it all- all for you\n\nI only listen to my heart\nIt\'s never telling me a lie\nI only listen to my heart\n\nIt\'s like a kick in your face- sentimental lies\nLike a kick in your face- sentimental lies\n\nIt\'s like a kick in your face- sentimental lies\nLike a kick in your face- sentimental lies\n'),(166,'','2017-11-29 18:25:31','Soldiers of Darkness','6ad48f23-7457-33fe-99de-4b685605c8d4',251866,0,10,NULL,NULL,15,'\n\r\nThese are the creatures- born to be wild\nNightmares and pictures of uncertain kind\nBorn again to kill- any luscious dream\nCaught in a war- where they love you to be\n\nIn the darkest night- they taunt ya\nMean- in the way they haunt ya\n\nIs that the fight you battle for\nEverything is dark- pain is creeping up\nWake up chilled with fear- like never before\nTonight- tonight- gonna have to push for more\n\nIn the darkest night- they taunt ya\nMean- in the way they haunt ya\n\nHey you- take me higher- higher to the danger zone\nTo the danger zone\n\nThey love your sweat - they are collecting tears\nYou die- you cry- just a dream and nothing more\nYou cannot hide- you cannot fight\nAll you want is leave- leave this evil dream\n\nIn the darkest night- they taunt ya\nMean- in the way they haunt ya\n\nHey you- take me higher- higher to the danger zone\nHey you- take me higher- higher to the danger zone\n\nBut morning light will free you\nFears and tears are gone\nHere they die- the darkness\' soldiers- another war is won\n\nThese are the creatures- born to be wild\nNightmares and pictures of uncertain kind\nWake up chilled with fear- like never before\nTonight- tonight- gonna have to push for more\n\nIn the darkest night- they taunt ya\nMean- in the way they haunt ya\n\nHey you- take me higher- higher to the danger zone\nHey you- take me higher- higher to the danger zone\n\nBut morning light will free ya\nFears and tears are gone\nHere they die- the darkness\' soldiers- another war is won\n'),(167,'','2017-11-29 18:25:32','Metal Maniac Master Mind','209adbdb-be09-3ac2-9be9-2336ad2b59e9',341200,0,11,NULL,NULL,15,'\n\r\nYou sense his picture without a clue\nYou feel his presence- you think it\'s true\nSomehow we know we have to pay\nFor all the things we didn\'t do or say\n\nHe is here- calling for you\nDon\'t turn away- get down on your knees and pray\nSeven days- seven secrets he had\nWe can\'t find out- and that\'s too bad\n\nWe always tried to believe in you\nNo sign or proof of the truth\n\nWe pray to you- metal maniac mastermind- looking for ya\nNo one like you- he\'s coming back for you\nWe pray to you- metal maniac mastermind- looking for ya\nNo one like you- metal maniac mastermind\n\nWe\'re burning out like a fireball\nLeaving just a shell\nIf you ever gonna let us down\nWe break apart- so let\'s hold on\n\nWe always tried to believe in you\nNo sign or proof of the truth\n\nWe pray to you- metal maniac mastermind- looking for ya\nNo one like you- he\'s coming back for you\nWe pray to you- metal maniac mastermind- looking for ya\nNo one like you- seven days- seven secrets he had\n\nAnd when you hear the voice- you know you got no choice\nWith no more tears and no more fears- you will never be alone again\n\nHe\'s coming back just for you- who ever thought that he would\nYou better start to believe it- it\'s time to let a dream come true\n\nWe always tried to believe in you\nNo sign or proof of the truth\n\nWe pray to you- metal maniac mastermind- looking for ya\nNo one like you- he\'s coming back for you\nWe pray to you- metal maniac mastermind- don\'t turn away\nNo one like you- seven days- seven secrets he had\n\nWe pray to you- metal maniac mastermind- looking for ya\nNo one like you- metal maniac mastermind\n\nYou sense his picture without a clue\nYou feel his presence- you think it\'s true\nHe is here- calling for you\nDon\'t turn away- get down on your knees and pray\n\nWe pray to you- metal maniac mastermind- looking for ya\nNo one like you- metal maniac mastermind\nWe pray to you- metal maniac mastermind- don\'t turn away\nNo one like you- seven days- seven secrets he had\n\nWe pray to you...\n'),(168,'','2017-11-29 18:26:29','Since I Don\'t Have You','56a1d4c3-280f-3803-90b3-84e43693cdca',256733,0,1,1672,NULL,16,''),(169,'','2017-11-29 18:26:29','All Is Fair in Love and War','4ce81136-3b77-38ff-893a-4f5d1141d00b',248933,0,2,1672,NULL,16,''),(170,'','2017-11-29 18:26:29','Are You Lovin\' Me Like I\'m Lovin\' You','2cad4b5b-159a-383c-aec5-7189047601f5',264600,0,3,1672,NULL,16,''),(171,'','2017-11-29 18:26:29','When the Hurt Comes Down','aa7bdedc-e8b8-3e97-876e-f9ad282e7082',244800,0,4,1672,NULL,16,''),(172,'','2017-11-29 18:26:29','Back to the Grindstone','b0eadd4d-858d-3eab-bc2c-694cdb1fbe28',283426,0,5,1672,NULL,16,''),(173,'','2017-11-29 18:26:29','Spare the Rod (Love the Child)','c58a44f2-c547-39d2-92de-a92f652e2174',337906,0,6,1672,NULL,16,''),(174,'','2017-11-29 18:26:29','Love Certified','68dcd923-ef57-3210-bfad-f2e528fa57be',282693,0,7,1672,NULL,16,''),(175,'','2017-11-29 18:27:12','Turn That Radio On','0bd18f67-f2d1-3074-a092-7406b75554a5',222840,0,8,1672,NULL,16,''),(176,'','2017-11-29 18:27:13','Old Habits Are Hard to Break','fbfac65b-b7de-354e-8981-fade36ddcd1c',362560,0,9,1672,NULL,16,''),(177,'','2017-11-29 18:27:13','I Ain\'t Gonna Cry No More','4207532e-0008-3f08-939d-62877ea1d05b',265440,0,10,1672,NULL,16,''),(178,'','2017-11-29 18:27:14','Shot of Poison (remix)','c81bc9bc-8464-4415-92ee-4c66970b58d7',212000,0,1,NULL,NULL,17,''),(179,'','2017-11-29 18:27:14','Shot of Poison','91a0eb30-214f-4d7d-8d48-6a03e25ec66c',212000,0,2,NULL,NULL,17,''),(180,'','2017-11-29 18:27:14','Larger Than Life','69c5c68f-0a9f-43e8-a3d2-5b7fde0b5ea3',236000,0,3,NULL,NULL,17,''),(181,'','2017-11-29 18:28:03','Cold Song','75080fd8-205f-3693-a2fa-ef219584678f',244800,0,1,NULL,NULL,18,''),(182,'','2017-11-29 18:28:04','Can’t Help Falling in Love','fa223bf0-8062-3026-b5fb-cd1159fd473e',236160,0,2,NULL,NULL,18,''),(183,'','2017-11-29 18:28:05','Der Nussbaum','f3ef71a0-c33e-3d4d-8551-2f44bfee27be',185866,0,3,NULL,NULL,18,''),(184,'','2017-11-29 18:28:05','Just One Look','49f2e637-b8a1-3a0b-82eb-4fe6b9428789',201506,0,4,NULL,NULL,18,''),(185,'','2017-11-29 18:28:06','The Twist','ca7cbed4-8d8b-3f8f-878a-6dd4ce0b1ec8',184226,0,5,NULL,NULL,18,''),(186,'','2017-11-29 18:28:07','Total Eclipse','7dc5bf29-1acf-32bd-bba7-e8474592b5c1',209066,0,6,NULL,NULL,18,''),(187,'','2017-11-29 18:28:07','Three Wishes','b6b2761d-b41f-349b-b87b-a32c0bd78d19',200066,0,7,NULL,NULL,18,''),(188,'','2017-11-29 18:28:08','Icurok','e85bedf1-da59-375e-ad5a-4137fa52a528',265373,0,8,NULL,NULL,18,''),(189,'','2017-11-29 18:28:09','Wasting My Times','e52996cc-6f21-3938-a1ce-0988302584ef',254493,0,9,NULL,NULL,18,''),(190,'','2017-11-29 18:28:09','Rubberband Lazer','2d423a75-ea28-3d14-9006-f7b4114cb64b',261506,0,10,NULL,NULL,18,''),(191,'','2017-11-29 18:28:10','Ding Dong','76094419-97b6-3f6b-a4c2-df4f73e7e878',191426,0,11,NULL,NULL,18,''),(192,'','2017-11-29 18:28:11','Nomi Chant','fc53b745-c440-39f7-adda-68bc52ab618d',115373,0,12,NULL,NULL,18,''),(193,'','2017-11-29 18:28:12','Death','2599e75b-f58f-35d0-9671-a3c8fabb1027',261360,0,13,NULL,NULL,18,''),(194,'','2017-11-29 18:28:12','Wayward Sisters','a103e606-2a03-31a5-9f51-46fc7db8238b',103440,0,14,NULL,NULL,18,''),(195,'','2017-11-29 18:28:13','From Beyond','b7478037-883c-3a82-8821-64196ae1189e',171960,0,15,NULL,NULL,18,''),(196,'','2017-11-29 18:28:14','Falling in Love Again','90f637f2-91d6-37a8-9ae3-bf9ff60b66d7',160934,0,16,NULL,NULL,18,''),(197,'','2017-11-29 18:28:59','Just (radio edit)','e2d906ad-3db2-3b9b-a3f4-f3072fe1ce20',193000,0,1,NULL,NULL,19,''),(198,'','2017-11-29 18:29:47','Just (DJ Premier\'s Justremixitmix)','7331f75c-affc-3228-83ce-031c55683774',236000,0,2,NULL,NULL,19,''),(199,'','2017-11-29 18:30:29','Just (The Go! Team remix)','c147ca29-c4e9-34f9-aa28-bf674482a856',151000,0,3,NULL,NULL,19,''),(200,'','2017-11-29 18:30:29','Just (The Loving Hand remix)','aebdcfca-9f41-38fd-92f3-757de10f3983',371000,0,4,NULL,NULL,19,''),(201,'','2017-11-29 18:30:30','Just (DJ Premier\'s Justremixitmix) (instrumental)','1b883417-fc06-3d70-b6da-4279d90e79e3',236000,0,5,NULL,NULL,19,''),(202,'','2017-11-29 18:30:31','Just (The Loving Hand remix) (instrumental)','01abcd89-11e3-3830-9ece-65959ec2aa09',379000,0,6,NULL,NULL,19,''),(203,'','2017-11-29 18:31:16','I\'ve Been This Way Before','6e671b97-32d7-3c78-888a-eb4e34286aeb',228533,0,1,NULL,NULL,20,'\n\r\nI\'ve seen the light\nAnd I\'ve seen the flame\nAnd I\'ve been this way before\nAnd I\'m sure to be this way again\n\nFor I\'ve been refused\nAnd I\'ve been regained\nAnd I\'ve seen your eyes before\nAnd I\'m sure to see your eyes again\nOnce again\n\nFor I\'ve been released\nAnd I\'ve been regained\nAnd I\'ve sung my song before\nAnd I\'m sure to sing my song again\nOnce again\n\nSome people got to laugh\nSome people got to cry\nAnd some people got to make it through\nBy never wondering why\n\nSome people got to sing\nSome people got to sigh\nSome people never see the light\nUntil the day they die\n\nBut I\'ve been released\nAnd I\'ve been regained\nAnd I\'ve been this way before\nAnd I\'m sure to be this way again\nOnce again\nOne more time again\nJust one more time\n'),(204,'','2017-11-29 18:31:17','Rosemary\'s Wine','0d3354a2-1691-3c5b-9f2c-51a301182e60',162160,0,2,NULL,NULL,20,'\n\r\nAnd her eyes hurt the way they do\nAlmost like they\'d seen,\nAlmost like they knew\n\nAnd her words, soft as they could be\nTied me to her soul and wouldn\'t set me free\n\nAnd the night that held us in its arms\nIt held us once again,\nBut even then I knew this time\nThat I would decline\nSweet Rosemary\'s Wine\n\nLately I, seem to be inclined\nMore to being cold, less to being kind\nAnd I suppose that I\'ve been less than true\nBeing what I am, what was I to do\n\nSo I drink\nThe sweetness of her soul\nAnd drink it once again\nBut even then I guess I\'d known\nThat I would decline\nSweet Rosemary\'s wine\n'),(205,'','2017-11-29 18:31:18','Lady Magdalene','e341f656-0a57-32bb-b708-04c99ae27c30',421200,0,3,NULL,NULL,20,''),(206,'','2017-11-29 18:31:19','The Last Picasso','d2e5ffe6-136c-325d-8669-30edf5140394',267440,0,4,NULL,NULL,20,'\n\r\nAh,\nThe last Picasso\nThe last Picasso\nWas just acquired by some old museum\nAnd Don Quixote\nWell, Don Quixote\nThe old man\'s rhyme has lost its reason\n\nWhich only reminds me\nHave I remembered to say\nThat without you this life of plenty\nWould seem so empty\nAh, The last Picasso\n\nOh, me and you\nMe oh me, oh me, oh me, oh me and you\nWe, we can sigh\nMe, oh me, oh me, oh me we can sigh\nHey\n\nAh,\nThe last Picasso\nThe last Picasso\nMay gather dust amid the ruins\nAnd Don Quixote\nWell, Don Quixote may no longer\nMake his wishful tunes\nBut I still have you\nAnd I will have you\nWhen everything else is done and gone with\nWe\'ll be like one with, the last Picasso\n\nOh, me and you\nMe oh me, oh me, oh me, oh me and you\nWe, we can sigh\nMe oh me, oh me oh me, oh we can sigh\n\nOh, me and you\nMe oh me, oh me, oh me, oh me and you\nWe, we can sigh\nMe oh me, oh me, oh me, oh we can sigh\nOh, me and you\n\nWe, we can sigh\nMe oh me, oh me, oh we can sigh\nOh, me and you\n'),(207,'','2017-11-29 18:31:19','Longfellow Serenade','f34314eb-8e62-31a3-9a96-1bbff8b22e3c',233426,0,5,NULL,NULL,20,'\n\r\nLongfellow Serenade\nSuch were the plans I\'d made\nFor she was a lady\nAnd I was a dreamer\nWith only words to trade\n\nYou know that I was born\nFor a night like this\nWarmed by a stolen kiss\nFor I was lonely\nAnd she was lonely\n\nRide, come on baby, ride\nLet me make your dreams come true\nI\'ll sing my song\nLet me sing my song\nLet me make it warm for you\n\nI\'ll weave his web of rhyme\nUpon the summer night\nWe\'ll leave this worldly time\nOn his winged flight\nThen come, and as we lay\nBeside this sleepy glade\nThere I will sing to you\nMy Longfellow serenade\n\nLongfellow serenade\nSuch were the plans I made\nBut she was a lady\nAs deep as the river\nAnd through the night we stayed\nAnd in my way I loved her as none before\nLoved her with words and more\nFor she was lonely and I was lonely\n\nRide, come on baby, ride\nLet me make your dreams come true\nI\'ll sing my song\nLet me sing my song\nLet me make it warm for you\n\nI\'ll weave his web of rhyme\nUpon the summer night\nWe\'ll leave this worldly time\nOn his winged flight\nThen come, and as we lay\nBeside this sleepy glade\nThere I will sing to you\nMy Longfellow serenade\n\nWeave your web of rhyme\nUpon the summer night\nWe\'ll leave this worldly time\nOn your winged flight\n'),(208,'','2017-11-29 18:31:20','Yes I Will','3a06ef89-2189-3e1f-adac-28cc67eba2db',279373,0,6,NULL,NULL,20,'\n\r\nYes I will\nIndeed I will\nIf I may, if I might\nIf I can\n\nOnce upon a passing night dream\nHe beheld a mystic image\nBathed in blue reflection\nThen he stood and made his song\n\nClosed his eyes to feel the thunder\nEcho like a wave around him\nLove was in this strange house\nAnd he knew he did belong,\nYes he did belong\nYes I will,\n\'Deed I will, if I can\n\nAnd cold it was within the marrow\nWaiting like the wounded sparrow\nHelpless and forgotten\nWhile the radio played on\nSing your song you fool, you dreamer\nCross the space that lies between us\nCast the stones of fortune\nFor the journey has begun,\nYes it has begun\n\nSo you do,\nSo you want to be giving\nSay it out loud if you need to be holy\nSo you do,\nSo you want to be loving\nSay it out now\nIf you need to be holier still\n\n[added Quad lyrics only:]\nSay you do, Say you want to be giving\nSay it out loud if you need to be holy,\n\nAnd you do and you want to be loving\nSay it out now\nIf you need to be holier still\n\nSo it seems or so it may be\nI can\'t know for sure but lately seems\nI\'m on a journey\nTo a place I\'ve never been\n\nAnd baby if I had the answers\nI would lay them all before you\nPlainly it\'s a circle,\nOne that ends and then begins,\nAnd begins again\nYes I will,\n\'Deed I will if I can\n'),(209,'','2017-11-29 18:31:21','Reggae Strut','9a024b9e-160a-3d6a-a206-ffd77b7cc8e7',230666,0,7,NULL,NULL,20,'\n\r\nSome dey do, some dey don\'t do\nSome dey won\'t do,,\nSome won\'t even try\nHow are you to know\nYou got to go and ask it\nHow are you go and ask it\nMaybe you move it by\n\nPardon me\nMaybe you like to dance it\nMaybe you like to chance it\nMaybe you like to try\n\nMaybe lady do Reggae Strut\nMaybe lady she do okay\nMaybe lady do Reggae\nMaking de hips sway, movin\' it okay\n\nSome dey wait, some dey can\'t wait\nSome dey won\'t wait\nSome don\'t even try\n\nTry like me, pick up the elbow higher\nKick up de foot and glide it\nYou got to dance it by\n\nMaybe lady do Reggae Strut\nMaybe lady she do okay\nMaybe lady do Reggae\nMaking de hips sway, movin\' it okay\n\nDat\'s de way, you got the right motion\nYou got the right notion\nNow maybe you dance it by\nHey de lady do Reggae Strut\nHey de lady she do okay\nHey de lady do Reggae\nMaking the hips sway, movin\' it okay\n'),(210,'','2017-11-29 18:31:22','The Gift of Song','914dc652-1c90-3526-be46-c9fb493342af',142200,0,8,NULL,NULL,20,'\n\r\nSongs to make you free\nAnd songs to take you to another time\nForgotten reasons that are made of rhyme\nFor you and me\nThe songs of life\nThat somehow make us free\n\nAnd songs to fill the heart\nLike quiet candles on a winter\'s night\nThey touch the space\nThat lies between you and I\nAnd I will sing\nThe songs of love\nThat speak to you and me\n\nThen wake the sleeping child\nAnd let me sing to you of other times\nAnd let me make your dreams\nAs sweet as mine\nAnd I will bring\nThe gift of song\nThat only makes us free\n'),(211,'','2017-11-29 18:32:12','Daylight','f2fafab6-6a82-49ea-99ef-586b3be9da13',213000,0,1,NULL,NULL,21,'\n\n[Intro: Travis McCoy]\r\nYeah,\r\nYou know what it is,\r\nIts your man travis\r\nGym class heroes\r\nKelly Rowland\r\nOh so beautiful\r\nBaby Girl,stay up all night\r\nNow tell \'em ,show\'em how we do\r\nHere we go! Oh!\n\n[Verse 1: Kelly Rowland]\r\nIt\'s five o\'clock am,\r\nAnd the party is still going strong.\r\nThere is a conversation in the corner,\r\nTell a friend, bring everyone.\r\n(C\'mon let\'s go)\r\nCus the FM music is groovin\'\r\nFolks getting down, getting down in \r\nthier shocking feet.\r\nSleepy eyes are peeping,\r\n(They\'re watching baby)\r\nFrom the window across the street\n\n[Chorus:]\r\nAnd it looks like daylight\'s gonna get me up again.\r\n(damn right and im lovin every minute)\r\nMost people like getting up when im just getting in.\r\n(I\'ll be back in three days like Paris\'s jail sentence)\r\nAnd oh, its the only only time,\r\nIts the only time when i can unwind\n\n[Verse 2: Kelly Rowland]\r\nI swore to myself time and time again,\r\nThat I would give up the night life,\r\n(yeah right)\r\nStart laying in.\r\nBut it ain\'t easy, no, no,\r\n(no, no, no)\r\nSaying no to my friends.\r\n(That\'s right)\r\nCus the real, cus the real set don\'t get started,\r\nTill everyone else is in\n\n[Chorus:]\r\nAnd it looks like daylight\'s gonna get me up again.\r\n(damn right and im lovin every minute)\r\nMost people like getting up when im just getting in.\r\n(I\'ll be back in three days like Paris\'s jail sentence)\r\nAnd oh, its the only, only time,\r\nIts the only time when I can unwind.\n\n[Rap:]\r\nHello world, good morning sunshine\r\nGreat to see you again,\r\nHomie, I\'m doin fine\r\nChasin daydreams, you know still pursuing mine,\r\nSleep is so foreign,TV is so boring,\r\nNew York is New York,\r\nTravie is aight,\r\nThe freaks come out at night like a vampire.\r\nNocturnal lurking\r\nThe daylight creeps up \n\n[Chorus:]\r\nAnd it looks like daylight\'s gonna get me up again.\r\n(Damn right and im loving every minute of it)\r\nMost people like getting up when im just getting in.\r\n(I\'ll be back in three days like Paris\'s jail sentence)\r\nDaylight\'s gonna get me up again\r\n(Damn right and im lovin every minute)\r\nMost people like getting up when im just getting in. \n\r\nThis is to my cousin.......Beyonce\r\nThis is to my bestfriend......Michelle\r\nI love yall...\r\nDAYLIGHT\n'),(212,'','2017-11-29 18:32:58','Daylight (Joey Negro radio edit with rap)','26e2999d-6405-4b06-b00f-b1ced2f0ea1b',209000,0,2,NULL,NULL,21,''),(213,'','2017-11-29 18:33:53','Time to Pretend','629b36f0-0cf0-35bf-88b3-bb0046cced33',261000,0,1,NULL,NULL,22,'\n\r\nI\'m feeling rough I\'m feeling raw I\'m in the prime of my life\nLet\'s make some music make some money find some models for wives\nI\'ll move to Paris, shoot some heroin and fuck with the stars\nYou man the island and the cocaine and the elegant cars\n\nThis is our decision to live fast and die young\nWe\'ve got the vision, now let\'s have some fun\nYeah it\'s overwhelming, but what else can we do?\nGet jobs in offices and wake up for the morning commute?\n\nForget about our mothers and our friends\nWe were fated to pretend, to pretend\nWe were fated to pretend, to pretend\n\nI\'ll miss the playgrounds and the animals and digging up worms\nI\'ll miss the comfort of my mother and the weight of the world\nI\'ll miss my sister, miss my father, miss my dog and my home\nYeah I\'ll miss the boredom and the freedom and the time spent alone\n\nBut there is really nothing, nothing we can do\nLove must be forgotten. Life can always start up anew\nThe models will have children, we\'ll get a divorce\nWe\'ll find some more models, everything must run its course\n\nWe\'ll choke on our vomit and that will be the end\nWe were fated to pretend, to pretend\nWe were fated to pretend, to pretend\n\nYeah yeah yeah\nYeah yeah yeah\nYeah yeah yeah\nYeah yeah yeah\n'),(214,'','2017-11-29 18:33:54','Weekend Wars','99a3f0bb-5d54-3e04-91dc-e4c6fed19d50',275000,0,2,NULL,NULL,22,'\n\r\nEvil S I S to find a shore\nA beast that doesn\'t quiver anymore\nAnd we could crush some plants to paint my walls\nAnd I won\'t try to fight in the weekend wars\nWas I? I was too lazy to bathe\nOr paint or write or try to make a change\nNow I can shoot a gun to kill my lunch\nAnd I don\'t have to love or think too much\n\nInstant battle plans written on the sidewalk\nMental mystics in a twisted metal car\nTried to amplify the sound of light and love\n\nChrist is cursed of fathers and martyrs\nMight even take a knife to split a hair\nOr even scare the children off my lawn\nGiving us time to make the makeshift bombs\nEvery mess invested was a score\nWe couldn\'t use computers anymore\nIt\'s difficult to win unless you\'re bored\nAnd you might have to plan for the weekend wars\n\nTry to break my heart I\'ll drive to Arizona\nIt might take a 100 years to grow an arm\nI\'ll sit and listen to the sound of sand and cold\nTwisted diamond heart, I\'m the weekend warrior\nMy predictions are the only things I have\nI can amplify the sound and light and love\n\nI\'m a curse and I\'m a sound\nWhen I open up my mouth\nThere\'s a reason I don\'t win\nI don\'t know how to begin\n'),(215,'','2017-11-29 18:34:45','First We Take Manhattan','97c09d54-e86e-49b8-b8a9-a7f08dcd5562',361066,0,1,NULL,NULL,23,'\n\r\nThey sentenced me to twenty years of boredom \nFor trying to change the system from within \nI\'m coming now, I\'m coming to reward them \nFirst we take Manhattan, then we take Berlin \nI\'m guided by a signal in the heavens \nI\'m guided by this birthmark on my skin \nI\'m guided by the beauty of our weapons \nFirst we take Manhattan, then we take Berlin \n\nI\'d really like to live beside you, baby \nI love your body and your spirit and your clothes \nBut you see that line there moving through the station? \nI told you, I told you, told you, I was one of those \n\nAh you loved me as a loser, but now you\'re worried that I just might win \nYou know the way to stop me, but you don\'t have the discipline \nHow many nights I prayed for this, to let my work begin \nFirst we take Manhattan, then we take Berlin \n\nI don\'t like your fashion business mister \nAnd I don\'t like these drugs that keep you thin \nI don\'t like what happened to my sister \nFirst we take Manhattan, then we take Berlin \n\nI\'d really like to live beside you, baby ... \n\nAnd I thank you for those items that you sent me \nThe monkey and the plywood violin \nI practiced every night, now I\'m ready \nFirst we take Manhattan, then we take Berlin \n\nI am guided \n\nAh remember me, I used to live for music \nRemember me, I brought your groceries in \nWell it\'s Father\'s Day and everybody\'s wounded \nFirst we take Manhattan, then we take Berlin\n'),(216,'','2017-11-29 18:34:46','Ain\'t No Cure for Love','7824d953-82f6-4794-bfb3-e4e124f79acc',290933,0,2,NULL,NULL,23,'\n\r\nI loved you for a long, long time \nI know this love is real \nIt don\'t matter how it all went wrong \nThat don\'t change the way I feel \nAnd I can\'t believe that time\'s \nGonna heal this wound I\'m speaking of \nThere ain\'t no cure, \nThere ain\'t no cure, \nThere ain\'t no cure for love \nI\'m aching for you baby \nI can\'t pretend I\'m not \nI need to see you naked \nIn your body and your thought \nI\'ve got you like a habit \nAnd I\'ll never get enough \nThere ain\'t no cure, \nThere ain\'t no cure, \nThere ain\'t no cure for love \n\nThere ain\'t no cure for love \nThere ain\'t no cure for love \nAll the rocket ships are climbing through the sky \nThe holy books are open wide \nThe doctors working day and night \nBut they\'ll never ever find that cure for love \nThere ain\'t no drink no drug \n(Ah tell them, angels) \nThere\'s nothing pure enough to be a cure for love \n\nI see you in the subway and I see you on the bus \nI see you lying down with me, I see you waking up \nI see your hand, I see your hair \nYour bracelets and your brush \nAnd I call to you, I call to you \nBut I don\'t call soft enough \nThere ain\'t no cure, \nThere ain\'t no cure, \nThere ain\'t no cure for love \n\nI walked into this empty church I had no place else to go \nWhen the sweetest voice I ever heard, whispered to my soul \nI don\'t need to be forgiven for loving you so much \nIt\'s written in the scriptures \nIt\'s written there in blood \nI even heard the angels declare it from above \nThere ain\'t no cure, \nThere ain\'t no cure, \nThere ain\'t no cure for love \n\nThere ain\'t no cure for love \nThere ain\'t no cure for love \nAll the rocket ships are climbing through the sky \nThe holy books are open wide \nThe doctors working day and night \nBut they\'ll never ever find that cure, \nThat cure for love\n'),(217,'','2017-11-29 18:34:47','Everybody Knows','c11ede18-9828-4ce2-981b-6203444d7e5e',336426,0,3,NULL,NULL,23,'\n\r\nEverybody knows that the dice are loaded \r\nEverybody rolls with their fingers crossed \r\nEverybody knows that the war is over \r\nEverybody knows the good guys lost \r\nEverybody knows the fight was fixed \r\nThe poor stay poor, the rich get rich \r\nThat\'s how it goes \r\nEverybody knows \r\nEverybody knows that the boat is leaking \r\nEverybody knows that the captain lied \r\nEverybody got this broken feeling \r\nLike their father or their dog just died \n\r\nEverybody talking to their pockets \r\nEverybody wants a box of chocolates \r\nAnd a long stem rose \r\nEverybody knows \n\r\nEverybody knows that you love me baby \r\nEverybody knows that you really do \r\nEverybody knows that you\'ve been faithful \r\nAh give or take a night or two \r\nEverybody knows you\'ve been discreet \r\nBut there were so many people you just had to meet \r\nWithout your clothes \r\nAnd everybody knows \n\r\nEverybody knows, everybody knows \r\nThat\'s how it goes \r\nEverybody knows \n\r\nEverybody knows, everybody knows \r\nThat\'s how it goes \r\nEverybody knows \n\r\nAnd everybody knows that it\'s now or never \r\nEverybody knows that it\'s me or you \r\nAnd everybody knows that you live forever \r\nAh when you\'ve done a line or two \r\nEverybody knows the deal is rotten \r\nOld Black Joe\'s still pickin\' cotton \r\nFor your ribbons and bows \r\nAnd everybody knows \n\r\nAnd everybody knows that the Plague is coming \r\nEverybody knows that it\'s moving fast \r\nEverybody knows that the naked man and woman \r\nAre just a shining artifact of the past \r\nEverybody knows the scene is dead \r\nBut there\'s gonna be a meter on your bed \r\nThat will disclose \r\nWhat everybody knows \n\r\nAnd everybody knows that you\'re in trouble \r\nEverybody knows what you\'ve been through \r\nFrom the bloody cross on top of Calvary \r\nTo the beach of Malibu \r\nEverybody knows it\'s coming apart \r\nTake one last look at this Sacred Heart \r\nBefore it blows \r\nAnd everybody knows \n\r\nEverybody knows, everybody knows \r\nThat\'s how it goes \r\nEverybody knows \n\r\nOh everybody knows, everybody knows \r\nThat\'s how it goes \r\nEverybody knows \n\r\nEverybody knows\n'),(218,'','2017-11-29 18:34:48','I’m Your Man','078a7810-0f3a-4a20-9400-5abc32fb7586',268440,0,4,NULL,NULL,23,'\n\r\nIf you want a lover \nI\'ll do anything you ask me to \nAnd if you want another kind of love \nI\'ll wear a mask for you \nIf you want a partner \nTake my hand \nOr if you want to strike me down in anger \nHere I stand \nI\'m your man \nIf you want a boxer \nI will step into the ring for you \nAnd if you want a doctor \nI\'ll examine every inch of you \nIf you want a driver \nClimb inside \nOr if you want to take me for a ride \nYou know you can \nI\'m your man \n\nAh, the moon\'s too bright \nThe chain\'s too tight \nThe beast won\'t go to sleep \nI\'ve been running through these promises to you \nThat I made and I could not keep \nAh but a man never got a woman back \nNot by begging on his knees \nOr I\'d crawl to you baby \nAnd I\'d fall at your feet \nAnd I\'d howl at your beauty \nLike a dog in heat \nAnd I\'d claw at your heart \nAnd I\'d tear at your sheet \nI\'d say please, please \nI\'m your man \n\nAnd if you\'ve got to sleep \nA moment on the road \nI will steer for you \nAnd if you want to work the street alone \nI\'ll disappear for you \nIf you want a father for your child \nOr only want to walk with me a while \nAcross the sand \nI\'m your man \n\nIf you want a lover \nI\'ll do anything you ask me to \nAnd if you want another kind of love \nI\'ll wear a mask for you\n'),(219,'','2017-11-29 18:34:49','Take This Waltz','ddaaaba4-2006-40cc-927a-5f5d7b9a8050',360026,0,5,NULL,NULL,23,'\n\r\nNow in Vienna there\'s ten pretty women \nThere\'s a shoulder where Death comes to cry \nThere\'s a lobby with nine hundred windows \nThere\'s a tree where the doves go to die \nThere\'s a piece that was torn from the morning \nAnd it hangs in the Gallery of Frost \nAy, Ay, Ay, Ay \nTake this waltz, take this waltz \nTake this waltz with the clamp on its jaws \nOh I want you, I want you, I want you \nOn a chair with a dead magazine \nIn the cave at the tip of the lily \nIn some hallways where love\'s never been \nOn a bed where the moon has been sweating \nIn a cry filled with footsteps and sand \nAy, Ay, Ay, Ay \nTake this waltz, take this waltz \nTake its broken waist in your hand \n\nThis waltz, this waltz, this waltz, this waltz \nWith its very own breath of brandy and Death \nDragging its tail in the sea \n\nThere\'s a concert hall in Vienna \nWhere your mouth had a thousand reviews \nThere\'s a bar where the boys have stopped talking \nThey\'ve been sentenced to death by the blues \nAh, but who is it climbs to your picture \nWith a garland of freshly cut tears? \nAy, Ay, Ay, Ay \nTake this waltz, take this waltz \nTake this waltz it\'s been dying for years \n\nThere\'s an attic where children are playing \nWhere I\'ve got to lie down with you soon \nIn a dream of Hungarian lanterns \nIn the mist of some sweet afternoon \nAnd I\'ll see what you\'ve chained to your sorrow \nAll your sheep and your lilies of snow \nAy, Ay, Ay, Ay \nTake this waltz, take this waltz \nWith its \"I\'ll never forget you, you know!\" \n\nThis waltz, this waltz, this waltz, this waltz ... \n\nAnd I\'ll dance with you in Vienna \nI\'ll be wearing a river\'s disguise \nThe hyacinth wild on my shoulder, \nMy mouth on the dew of your thighs \nAnd I\'ll bury my soul in a scrapbook, \nWith the photographs there, and the moss \nAnd I\'ll yield to the flood of your beauty \nMy cheap violin and my cross \nAnd you\'ll carry me down on your dancing \nTo the pools that you lift on your wrist \nOh my love, Oh my love \nTake this waltz, take this waltz \nIt\'s yours now. It\'s all that there is\n'),(220,'','2017-11-29 18:34:50','Jazz Police','16dabed0-6446-449f-838f-ef13e7e5cab3',233666,0,6,NULL,NULL,23,'\n\r\nCan you tell me why the bells are ringing? \nNothing\'s happened in a million years \nI\'ve been sitting here since Wednesday morning \nWednesday morning can\'t believe my ears \nJazz police are looking through my folders \nJazz police are talking to my niece \nJazz police have got their final orders \nJazzer, drop your axe, it\'s Jazz police! \n\nJesus taken serious by the many \nJesus taken joyous by a few \nJazz police are paid by J. Paul Getty \nJazzers paid by J. Paul Getty II \n\nJazz police I hear you calling \nJazz police I feel so blue \nJazz police I think I\'m falling, \nI\'m falling for you \n\nWild as any freedom loving racist \nI applaud the actions of the chief \nTell me now oh beautiful and spacious \nAm I in trouble with the Jazz police? \n\nJazz police are looking through my folders ... \n\nThey will never understand our culture \nThey\'ll never understand the Jazz police \nJazz police are working for my mother \nBlood is thicker margarine than grease \n\nLet me be somebody I admire \nLet me be that muscle down the street \nStick another turtle on the fire \nGuys like me are mad for turtle meat \n\nJazz police I hear you calling \nJazz police I feel so blue \nJazz police I think I\'m falling, \nI\'m falling for you\n'),(221,'','2017-11-29 18:34:50','I Can\'t Forget','fafd98cd-6409-4846-8988-d7e2ee03ee1b',271973,0,7,NULL,NULL,23,'\n\r\nI stumbled out of bed \r\nI got ready for the struggle \r\nI smoked a cigarette \r\nAnd I tightened up my gut \r\nI said this can\'t be me \r\nMust be my double \r\nAnd I can\'t forget, I can\'t forget \r\nI can\'t forget but I don\'t remember what \r\nI\'m burning up the road \r\nI\'m heading down to Phoenix \r\nI got this old address \r\nOf someone that I knew \r\nIt was high and fine and free \r\nAh, you should have seen us \r\nAnd I can\'t forget, I can\'t forget \r\nI can\'t forget but I don\'t remember who \n\r\nI\'ll be there today \r\nWith a big bouquet of cactus \r\nI got this rig that runs on memories \r\nAnd I promise, cross my heart, \r\nThey\'ll never catch us \r\nBut if they do, just tell them it was me \n\r\nYeah I loved you all my life \r\nAnd that\'s how I want to end it \r\nThe summer\'s almost gone \r\nThe winter\'s tuning up \r\nYeah, the summer\'s gone \r\nBut a lot goes on forever \r\nAnd I can\'t forget, I can\'t forget \r\nI can\'t forget but I don\'t remember what\n'),(222,'','2017-11-29 18:34:51','Tower of Song','3a641978-f2a0-45f9-9667-530b6dd8a786',337493,0,8,NULL,NULL,23,'\n\r\nWell my friends are gone and my hair is grey \nI ache in the places where I used to play \nAnd I\'m crazy for love but I\'m not coming on \nI\'m just paying my rent every day \nOh in the Tower of Song \nI said to Hank Williams: how lonely does it get? \nHank Williams hasn\'t answered yet \nBut I hear him coughing all night long \nA hundred floors above me \nIn the Tower of Song \n\nI was born like this, I had no choice \nI was born with the gift of a golden voice \nAnd twenty-seven angels from the Great Beyond \nThey tied me to this table right here \nIn the Tower of Song \n\nSo you can stick your little pins in that voodoo doll \nI\'m very sorry, baby, doesn\'t look like me at all \nI\'m standing by the window where the light is strong \nAh they don\'t let a woman kill you \nNot in the Tower of Song \n\nNow you can say that I\'ve grown bitter but of this you may be sure \nThe rich have got their channels in the bedrooms of the poor \nAnd there\'s a mighty judgement coming, but I may be wrong \nYou see, you hear these funny voices \nIn the Tower of Song \n\nI see you standing on the other side \nI don\'t know how the river got so wide \nI loved you baby, way back when \nAnd all the bridges are burning that we might have crossed \nBut I feel so close to everything that we lost \nWe\'ll never have to lose it again \n\nNow I bid you farewell, I don\'t know when I\'ll be back \nThere moving us tomorrow to that tower down the track \nBut you\'ll be hearing from me baby, long after I\'m gone \nI\'ll be speaking to you sweetly \nFrom a window in the Tower of Song \n\nYeah my friends are gone and my hair is grey \nI ache in the places where I used to play \nAnd I\'m crazy for love but I\'m not coming on \nI\'m just paying my rent every day \nOh in the Tower of Song\n'),(223,'','2017-11-29 18:35:38','An Introduction to Indian Music','e9dbbe2e-633d-3809-ae05-6241000a312f',254000,0,1,NULL,NULL,24,''),(224,'','2017-11-29 18:35:38','Dádrá','5df5b66e-a489-3a71-af94-2b2a1218de43',631000,0,2,NULL,NULL,24,''),(225,'','2017-11-29 18:35:38','Máru-bihág','1927eea9-24d0-3e46-a856-d31050eaafb7',705000,0,3,NULL,NULL,24,''),(226,'','2017-11-29 18:35:38','Bhimpalási','ad87c574-4b85-3858-9ec5-7677cebfc9ac',734000,0,4,NULL,NULL,24,''),(227,'','2017-11-29 18:35:39','Sindhi-bhairavi','2873ace8-c962-3be6-a640-fa56741050f3',900000,0,5,NULL,NULL,24,''),(228,'','2017-11-29 18:36:33','Work Song','6cad172e-0c4c-3bcf-af5d-421531a75f9e',153840,0,1,1697,NULL,25,''),(229,'','2017-11-29 18:36:34','But I Was Cool','d9063e7d-e3fd-3c7e-b8b9-f6b528b6e138',175693,0,2,1697,NULL,25,''),(230,'','2017-11-29 18:36:35','Bid \'em In','0c7d49aa-2373-3e62-8763-41aed4137ae8',90173,0,3,1697,NULL,25,''),(231,'','2017-11-29 18:36:35','Signifyin\' Monkey','492dd325-4d3a-342c-ae4d-230b440bfe45',239960,0,4,1697,NULL,25,''),(232,'','2017-11-29 18:36:36','Watermelon Man','e7c84753-5d85-3595-95fe-45881a45a7ce',158906,0,5,1697,NULL,25,''),(233,'','2017-11-29 18:36:37','Somebody Buy Me a Drink','dfcba90e-7391-3550-90a3-88a83eb6548a',187360,0,6,1697,NULL,25,''),(234,'','2017-11-29 18:36:38','Rags and Old Iron','c9648922-49bd-31a9-a4ba-9729ee3005a3',223973,0,7,1697,NULL,25,''),(235,'','2017-11-29 18:36:38','Dat Dere','9f347e89-6f20-3844-b6bd-0d0b43f95060',172333,0,8,1697,NULL,25,''),(236,'','2017-11-29 18:36:39','Brown Baby','b5f1b43b-012a-3b8c-908d-88df822afe9b',188093,0,9,1697,NULL,25,''),(237,'','2017-11-29 18:36:40','Humdrum Blues','06100b60-cc76-396a-8e56-91a9b787e762',123306,0,10,1697,NULL,25,''),(238,'','2017-11-29 18:36:40','Sleepy','3be5cc01-4f9a-3584-95dd-2e3d96da7962',150866,0,11,1697,NULL,25,''),(239,'','2017-11-29 18:36:41','Afro-Blue','eb3f4f5e-5121-3c89-9761-15a483a73ee2',163026,0,12,1697,NULL,25,''),(240,'','2017-11-29 18:36:42','Mr. Kicks','bd9d7869-96fb-39ab-8c0c-e968764f7ae6',125400,0,13,1697,NULL,25,''),(241,'','2017-11-29 18:36:43','Hazel\'s Hips','5925ab10-13e2-3e9d-aa42-13f69f4a8aac',164040,0,14,1697,NULL,25,''),(242,'','2017-11-29 18:36:43','World of Grey','4e134f3a-56e7-39b0-b0f0-f39730554324',213600,0,15,1697,NULL,25,''),(243,'','2017-11-29 18:36:44','Forbidden Fruit','f1e48bf1-162d-3439-8ba6-bb14c2febe26',213626,0,16,1697,NULL,25,''),(244,'','2017-11-29 18:36:45','Straighten Up & Fly Right','a55d5dcb-7e08-3d0f-8742-a1d40bbdea78',101533,0,17,1697,NULL,25,''),(245,'','2017-11-29 18:37:32','Beggin’ (original version)','e1553b2f-0564-3230-89a1-1dea12832772',218000,0,1,1700,NULL,26,''),(246,'','2017-11-29 18:37:33','Beggin\' (Phreak Inc. remix)','9764fe7f-030f-33b7-9976-0961a7dd7a7e',251000,0,2,1700,NULL,26,''),(247,'','2017-11-29 18:37:33','Beggin\' (Demolition disco remix)','9758959a-d0dd-37cd-ae69-35778179396a',340000,0,3,1700,NULL,26,''),(248,'','2017-11-29 18:37:34','Beggin (DJ Size Rofcam remix)','a88857f4-a710-36cc-afb3-ed6f42dd49e0',342000,0,4,1700,NULL,26,''),(249,'','2017-11-29 18:38:18','Entends-tu le monde ? (radio edit)','d0f2286f-f032-4374-b80a-b9ab3c608d20',210000,0,1,NULL,NULL,27,''),(250,'','2017-11-29 18:38:19','Ailleurs','ebb52b26-162c-4c52-bbaf-00a18cf34ef2',234000,0,2,NULL,NULL,27,''),(251,'','2017-11-29 18:38:21','Sylvie','39039d2d-92c3-36c3-9fb9-af45b66d9292',126160,0,1,NULL,NULL,28,''),(252,'','2017-11-29 18:38:22','Pretty Boy Floyd','f23d8b07-10f6-3970-a0a0-8e4bd3e9f0a1',266466,0,2,NULL,NULL,28,''),(253,'','2017-11-29 18:38:23','Do Re Mi','cb67a3cf-705b-3b3e-9a50-64ab51d53855',204440,0,3,NULL,NULL,28,''),(254,'','2017-11-29 18:38:23','I Ain’t Got No Home','63ec6bd3-03ec-32b4-bcc4-a026866da4a5',224000,0,4,NULL,NULL,28,''),(255,'','2017-11-29 18:38:24','Jesus Christ','d5969242-2b64-3e20-ba61-700e1035a36a',194666,0,5,NULL,NULL,28,''),(256,'','2017-11-29 18:38:25','Rock Island Line (feat. Fishbone)','9d11ce10-754b-3409-b589-3a7533257734',154533,0,6,NULL,NULL,28,''),(257,'','2017-11-29 18:38:26','East Texas Red','040c667f-cf43-34ce-9ac5-f2c2d53b107e',336666,0,7,NULL,NULL,28,'\n\r\nDown in the scrub oak timber of the Southeast Texas Gulf \nThere used to ride a brakeman and a brakeman double tough \nHe worked the town of Kilgore and Longview nine miles down \nUs trav\'lers called him East Texas Red the meanest bull around.\n\nI rode by night and by broad daylight in wind and snow and sun \nI always seen little East Texas Red sporting his smooth running gun \nThe tale got switched down the stems and main and everybody said \nThe meanest man on the shiny rails was little East Texas Red.\n\nIt was early in the morning and along towards nine or ten \nA couple of boys on the hunt of a job stood in the blizzardy wind \nHungry and cold they knocked on the doors of the working folks around \nFor a piece of meat and a spud or two to boil a stew around.\n\nRed he come down the cinder dump and he flagged the number two \nHe kicked their bucket over a bush and he dumped out all their stew \nA traveler said, Mister East Texas Red you better get everything fixed \n\'Cause you\'re gonna ride your little train just one year from today.\n\nRed he laughed as he clumb the bank and swung aside of a wheeler \nThe boys caught a tanker to Seminole and west to Amarillo \nThey struck them a job of oil field work and followed a pipe line down \nIt took them lots of places till the year had rolled around.\n\nOn one cold and wintery day they hooked them a Gulf bound train \nThey shivered and shook with dough in their clothes to see Kilgore again \nOver hills of sand and hard froze roads where the cotton wagons roll \nOn past the town of Kilgore and on to old Longview.\n\nWith their warm suits of clothes and overcoats they walk into a store \nThey pay the man for some meat and stuff to fix a stew once more \nThe ties they walk back past the yards till they come to the same old spot \nWhere East Texas Red just a year ago had dumped their last stew pot.\n\nThe smoke of their fire went higher and higher a man come down the line \nHe ducked his head in the blizzardy wind and waved old number nine \nHe walked off down the cinder dump till he come to the same old spot \nAnd there was the same three men again around that same little pot.\n\nRed went to his knees and he hollered,\nPlease don\'t pull that trigger on me. \nI did not get my business fixed but he did not get his say \nA gun wheeled out of an overcoat and it played the old one two \nAnd Red was dead when the other two men set down to eat their stew.\n'),(258,'','2017-11-29 18:38:26','Philadelphia Lawyer','1a171ad4-fd63-37ce-a8d5-62f560c76da1',181760,0,8,NULL,NULL,28,''),(259,'','2017-11-29 18:38:27','Hobo’s Lullaby','efb00aac-e450-35b5-b684-dac612e67ac0',163466,0,9,NULL,NULL,28,''),(260,'','2017-11-29 18:38:28','The Bourgeois Blues','bbd1029e-b049-3e06-967f-4ae4b7a5b92f',166240,0,10,NULL,NULL,28,''),(261,'','2017-11-29 18:38:29','Gray Goose','90628e91-479c-3ed2-93c1-f5776cea69d2',131026,0,11,NULL,NULL,28,''),(262,'','2017-11-29 18:38:29','Goodnight Irene','7daac479-43f4-3c65-b337-0c5071ad0675',159000,0,12,NULL,NULL,28,'\n\r\nIrene good night Irene good night\nGood night Irene Good night Irene\nI\'ll see you in my dreams\n\nLast Saturday night I got married\nMe and my wife settled down\nNow me and my wife have parted\nI\'m gonna take a little stroll downtown\n\nIrene good night Irene good night\nGood night Irene Good night Irene\nI\'ll see you in my dreams\n\nSome times I live in the country\nSome times I live in town\nSome times I take a great notion\nTo jump in the river and drown\n\nIrene good night Irene good night\nGood night Irene Good night Irene\nI\'ll see you in my dreams\n\nQuit your rambling quit your gambling\nStop staying out late at night\nStay home with your wife and family\nAnd stay by the fireside of right\n\nIrene good night Irene good night\nGood night Irene Good night Irene\nI\'ll see you in my dreams\nIrene good night Irene good night\nGood night Irene Good night Irene\nI\'ll see you in my dreams\n'),(263,'','2017-11-29 18:38:30','Vigilante Man','bb59c921-f031-3169-8074-38732d9beb7c',254506,0,13,NULL,NULL,28,''),(264,'','2017-11-29 18:38:31','This Land Is Your Land (feat. Sweet Honey in the Rock, Doc Watson & The Little Red School House Chorus)','00dc7c3a-1223-3420-83e1-f5598b8ff7d5',226226,0,14,NULL,NULL,28,''),(265,'','2017-11-29 18:39:17','Frelon Brun','091d90c9-2c48-390c-863b-35584d768a19',338933,0,1,NULL,NULL,29,''),(266,'','2017-11-29 18:39:18','Tout de suite','99d6a2f4-e3d9-3266-b4bd-6b2834836122',845626,0,2,NULL,NULL,29,''),(267,'','2017-11-29 18:39:18','Petits Machins','8ef927d0-a001-30e4-bab4-3095720ead36',487400,0,3,NULL,NULL,29,''),(268,'','2017-11-29 18:39:19','Filles de Kilimanjaro','42b32a9e-c870-3e70-9b27-bc820bffc51b',722133,0,4,NULL,NULL,29,''),(269,'','2017-11-29 18:39:20','Mademoiselle Mabry','d275cc73-b198-3d06-97ca-465cd2ce3b62',995440,0,5,NULL,NULL,29,''),(270,'','2017-11-29 18:39:20','Tout de suite (alternate take)','92ed1cb9-9460-3b98-9001-939a7e44973b',877733,0,6,NULL,NULL,29,''),(271,'','2017-11-29 18:40:09','Rain Dance','7645b61e-7862-343f-9d60-b1ec4b593e28',559733,0,1,NULL,NULL,30,''),(272,'','2017-11-29 18:40:10','Hidden Shadows','ac400289-52df-30bb-93cf-c0092455922c',614626,0,2,NULL,NULL,30,''),(273,'','2017-11-29 18:40:10','Hornets','aa9e5403-11bc-381f-b387-ce13dd971105',1175466,0,3,NULL,NULL,30,''),(274,'','2017-11-29 18:40:59','In the Stone','8935c588-737d-4a0e-8160-a56c59a7dd13',288493,0,1,NULL,NULL,31,''),(275,'','2017-11-29 18:41:00','Can’t Let Go','85ca558d-2e85-41ef-b3ce-566ee6850c1d',208506,0,2,NULL,NULL,31,''),(276,'','2017-11-29 18:41:00','After the Love Has Gone','fbec0ee9-43df-436e-8b08-c04d9cab6ee2',278226,0,3,NULL,NULL,31,''),(277,'','2017-11-29 18:41:01','Let Your Feelings Show','ad7c76f7-17b6-47b4-aba0-253de9475238',312200,0,4,NULL,NULL,31,''),(278,'','2017-11-29 18:41:02','Boogie Wonderland','e9460a7e-09fd-4758-a700-7dd873a3972c',288866,0,5,NULL,NULL,31,''),(279,'','2017-11-29 18:41:56','Star','a38b405d-8734-412b-8d6f-b63cb7b386ad',263906,0,6,NULL,NULL,31,''),(280,'','2017-11-29 18:41:56','Wait','a6f86831-c154-453b-b592-2bf9b391d400',219626,0,7,NULL,NULL,31,''),(281,'','2017-11-29 18:41:57','Rock That!','e36ade31-4d9b-4c82-a660-60c5ba83fcf3',187000,0,8,NULL,NULL,31,''),(282,'','2017-11-29 18:41:58','You and I','91aaebca-4f73-46dd-9676-e27566868eb4',214040,0,9,NULL,NULL,31,''),(283,'','2017-11-29 18:41:59','Diana','c02f2b9d-ac4d-437a-84ee-dae3435bfa3e',248306,0,10,NULL,NULL,31,''),(284,'','2017-11-29 18:42:00','Dirty (interlude) (feat. Junior Wells)','7cc4f63a-5a0f-47a8-81b4-d3853aa97cc9',53000,0,11,NULL,NULL,31,''),(285,'','2017-11-29 18:42:00','Dirty (Junior’s Juke)','80608574-b6ef-4ab9-a6cd-54232cdc6b32',225200,0,12,NULL,NULL,31,''),(286,'','2017-11-29 18:43:17','Will You Fight for Me?','c6df6b2e-fb8f-355b-a0db-0c5e818ad6c6',217000,0,1,NULL,NULL,32,''),(287,'','2017-11-29 18:43:18','Gratitude','c8ca9d8f-455a-35e4-975c-15a834fb03c8',242106,0,2,NULL,NULL,32,''),(288,'','2017-11-29 18:43:19','The One You Cannot Keep','69e4a926-f6e9-3dcd-ae00-729c6e9aa3c5',210893,0,3,NULL,NULL,32,''),(289,'','2017-11-29 18:43:19','He Loves Me','815c3a2c-8450-3cae-aa7a-4a5beafdd481',180306,0,4,NULL,NULL,32,''),(290,'','2017-11-29 18:43:20','Damaged Goods','794a5fd3-f97c-3b28-b7b6-1a37271a298f',239640,0,5,NULL,NULL,32,''),(291,'','2017-11-29 18:43:21','Won\'t You Come Closer','77901d49-fd70-36a6-b185-11dd463197b5',208986,0,6,NULL,NULL,32,''),(292,'','2017-11-29 18:43:22','On Your Side','a98968c9-f2bb-30b4-8418-ea48d8c5fb2b',258826,0,7,NULL,NULL,32,''),(293,'','2017-11-29 18:43:23','Celebrate','f3d5f4be-1fd2-3ab7-82bd-441f7011fe93',261360,0,8,NULL,NULL,32,''),(294,'','2017-11-29 18:43:23','Bully','04f91ecf-881e-34f2-9258-1be6bdfaab8d',215853,0,9,NULL,NULL,32,''),(295,'','2017-11-29 18:43:24','Angels','c7d73e34-798f-3ab6-9b0b-3893518c0df9',249760,0,10,NULL,NULL,32,''),(296,'','2017-11-29 18:43:25','Mobile Alibis','ec7da856-fcbb-3dd7-ba6e-80f834140a0e',237986,0,11,NULL,NULL,32,''),(297,'','2017-11-29 18:44:14','Child’s Anthem','eea8b77a-4779-4e91-b288-02f4b6b6a033',166000,0,1,NULL,NULL,33,''),(298,'','2017-11-29 18:44:14','I’ll Supply the Love','7716adb8-4ac8-4b51-a8e4-87e03a75f95e',226000,0,2,NULL,NULL,33,'\n\n[Chorus:]\nYou supply the night, baby,\nI\'ll supply the love\nYou supply the night, baby,\nI\'ll supply the love\n\nI see a horseman in the sky,\nIt makes me turn and wonder why\nI hear the same old fourteen reasons,\nMust be the changin\' of the seasons\n\n[Chorus]\n\nI met the girl across the sea,\nShe saved my life and came with me\nA tender night of dark persuasion,\nCould be my first and last occasion\n\n[Chorus]\n\n[Instrumental break]\n\n[Chorus repeats 2x]\n\nBaby, I\'ll supply the love, baby,\nI\'ll supply the, I\'ll supply the love\n'),(299,'','2017-11-29 18:44:15','Georgy Porgy','a5fc20f0-4487-4758-bddf-538630a1a3fe',249000,0,3,NULL,NULL,33,'\n\r\nWell I\'m walking in my sleep\nWell I\'m talking baby can\'t you see\nWell all we need is a simple song\nFor people that wanna dance\nAll we need is a simple song\nSo people let me hear you say\nNa na na na na\n\nIt\'s not your situation\nI just need contemplation over you\nI\'m not so systematic\nIt\'s just that I\'m an addict for your love\n\nI\'m not the only holds you\nI never ever should have told your my only girl\nI\'m not the only hold you\nI never ever should have told your my only world\n\nJust think how long I\'ve known you\nIt\'s wrong for me to own you lock and key\nIt\'s really not confusing\nI\'m just the young illusion can\'t you see\n\nI\'m not the only holds you\nI never ever should have told your my only girl\nI\'m not the only hold you\nI never ever should have told your my only world\n\nGeorgy Porgy\nPuddin\' Pie\nKissed the girls and made them cry\n\n[Repeat]\n'),(300,'','2017-11-29 18:44:16','Manuela Run','66ecce74-dd43-41cb-8a96-6f046b72803c',234000,0,4,NULL,NULL,33,'\n\r\nDon\'t look now\nYou better watch that sword that\'s hanging over you\nIt\'s a long hard road and they will spit you out\nWhen they get through with you\n\nDon\'t hang your head\nSo the wise man said\nOr boy you\'ll soon be dead\n\nYou better run, run Manuela-uela run\nThey\'re gonna shoot you in the back with your own gun\nYou better run, run Manuela-uela run, Manuela run \n\nThere\'s no more time for living out your life\nYur sky is falling down\nDon\'t close your eyes or make a wish on three\n\'Cause they will still be \'round\n\nDon\'t hang your head\nSo the wise man said\nOr boy you\'ll soon be dead\n\nYou better run, run Manuela-uela run\nThey\'re gonna shoot you in the back with your own gun\nYou better run, run Manuela-uela run, Manuela run \n\n[Instrumental break]\n\nDon\'t hang your head\nSo the wise man said\nOr boy you\'ll soon be dead\n\nYou better run, run Manuela-uela run, you better run, run Manuela-uela run\nYou better run, run Manuela-uela run\n(gonna shoot you in the back with your own gun)\nYou better run, run Manuela-uela run, you better run, run Manuela run\nYou better run, run Manuela run\n(gonna shoot you in the back with your own gun)\nYou better run, run Manuela run\n'),(301,'','2017-11-29 18:44:17','You Are the Flower','5020187d-810e-4d7d-9f04-9946198e2d64',251000,0,5,NULL,NULL,33,'\n\r\nYou never lose a minute\nIf in it there is love\nAnd \"old man time\" always pulls you through\nIt\'s better not to depend on the morning dew\nFor the rose you plant in your bed tends to you\nHard and blue\n\nSome folks take money\nSome take their life\nSome take forever to see\nBlind faith, blind love\nThey\'re no mystery to me\nYou must take the time\nFor that\'s the fee\n\nIt\'s worth the pain that makes the tears\nIt\'s worth the light of a million years\nOnly your love I can\'t explain\nYou are the flower for my rain\n\nYou light the sun that shines from my eyes\nIt\'s all in return for what you\'re givin\' me\nYou are the reason for the earth beneath my feet\nAnd you kill the space that I call free\n\nIt\'s worth the pain that makes the tears\nIt\'s worth the light of a million years\nOnly your love I can\'t explain\nYou are the flower for my rain\n\n[Instrumental break]\n\nYou are the flower for my rain\nYou are the flower for my rain\nYou are the flower for my rain\nYou are the flower for my rain\nYou are the flower for my rain\nYou are the flower for my rain\n'),(302,'','2017-11-29 18:44:18','Girl Goodbye','92766fcf-9f64-41e7-a146-dc21e26e1335',373000,0,6,NULL,NULL,33,'\n\r\nWell I\'m out on the road\nAnd the devil\'s got my soul\nAnd I\'m looking for the Lord\nIn New York City\n\nYeah I\'m out on the run\nGot some heat, got a gun\nIf they don\'t find me soon\nIt\'ll be a damn pity\n\nSo it\'s\nGoodbye girl, goodbye girl, girl goodbye\nIt\'s so hard to see the truth with the sun in your eyes\nGoodbye girl, goodbye girl, girl goodbye\nMust be in the way that she cries, must be in the way that she cries\nMust be in the way that she cries\n\nOh there\'s smoke in the air and there\'s blood everywhere\nBut I\'m hoping that the white man don\'t recognize me\nI\'m so sorry what I\'ve done and I say it not in fun\nWhen I tell you that there\'s no one left inside me \n\nAnd it\'s\nGoodbye girl, goodbye girl, girl goodbye\nIt\'s so hard to see the truth with the sun in your eyes\nGoodbye girl, goodbye girl, girl goodbye\nMust be in the way that she cries, must be in the way that she cries\nMust be in the way that she cries\n\nGoodbye girl, goodbye girl, girl goodbye\nIt\'s so hard to see the truth with the sun in your eyes\nGoodbye girl, goodbye girl, girl goodbye\nMust be in the way that she cries, must be in the way that she cries\nMust be in the way that she cries\n\n[Instrumental break]\n\nSo it\'s\nGoodbye girl, goodbye girl, girl goodbye\nIt\'s so hard to see the truth with the sun in your eyes\nGoodbye girl, goodbye girl, girl goodbye\nMust be in the way that she cries, must be in the way that she cries\nMust be in the way that she cries\n'),(303,'','2017-11-29 18:44:18','Takin’ It Back','a11a675e-3ff2-46f0-8248-bf4d71c7e351',226000,0,7,NULL,NULL,33,'\n\r\nI think I\'ll go it alone\nYou should\'ve shown me if you cared\nLies will turn a heart into stone\nFew would have known me if they dared\n\n\'Cause I\'m takin\' it back where it all began\nThe house on the cape\nThe place on the sand\nI\'d take it all back if it\'d just make you understand \n\nGirl how I\'ve tried to forget you\nNow it would take more than I could buy\nSure I could lie to myself too\nBut that won\'t work seeing that I\'ve tried\n\n\'Cause I\'m takin\' it back where it all began\nI\'d live in a shack\nEating out of a can\nI\'d take it all back if it\'d just make you understand \n\n[Instrumental break]\n\nNow that I\'m feeling assured\nYou\'d better watch your every move\nStop, think about every word\nIt\'s looking like you\'re going to lose\n\n\'Cause I\'m takin\' it back where it all began\nThe house on the cape\nThe place on the sand\nI\'d take it all back if it\'d just make you understand \n\nYou should\'ve shown me if you cared [repeats out]\n'),(304,'','2017-11-29 18:44:19','Rockmaker','1620e4a3-2b69-4160-9748-430a496c1de6',199000,0,8,NULL,NULL,33,'\n\r\nDon\'t know quite what to say\nHaven\'t seen you in seven ages\nCan you tell that it\'s me\nOr is my picture on torn out pages?\n\nAnd you think it\'s real\nBut it\'s just another future deal\nAnd you know you\'re right\n\'Cause you\'ve waited for it all night\nThen you find yourself\nSitting on a little shelf\n\nDon\'t know quite what to do\nI\'ve been acting my life in phases\nIs it really true\nThat they\'re keeping us locked in cages?\n\nAnd you think it\'s real\nBut it\'s just another future deal\nAnd you know you\'re right\n\'Cause you\'ve waited for it all night\nThen you find yourself\nSitting on a little shelf\nRockmaker\n\n[Instrumental break]\n\nAnd you think it\'s real\nBut it\'s just another future deal\nAnd you know you\'re right\n\'Cause you\'ve waited for it all night\nThen you find yourself\nSitting on a little shelf\nRockmaker [repeats 4x]\n'),(305,'','2017-11-29 18:44:19','Hold the Line','2bdfc1d7-0345-48e7-8b5b-639426677a91',236000,0,9,NULL,NULL,33,''),(306,'','2017-11-29 18:44:20','Angela','9d9414e9-5f91-43c5-ad61-edb8f56d735c',285000,0,10,NULL,NULL,33,'\n\r\nCan\'t eat, can\'t sleep\nCan\'t seem to find time anymore\nSomewhere she weeps\nHer hair gently brushes the floor\nI know my way\nI know that I\'ll find her somehow\n\nAngela carries me back to the time\nWhen I knew that her love was still mine\nAngela\'s holding the child in her womb\nAnd I pray that she will be calling soon\n\nCold moon, dark sky\nI\'m watching my mind disappear\nShe sits alone\nNot knowing that I am so near\nWhy can\'t she hear my voice as I call out her name\n\nAngela carries me back to the time\nWhen I knew that her love was still mine\nAngela\'s holding the child in her womb\nAnd I pray that she will be calling soon\n\nIt\'s a silly situation\nIt\'s just infatuation\nNo need to be sorry\n\nCan\'t eat, can\'t sleep\nCan\'t seem to find time anymore\nSomewhere she weeps\nHer hair gently brushes the floor\nI know my way\nI know that I\'ll find her somehow\n\nAngela carries me back to the time\nWhen I knew that her love was still mine\nAngela\'s holding the child in her womb\nAnd I pray that she will be calling soon\n\nIt\'s a silly situation\nIt\'s just infatuation\nNo need to be sorry\n'),(307,'','2017-11-29 18:45:38','Death Letter','59269c0d-19fd-3f41-a4cb-8dc8c8ca576f',261733,0,1,1717,NULL,34,''),(308,'','2017-11-29 18:45:38','Pearline','cd8cefdd-c6f6-3726-92ca-3fcd98a0e214',274026,0,2,1717,NULL,34,''),(309,'','2017-11-29 18:45:39','Louise McGhee','aef1f62b-37a3-3dd6-90a9-dcd0ea923bd6',373866,0,3,1717,NULL,34,''),(310,'','2017-11-29 18:45:40','John the Revelator','9f532856-6b92-337c-8a3e-912a624774c7',152133,0,4,1717,NULL,34,''),(311,'','2017-11-29 18:45:41','Empire State Express','c2101026-dc86-37be-a1ff-cfc00b5ddb23',221306,0,5,1717,NULL,34,''),(312,'','2017-11-29 18:45:41','Preachin’ the Blues','f55f9433-a675-3a52-819e-cdb49b147889',345533,0,6,1717,NULL,34,''),(313,'','2017-11-29 18:45:42','Grinnin’ in Your Face','6fd50d48-f550-38b2-b526-3c556bda7347',128160,0,7,1717,NULL,34,''),(314,'','2017-11-29 18:45:43','Sundown','60fd3572-860f-3a0b-941e-78603fe788ae',374333,0,8,1717,NULL,34,''),(315,'','2017-11-29 18:45:44','Levee Camp Moan','61f58a3f-4b66-3769-988a-3a9f1d65ce66',570440,0,9,1717,NULL,34,''),(316,'','2017-11-29 18:45:44','Pony Blues','a0cbf033-4733-3dc2-bee8-2359321432b9',319026,0,10,1717,NULL,34,''),(317,'','2017-11-29 18:45:45','Downhearted Blues','fe3f0476-7bbb-3458-ab26-c2a2f163a050',363440,0,11,1717,NULL,34,''),(318,'','2017-11-29 18:46:34','Liza (All The Clouds\'ll Roll Away)','26c6cfb1-8c29-33c7-8433-065d7b678782',278626,0,1,1720,NULL,35,''),(319,'','2017-11-29 18:46:35','April in Paris (take 6)','f05b221e-2046-3843-89b7-1bcfc70a8152',481226,0,2,1720,NULL,35,''),(320,'','2017-11-29 18:46:35','Children\'s Song (That Old Man)','e627aef7-28c4-37b4-8fa5-ab5e1086231e',297413,0,3,1720,NULL,35,''),(321,'','2017-11-29 18:46:36','I Love You (Sweetheart Of All My Dreams)','d6563b18-7535-370f-b2b4-88eacdef3100',407493,0,4,1720,NULL,35,''),(322,'','2017-11-29 18:46:37','Just You, Just Me','9cef11cb-26f1-38bd-8b44-dde1e264d050',524333,0,5,1720,NULL,35,''),(323,'','2017-11-29 18:46:38','Pannonica (Re-take 2)','42fa9f57-8aaa-3d61-897f-43956da21c7f',544866,0,6,1720,NULL,35,''),(324,'','2017-11-29 18:46:38','Teo','9c051ea8-a418-368b-bede-6a7f6ff813cd',326173,0,7,1720,NULL,35,''),(325,'','2017-11-29 18:46:39','April in Paris (take 1)','66b041a5-325a-3f90-953f-e31d5997c635',502000,0,8,1720,NULL,35,''),(326,'','2017-11-29 18:46:40','Pannonica (take 2)','a88aef9e-c9d8-35a9-acb2-6e4c469f6df1',403760,0,9,1720,NULL,35,''),(327,'','2017-11-29 18:46:41','Medley: Just You, Just Me / Liza (All the Clouds\'ll Roll Away)','17e8d4e1-3594-3fdd-8321-dc3178e93118',357107,0,10,1720,NULL,35,''),(328,'','2017-11-29 18:47:29','Three J\'s Blues','d546c32a-9c78-3982-856d-3765446bd09a',174666,0,1,NULL,NULL,36,''),(329,'','2017-11-29 18:47:29','Smada','80692d71-5734-3dec-bf21-bfcf7d0fa803',158066,0,2,NULL,NULL,36,''),(330,'','2017-11-29 18:47:30','Pie Eye\'s Blues','60c8739d-22fb-3620-b94e-3d7cf36abfc0',207600,0,3,NULL,NULL,36,''),(331,'','2017-11-29 18:47:31','Sweet & Pungent','2cdca2b7-b41d-3b72-a2d8-474426d8ad9a',243960,0,4,NULL,NULL,36,''),(332,'','2017-11-29 18:47:32','C Jam Blues','53f3645c-95f3-334f-9a62-b8bf28a8e378',292040,0,5,NULL,NULL,36,''),(333,'','2017-11-29 18:47:33','In a Mellow Tone','8cc507c4-0a9f-3bdc-a8b6-7d82b7fb2ea5',163266,0,6,NULL,NULL,36,''),(334,'','2017-11-29 18:47:33','Blues in Blueprint','4b5a7b88-4c7c-34a0-9854-f88a75efcb10',223493,0,7,NULL,NULL,36,''),(335,'','2017-11-29 18:47:34','The Swingers Get the Blues, Too','2102d26e-d0d7-3d9c-93fb-714f9b450e18',189440,0,8,NULL,NULL,36,''),(336,'','2017-11-29 18:47:35','The Swinger\'s Jump','8ab7b52a-db2c-319c-8bfc-5a3be5d35d65',233626,0,9,NULL,NULL,36,''),(337,'','2017-11-29 18:47:36','Blues in Orbit','3e0e25df-8411-3841-bf4d-2d3fdfa59fe3',149000,0,10,NULL,NULL,36,''),(338,'','2017-11-29 18:47:36','Villes Ville Is the Place, Man','bc70d0f5-6ccc-3b21-988d-86c6a2ee7473',153440,0,11,NULL,NULL,36,''),(339,'','2017-11-29 18:47:37','Track 360','03776f2f-34c4-3bcb-9102-8dbcdaa04374',123733,0,12,NULL,NULL,36,''),(340,'','2017-11-29 18:47:38','Sentimental Lady','e2fec610-3f61-3505-9a7b-ddc63f3fc437',242560,0,13,NULL,NULL,36,''),(341,'','2017-11-29 18:47:39','Brown Penny','c66807d1-be88-3404-b1ed-90905f5d2700',182240,0,14,NULL,NULL,36,''),(342,'','2017-11-29 18:47:39','Pie Eye\'s Blues (alternate take)','b04473ee-c264-3f44-bea0-67306884ced3',212733,0,15,NULL,NULL,36,''),(343,'','2017-11-29 18:47:40','Sweet & Pungent (alternate take)','95b9671b-1bc3-3b0d-bc72-a79d6a441296',232960,0,16,NULL,NULL,36,''),(344,'','2017-11-29 18:47:41','The Swinger\'s Jump (alternate take)','cd78a401-6edd-30c6-8485-b449bf948c69',231373,0,17,NULL,NULL,36,''),(345,'','2017-11-29 18:47:41','Blues in Orbit (alternate take)','34438ee5-1927-30d5-84d5-f7249b28abd5',159466,0,18,NULL,NULL,36,''),(346,'','2017-11-29 18:47:42','Track 360 (alternate take)','3c8de039-ed8a-3eea-9554-04bd3e101832',120334,0,19,NULL,NULL,36,''),(347,'','2017-11-29 18:48:26','La Fiesta','68c23584-85cf-3019-a6ec-67da36b499ba',506000,0,1,NULL,NULL,37,''),(348,'','2017-11-29 18:48:27','Five Hundred Miles High','b2f869d3-7cba-30d4-868f-12c3309a46cc',492000,0,2,NULL,NULL,37,''),(349,'','2017-11-29 18:48:28','Captain Marvel','44a19099-3a14-3ffc-9bdb-2a46ec47b79f',309000,0,3,NULL,NULL,37,''),(350,'','2017-11-29 18:48:28','Times Lie','e2335ce3-668f-3edb-8190-3036b2974f9d',589000,0,4,NULL,NULL,37,''),(351,'','2017-11-29 18:48:29','Lush Life','76f51f6a-31e2-3a35-9e08-5dd7cf249d88',256000,0,5,NULL,NULL,37,''),(352,'','2017-11-29 18:48:30','Day Waves','a859b719-9b8d-3cdf-ac7e-e2a88240e175',584000,0,6,NULL,NULL,37,''),(353,'','2017-11-29 18:48:31','Crystal Silence','0169f106-c5ae-3758-9f94-94167d508615',468000,0,7,NULL,NULL,37,''),(354,'','2017-11-29 18:48:31','Captain Marvel (alternate version)','cfaec00b-a36f-3eeb-844d-f0d153fb9a54',319000,0,8,NULL,NULL,37,''),(355,'','2017-11-29 18:48:32','Five Hundred Miles High (alternate version)','389b1f66-116c-3f22-a11f-3677274983d2',569000,0,9,NULL,NULL,37,''),(356,'','2017-11-29 18:49:31','Jubilation (This Thing Called Life) (K.C.\'s Camp Pendleton mix)','0475d390-b700-3acf-85ea-36ddaafe51e3',392000,0,1,NULL,NULL,38,''),(357,'','2017-11-29 18:49:32','Jubilation (This Thing Called Life) (The F Neosubtomic mix)','c0c5712b-1039-3c88-8e50-408a5aaa2554',357000,0,2,NULL,NULL,38,''),(358,'','2017-11-29 18:49:32','Jubilation (This Thing Called Life) (Upstairs at Claudes)','8d7fea6e-1bc8-3b07-9810-cfb1d2aad3be',277000,0,3,NULL,NULL,38,''),(359,'','2017-11-29 18:49:33','Jubilation (This Thing Called Life) (The Face mix)','3add26f5-31dc-3e55-9d0f-1b7ffc1b3161',277000,0,4,NULL,NULL,38,''),(360,'','2017-11-29 18:49:34','Jubilation (This Thing Called Life) (Petite Filet of Percapella)','e48fcdeb-27e6-3c00-a806-3b2ca9ed7494',261000,0,5,NULL,NULL,38,''),(361,'','2017-11-29 18:50:14','96 Tears (extended version)','cbae45f6-ff04-49ad-bdff-ff1eb1f5a09b',300000,0,1,NULL,NULL,39,''),(362,'','2017-11-29 18:50:15','Instead of This','8ec32b73-1f0b-47ce-a51f-38adca297049',237000,0,2,NULL,NULL,39,''),(363,'','2017-11-29 18:50:15','Poisonality','f52567df-1900-4abc-883c-9e71e63a2922',220000,0,3,NULL,NULL,39,''),(364,'','2017-11-29 18:51:04','Holding On','08b6135f-9c04-4b6e-9408-bc46b93d42a5',232066,0,1,NULL,NULL,40,''),(365,'','2017-11-29 18:51:05','Look No Further','e55e1509-d504-47ef-899e-fe080ac0ebf4',226333,0,2,NULL,NULL,40,''),(366,'','2017-11-29 18:51:05','Holding On (West Coast version)','4cc49c2f-690f-4d2b-82cc-769f317a5637',223733,0,3,NULL,NULL,40,''),(367,'','2017-11-29 18:51:49','The Right Combination','86713be0-daad-4c0c-945e-b517386eb2a4',270000,0,1,NULL,NULL,41,''),(368,'','2017-11-29 18:52:35','Goodbye My Baby','29598678-09a7-42b7-b9c7-6d5bed772945',240000,0,2,NULL,NULL,41,''),(369,'','2017-11-29 18:53:56','Mindblower','98325356-1bb6-30b9-b7ff-b50d8c64c657',290000,0,1,NULL,NULL,42,''),(370,'','2017-11-29 18:53:57','Bijou Dreams','d9e799f1-76dd-3cf3-8df2-9d34fb13252a',242000,0,2,NULL,NULL,42,''),(371,'','2017-11-29 18:53:58','For What It\'s Worth','f7fe34f5-b0ce-3b3c-bca9-9e8258d03ad9',199000,0,3,NULL,NULL,42,''),(372,'','2017-11-29 18:53:59','Dance With Me','49130f51-c780-3d2f-aade-bfd746f83925',225000,0,4,NULL,NULL,42,''),(373,'','2017-11-29 18:53:59','Laughing Boy','bd8827c2-bb7f-3a13-9cad-2a201511a281',222000,0,5,NULL,NULL,42,''),(374,'','2017-11-29 18:54:00','Touch My Bones','ae8a0a90-b415-3e18-8396-ad33924dc3f9',173000,0,6,NULL,NULL,42,''),(375,'','2017-11-29 18:54:01','Cat Got Your Tongue','53b0ce22-7475-3620-97fb-063a77eb3d88',188000,0,7,NULL,NULL,42,''),(376,'','2017-11-29 18:54:02','Pretty Girl','9cf30ad2-7a58-3517-9b79-993b17dda6cd',226000,0,8,NULL,NULL,42,''),(377,'','2017-11-29 18:54:02','All Fall Down','9e527025-f134-32e1-a6fa-1fa0a285f1f5',335000,0,9,NULL,NULL,42,''),(378,'','2017-11-29 18:54:03','Liar','2bf3fe26-98cd-3b52-8fd6-d141eef236e0',229000,0,10,NULL,NULL,42,''),(379,'','2017-11-29 18:54:04','Solid Boy','cffbd0eb-33b1-3761-b2c7-e49fe24d78d1',142000,0,11,NULL,NULL,42,''),(380,'','2017-11-29 18:54:04','I Want Some Fun','df9c79c6-2bbd-3a09-a45c-096f2d5c087f',254000,0,12,NULL,NULL,42,''),(381,'','2017-11-29 18:54:05','Are You Experienced','9b28885a-8557-3d57-b5d5-8f816fce9353',269000,0,13,NULL,NULL,42,''),(382,'','2017-11-29 18:54:56','Praying for Time','5ad2b831-0a4b-3457-bb28-581bac9914a2',281066,0,1,NULL,NULL,43,'\n\r\nThese are the days of the open hand\nThey will not be the last\nLook around now\nThese are the days of the beggars and the choosers\n\nThis is the year of the hungry man\nWhose place is in the past\nHand in hand with ignorance\nAnd legitimate excuses\n\nThe rich declare themselves poor\nAnd most of us are not sure\nIf we have too much\nBut we\'ll take our chances\n\'Cause God\'s stopped keeping score\n\nI guess somewhere along the way\nHe must have let us all out to play\nTurned his back and all God\'s children\nCrept out the back door\n\nAnd it\'s hard to love, there\'s so much to hate\nHanging on to hope\nWhen there is no hope to speak of\nAnd the wounded skies above say it\'s much much too late\nWell maybe we should all be praying for time\n\nThese are the days of the empty hand\nOh, you hold on to what you can\nAnd charity is a coat you wear twice a year\n\nThis is the year of the guilty man\nYour television takes a stand\nAnd you find that what was over there is over here\n\nSo you scream from behind your door\nSay, \"What\'s mine is mine and not yours\"\nI may have too much but I\'ll take my chances\n\'Cause God\'s stopped keeping score\n\nAnd you cling to the things they sold you\nDid you cover your eyes when they told you\nThat he can\'t come back\n\'Cause he has no children to come back for\n\nIt\'s hard to love, there\'s so much to hate\nHanging on to hope when there is no hope to speak of\nAnd the wounded skies above say it\'s much too late\nSo maybe we should all be praying for time\n'),(383,'','2017-11-29 18:54:57','Freedom 90','a65f2137-f2a0-32f1-abf2-091016a86c44',390866,0,2,NULL,NULL,43,'\n\r\nI won\'t let you down\nI will not give you up\nGotta have some faith in the sound\nIt\'s the one good thing that I\'ve got\nI won\'t let you down\nSo please don\'t give me up\n&#8216;Cause I would really, really love to stick around, oh yeah\n\nHeaven knows I was just a young boy\nDidn\'t know what I wanted to be\nI was every little hungry schoolgirl\'s pride and joy\nAnd I guess it was enough for me\nTo win the race? A prettier face!\nBrand new clothes and a big fat place\nOn your rock and roll TV\nBut today the way I play the game is not the same\nNo way\nThink I\'m gonna get myself happy\n\nI think there\'s something you should know\nI think it\'s time I told you so\nThere\'s something deep inside of me\nThere\'s someone else I\'ve got to be\nTake back your picture in a frame\nTake back your singing in the rain\nI just hope you understand\nSometimes the clothes do not make the man\n\nAll we have to do now\nIs take these lies and make them true somehow\nAll we have to see\nIs that I don\'t belong to you\nAnd you don\'t belong to me yea yea\nFreedom\nFreedom\nFreedom\nYou\'ve gotta give for what you take\nFreedom\nFreedom\nFreedom\nYou\'ve gotta give for what you take\n\nHeaven knows we sure had some fun boy\nWhat a kick just a buddy and me\nWe had every big shot good-time band on the run boy\nWe were living in a fantasy\nWe won the race\nGot out of the place\nI went back home got a brand new face\nFor the boys on MTV\nBut today the way I play the game has got to change\nOh yeah\nNow I\'m gonna get myself happy\n\nI think there\'s something you should know\nI think it\'s time I stopped the show\nThere\'s something deep inside of me\nThere\'s someone I forgot to be\nTake back your picture in a frame\nDon\'t think that I\'ll be back again\nI just hope you understand\nSometimes the clothes do not make the man\n\nAll we have to do now\nIs take these lies and make them true somehow\nAll we have to see\nIs that I don\'t belong to you\nAnd you don\'t belong to me, yea yea\nFreedom\nFreedom\nFreedom\nYou\'ve gotta give for what you take\nFreedom\nFreedom\nFreedom\nYou\'ve gotta give for what you take\n\nWell it looks like the road to heaven\nBut it feels like the road to hell\nWhen I knew which side my bread was buttered\nI took the knife as well\nPosing for another picture\nEverybody\'s got to sell\nBut when you shake your ass\nThey notice fast\nAnd some mistakes were built to last\n\nThat\'s what you get\nThat\'s what you get\nThat\'s what you get\nI say that\'s what you get\nThat\'s what you get for changing your mind\nThat\'s what you get for changing your mind\n\nThat\'s what you get\nThat\'s what you get\nAnd after all this time\nI just hope you understand\nSometimes the clothes\nDo not make the man\n\nAll we have to do now is take these lies\nAnd make them true somehow\nAll we have to see is that i don\'t belong to you\nAnd you don\'t belong to me yea yea\nFreedom\nFreedom\nFreedom\nYou\'ve got to give for what you take\nFreedom\nFreedom\nFreedom\nYou\'ve got to give for what you take\nYea you\'ve got to give for what you, give for what you give\n\nMay not be what you want from me\nJust the way it\'s got to be\nLose the face now\nI\'ve got to live I\'ve got to live\n'),(384,'','2017-11-29 18:54:58','They Won’t Go When I Go','4feb8f96-c29e-3260-aeec-dd041924f88e',306266,0,3,NULL,NULL,43,'\n\r\nNo more lying friends\r\nWanting tragic ends\r\nThough they do pretend\r\nThey won\'t go when i go\n\r\nAll those bleeding hearts\r\nWith sorrows to impart\r\nWere right here from the start\r\nAnd they won\'t go when i go\n\r\nAnd i\'ll go where i\'ve longed\r\nTo go so long\r\nAway from tears\n\r\nGone from painful cries\r\nAway from saddened eyes\r\nAlong with him i\'ll bide\r\nBecause they won\'t go when i go\n\r\nBig men feeling small\r\nWeak ones standing tall\r\nI will watch them fall\r\nThey won\'t go when i go\n\r\nAnd i\'ll go where i\'ve longed\r\nTo go so long\r\nAway from tears\n\r\nUnclean minds mislead the pure\r\nThe innocent will leave for sure\r\nFor them there is a resting place\r\nPeople sinning just for fun\r\nThey will never see the sun\r\nFor they can never show their faces\r\nThere ain\'t no room for the hopeless sinner\r\nWho will take more than he will give\r\nHe ain\'t hardly gonna give\n\r\nThe greed of man will be\r\nFar away from me\r\nAnd my soul will be free\r\nThey won\'t go when i go\n\r\nSince my soul conceived \r\nAll that i believe\r\nThe kingdom i will see\r\n\'Cause they won\'t go when i go\n\r\nWhen i go\r\nWhere i\'ll go\r\nNo one can keep me\r\nFrom my destiny\n'),(385,'','2017-11-29 18:54:58','Something to Save','92787c3b-9989-3aa8-90bc-970926297d8d',198400,0,4,NULL,NULL,43,'\n\r\nIf you\'ve got something to say\r\nWhy don\'t you say it\r\nIf you\'ve got something to give\r\nWhy don\'t you give it to me\r\nDay after day i have to say it\r\nWe\'re moving further from heaven\r\nAnd closer to the deep blue sea\n\r\n\'Cause i have no secrets from you\r\nAnd i have nothing left to hide\r\nAnd i\'m open to all your questions\r\nWhy can\'t you reach inside\r\nLike i have\r\nLike i have for you\n\r\nAnd all these games that you play\r\nDon\'t tell me how a man should be\r\nSome would say if you knew\r\nYou wouldn\'t be here with me\r\nI love you\r\nI still love you\r\nBut i guess it\'s time to let you be\n\r\n\'Cause i have no secrets from you\r\nAnd i have nothing left to hide\r\nAnd i\'m so tired of all these questions\r\n\'Cause maybe you just changed your mind\r\nLike i have\r\nLike i have\r\nLike i have\r\nLike i have\n\r\nWhen i was at your doorstep\r\nYou told me to look around\r\nSaid come in\r\nYou and your heart sit down\r\nBut you\'d better watch your step\r\n\'Cause you\'re not far from the ground\r\nAnd one fine day this all falls down\r\nLike i have\r\nLike i have\n\r\nIf you\'ve got something to say\r\nWhy don\'t you say it\r\nIf you\'ve got something to give\r\nWhy don\'t you give it to me\r\nDay after day i have to say it\r\nIf we\'ve got something to save\r\nWhy don\'t we save it\n'),(386,'','2017-11-29 18:54:59','Cowboys and Angels','42a58d89-f8bd-38a2-940d-ca4947d402ab',434800,0,5,NULL,NULL,43,'\n\r\nWhen your heart\'s in someone else\'s hands\r\nMonkey see and monkey do\r\nTheir wish is your command\r\nYou\'re not to blame\r\nEveryone\'s the same\n\r\nAll you do is love and love is all you do\r\nI should know by now the way i fought for you\r\nYou\'re not to blame\r\nEveryone\'s the same\n\r\nI know you think that you\'re safe\r\nMister\r\nHarmless deception\r\nThat keeps love at bay\r\nIt\'s the ones who resist that we most want to kiss\r\nWouldn\'t you say?\n\r\nCowboys and angels\r\nThey all have the time for you\r\nWhy should i imagine that i\'d be a find for you\r\nWhy should i imagine\r\nThat i\'d have something to say\n\r\nBut that scar on your face\r\nThat beautiful face of yours\r\nIn your heart there\'s a trace\r\nOf someone before\n\r\nWhen your heart\'s in someone else\'s plans\r\nThings you say and things you do\r\nThey don\'t understand\r\nIt\'s such a shame\r\nAlways ends the same\n\r\nYou can call it love but i don\'t think it\'s true\r\nYou should know by now\r\nI\'m not the boy for you\r\nYou\'re not to blame\r\nAlways ends the same\n\r\nI know you think that you\'re safe\r\nSister\r\nHarmless affection\r\nThat keeps things this way\r\nIt\'s the ones who persist for the sake of a kiss\r\nWho will pay\r\nCowboys and angels\r\nThey all take a shine to you\r\nWhy should i imagine that i was designed for you\r\nWhy should i believe\r\nThat you would stay\n'),(387,'','2017-11-29 18:55:00','Waiting for That Day','f55de786-3b7d-3cc9-88fc-e76db59ba716',289960,0,6,NULL,NULL,43,'\n\r\nSo every day I see you in some other face\nThey crack a smile, talk a while\nTry to take your place\nMy memory serves me far too well\n\nI just sit here on this mountain thinking to myself\nYou\'re a fool, boy\nWhy don\'t you go down\nFind somebody\nFind somebody else\nMy memory serves me far too well\n\nIt\'s not as though we just broke up\nIt\'s not as though it was yesterday\nBut something I just can\'t explain\nSomething in me needs this pain\nI know I\'ll never see your face again\n\nC\'mon now\nI\'ve got to be strong now\n\nNow everybody\'s talking about this new decade\nLike you say the magic number\nThen just say goodbye to\nThe stupid mistakes you made\nOh, my memory serves me far too well\n\nDon\'t you know that\nThe years will come and go\nSome of us will change our lives\nSome of us still have nothing to show\nNothing, baby\nBut memories\n\nAnd if these wounds\nThey are self-inflicted\nI don\'t really know\nHow my poor heart could have protected me\nBut if I have to carry this pain\nIf you will not share the blame\n\nI deserve to see your face again\n\nC\'mon now\nYou don\'t have to be so strong now\nCome back\n\nCome back to me darling\nI will make it worth your while\nCome on back to your baby\nI miss your kiss\nI miss your smile\n\nSeems to me the peace I search to find\nAin\'t gonna be mine until you say you will\nDon\'t you keep me waiting for that day\nI know\nYou hear these words that I say\nI know\nYou can\'t always get what you want...\n'),(388,'','2017-11-29 18:55:01','Mothers Pride','9eca4f3a-9a3f-374b-ae2a-9c2b35f7e2f3',239040,0,7,NULL,NULL,43,'\n\r\nOh she knows\r\nShe takes his hand\r\nAnd prays the child will understand\r\nAt the door they watch the men go by\r\nIn the clothes that daddy wore\r\nMothers pride\r\nBaby boy\r\nHis father\'s eyes\r\nHe\'s a soldier waiting for war\r\nTime will come\r\nHe\'ll hold a gun\r\nHis father\'s son\n\r\nAnd as he grows\r\nHe hears the band\r\nTakes the step from boy to man\r\nAnd at the shore she waves her son goodbye\r\nLike the man she did before\n\r\nMothers pride\r\nJust a boy\r\nHis country\'s eyes\r\nHe\'s a soldier waving at the shore\r\nAnd in her heart the time has come\r\nTo lose a son\n\r\nAnd all the husbands, all the sons, all the lovers gone\r\nThey make no difference\r\nNo difference in the end\r\nStill hear the woman say your daddy died a hero\r\nIn the name of god and man\n\r\nMothers pride\r\nCrazy boy\r\nHis lifeless eyes\r\nHe\'s a soldier now forevermore\r\nHe\'ll hold a gun till kingdom come\n'),(389,'','2017-11-29 18:55:02','Heal the Pain','b62eb2fd-c729-330a-8cb7-8b8ced631121',279160,0,8,NULL,NULL,43,'\n\r\nLet me tell you a secret\nPut it in your heart and then keep it\nSomething that I want you to know\nDo something for me\nListen to my simple story\nAnd maybe we\'ll have something to show\n\nYou tell me you\'re cold on the inside\nHow can the outside world\nBe a place that your heart can embrace\nBe good to yourself\nBecause nobody else\nHas the power to make you happy\n\nHow can I help you\nPlease let me try to\nI can heal the pain\nThat you\'re feeling inside\nWhenever you want me\nYou know that I will be\nWaiting for the day\nThat you say you\'ll be mine\n\nHe must have really hurt you\nTo make you say the things that you do\nHe must have really hurt you\nTo make those pretty eyes look so blue\n\nHe must have known\nThat he could\nThat you\'d never leave him\nNow you can\'t see my love is good\nAnd that I\'m not him\n\nHow can I help you\nPlease let me try to\nI can heal the pain\nWon\'t you let me inside\nWhenever you want me\nYou know that I will be\nWaiting for the day\nThat you say you\'ll be mine\n\nWon\'t you let me in\nLet this love begin\nWon\'t you show me your heart now\nI\'ll be good to you\nI can make this thing true\nShow me that heart right now\n\nWho needs a lover\nThat can\'t be a friend\nSomething tells me I\'m the one you\'ve been looking for\nIf you ever should see him again\nWon\'t you tell him you\'ve found someone who gives you more\n\nSomeone who will protect you\nLove and respect you\nAll those things\nThat he never could bring to you\nLike I do\nOr rather I would\nWon\'t you show me your heart\nLike you should \n\nHow can I help you\nPlease let me try to\nI can heal the pain\nThat you\'re feeling inside\nWhenever you want me\nYou know that I will be\nWaiting for the day\nThat you say you\'ll be mine\n\nWon\'t you let me in\nLet this love begin\nWon\'t you show me your heart now\nI\'ll be good to you\nI can make this thing true\nAnd get to your heart somehow\n'),(390,'','2017-11-29 18:55:03','Soul Free','2a9bb508-fd14-3f16-a594-570c1dc467c1',331800,0,9,NULL,NULL,43,'\n\r\nHigher, higher\r\nWon\'t you come with me\r\nBaby gonna get my soul free\n\r\nNow you and me\r\nI guess we see things differently\r\nWe\'re night and day\r\nA bad connection some would say\r\nAnd i don\'t want nothing to change\r\nI don\'t want nothing to change\r\nBecause\r\nWhen you touch me baby\r\nI don\'t have no choice\r\nOh that sweet temptation\r\nIn your voice\n\r\nHigher, higher\r\nWon\'t you come with me\r\nBaby gonna get my soul free\n\r\nNow seems to me\r\nSome things have just got to be\r\nThe games we play\r\nBreak up make-up day by day\r\nAnd i don\'t want nothing to change\r\nSaid i don\'t want nothing to change\r\nBecause\r\nWhen you touch me baby\r\nI don\'t have no choice\r\nOh that sweet temptation\r\nIn your voice\n\r\nHigher, higher\r\nWon\'t you come with me\r\nBaby gonna get my soul free\n'),(391,'','2017-11-29 18:55:04','Waiting (reprise)','80e9fd8d-c148-37ff-b425-839815e51de9',147640,0,10,NULL,NULL,43,'\n\r\nWell there ain\'t no point in moving on\r\nUntil you\'ve got somewhere to go\r\nAnd the road that i have walked upon\r\nWell it filled my pockets\r\nAnd emptied out my soul\n\r\nAll those insecurities\r\nThat have held me down for so long\r\nI can\'t say i\'ve found a cure for these\r\nBut at least i know them\r\nSo they\'re not so strong\n\r\nYou look for your dreams in heaven\r\nBut what the hell are you supposed to do\r\nWhen they come true?\n\r\nWell there\'s one year of my life in the songs\r\nAnd some of them are about you\r\nNow i know there\'s no way i can write those wrongs\r\nBelieve me\r\nI would not lie you\'ve hurt my pride\r\nAnd i guess there\'s a road without you\n\r\nBut you once said\r\nThere\'s a way back for every man\r\nSo here i am\r\nDon\'t people change, here i am\r\nIs it too late to try again\n'),(392,'','2017-11-29 18:55:53','Love Pains (Steve Hurley’s remix)','e3cb9fcb-b033-4ca1-b6b1-2419c295c0db',337733,0,1,NULL,NULL,44,''),(393,'','2017-11-29 18:55:54','Love Pains (Deep Dub)','9adeb265-fb33-4d73-9b7f-0dc4d6ef7ca9',282093,0,2,NULL,NULL,44,''),(394,'','2017-11-29 18:55:55','Rent','646971c0-e255-4dea-b061-e472ef3787bb',234373,0,3,NULL,NULL,44,''),(395,'','2017-11-29 18:56:46','The Way You Make Me Feel','8da68912-38a3-31d8-8ec2-ef8e21340a46',235333,0,1,NULL,NULL,45,''),(396,'','2017-11-29 18:56:46','God, Part II','c0f69381-4822-34fd-8f4e-c9d5403cca65',186000,0,2,NULL,NULL,45,''),(397,'','2017-11-29 18:56:47','Love Hurts','a4e59414-061f-39ff-b082-bafc29a304a6',210293,0,3,NULL,NULL,45,''),(398,'','2017-11-29 18:56:48','Sometimes Again','85375380-2966-37e3-bda7-d31ef4b0140a',329800,0,4,NULL,NULL,45,''),(399,'','2017-11-29 18:56:49','When the Rain Comes','704f4059-f372-3af4-8098-d3a7776ebdfb',367306,0,5,NULL,NULL,45,''),(400,'','2017-11-29 18:56:49','Heart & Soul','9d5a3970-700f-3fde-90c6-eaea41838582',222933,0,6,NULL,NULL,45,''),(401,'','2017-11-29 18:56:50','Ready for the Common Man','cbddaac6-c5af-3f4f-851b-1e9747ba1de4',312866,0,7,NULL,NULL,45,''),(402,'','2017-11-29 18:56:51','Only the Good Die Young','5d370424-f670-3972-89f2-3b1366f31d0e',266400,0,8,NULL,NULL,45,''),(403,'','2017-11-29 18:56:51','Let the Heartache Begin','07a363f6-9875-38d0-bced-fbda32387b57',278960,0,9,NULL,NULL,45,''),(404,'','2017-11-29 18:56:52','Medicine Man','17e8f92b-c6de-31f0-96aa-8e41a54d1d5a',241640,0,10,NULL,NULL,45,''),(405,'','2017-11-29 18:56:53','Pull Together','b0865283-77c1-33f5-b1c9-34ca58c22c7e',259600,0,11,NULL,NULL,45,''),(406,'','2017-11-29 18:56:53','Warzone','8ae178c6-dfbd-32eb-a209-8fe7877cf677',254867,0,12,NULL,NULL,45,''),(407,'','2017-11-29 18:57:37','Love Rears Its Ugly Head','99670d1f-6d28-32ba-bcdc-b045c1ac74c3',260893,0,1,NULL,NULL,46,'\n\r\nYeah ehh ehh\nAh oooh ooh\nDib um dib dib dib dib dib dib\n\nI always thought that our relationship was good\nYou played the role of having sense\nI always played the fool\nNow something\'s different\nI don\'t know the reason why\nWhenever we separate\nI almost want to cry\n\nOh no, please not that again\nLove rears up its ugly head\n\nAnd when I come home late you don\'t complain or call\nso as a consequence I don\'t go out at all\nMy friends are frightened\nThey don\'t know what\'s going on\nThey think you put a spell on me\nAnd now my mind is gone\n\nOh no, please not that again\nLove rears up its ugly head\n...its ugly head\n\nLove\'s not so bad they say\nbut you never know where love is gonna go\n\nDoes anybody really know oh?\n\n(Check this out...)\n\nI\'m standing at the altar\nAs they play the wedding march\nI\'m in a black tuxedo with my collar full of starch\nShe looks as lovely as she\'s ever gonna get\nI wake up from this nightmare in a pool of sweat\n\nOh no, no, no, no\nNot that again...yeah...\n\nI\'m not goin\'\nI\'m not goin when\nLove rears up its ugly head\n\nNo not me \nNo no not me when\nLove rears up its\nLove rears up its ugly, ugly, ugly, ugly head\n\nWhat you gonna do\nWhat you gonna do when it comes and gets you?\n'),(408,'','2017-11-29 18:57:38','Love Rears Its Ugly Head (Soul Power mix)','dfbb6b89-5b89-3821-92c9-c71bff209215',248066,0,2,NULL,NULL,46,''),(409,'','2017-11-29 18:57:38','Love Rears Its Ugly Head (Hip Hop version)','53d7c0a4-cfb7-39d6-94f1-0273fb0d1336',310866,0,3,NULL,NULL,46,''),(410,'','2017-11-29 18:57:39','Love Rears It\'s Ugly Head (Soul Power mix - extended version)','45a03031-26c4-32a7-8296-79d366f1d711',350573,0,4,NULL,NULL,46,''),(411,'','2017-11-29 18:58:23','Knockin\' Boots','4c7bb8bf-a2c2-3210-a29c-8e416874044e',225000,0,1,NULL,NULL,47,''),(412,'','2017-11-29 18:58:23','Keep On Watcha Doin\'','743b40b3-fbe6-36dd-a645-8202319e6876',216000,0,2,NULL,NULL,47,''),(413,'','2017-11-29 19:00:19','Fire','9a342f7b-726f-387d-bb78-33cfeb4814d5',248000,0,1,NULL,NULL,48,''),(414,'','2017-11-29 19:00:20','Dis Go Dis Way, Dis Go Dat Way','5a3779c4-de65-372b-91df-ac575a502204',253000,0,2,NULL,NULL,48,''),(415,'','2017-11-29 19:00:20','Baby Love','5e36b0a8-e8c3-37bb-9d9d-43633ef9878c',262000,0,3,NULL,NULL,48,''),(416,'','2017-11-29 19:00:21','Secret Service','290bfd6b-b9b4-32df-88bc-5406e5e540f4',255000,0,4,NULL,NULL,48,''),(417,'','2017-11-29 19:00:22','Big Shot Romeo','73121e45-9ff9-3ed1-ae0f-d5aeba0ad584',218000,0,5,NULL,NULL,48,''),(418,'','2017-11-29 19:00:22','What Kind of Fool','b6a53cf4-85a1-3946-88eb-03117f949559',220000,0,6,NULL,NULL,48,''),(419,'','2017-11-29 19:00:23','Love Me Too','164e9e59-9188-3e16-beb5-5cfe28907df0',238000,0,7,NULL,NULL,48,''),(420,'','2017-11-29 19:00:24','Can\'t Fight the Feeling','108a4eee-da89-3be2-b1ae-209fd4f0a229',239000,0,8,NULL,NULL,48,''),(421,'','2017-11-29 19:00:24','Give You All the Love (Inside of Me)','f4314bf9-1540-3358-b613-3a7c532fc59a',478000,0,9,NULL,NULL,48,''),(422,'','2017-11-29 19:00:25','Evolution','c510bf30-c627-362b-a8ee-2f1dadfc42a8',228000,0,10,NULL,NULL,48,''),(423,'','2017-11-29 19:00:26','Piece of the Rock','78e9dd8d-e18e-3202-9ff2-856a3863a9c2',205000,0,11,NULL,NULL,48,''),(424,'','2017-11-29 19:00:26','Time','3bdaed3e-09f4-3a03-aee7-a8185ffc42ba',253000,0,12,NULL,NULL,48,''),(425,'','2017-11-29 19:00:27','Don\'t Wanna Come Back','8a7f5076-e03d-3907-bab0-c600f5137c23',255000,0,13,NULL,NULL,48,''),(426,'','2017-11-29 19:00:28','Thank You for the Love','bb1beadb-6c36-3059-882d-411ce4601703',302000,0,14,NULL,NULL,48,''),(427,'','2017-11-29 19:00:29','Some Kind of Madness','5c229649-375f-3a6c-a676-8bf03a9d8ab8',210000,0,15,NULL,NULL,48,''),(428,'','2017-11-29 19:00:29','Watch My Stylin\'','3717fba6-c8cb-39d4-ad51-f33736b2692d',237000,0,16,NULL,NULL,48,''),(429,'','2017-11-29 19:00:30','Movin\' On','552db6db-3b58-3cfb-827f-29304c7403b9',261000,0,17,NULL,NULL,48,''),(430,'','2017-11-29 19:01:14','Slip on Through','566aab79-b7ce-324e-8f71-631fed000f20',139466,0,1,NULL,NULL,49,''),(431,'','2017-11-29 19:01:14','This Whole World','81d6a1de-759d-3526-a342-c454ae78499b',118533,0,2,NULL,NULL,49,''),(432,'','2017-11-29 19:01:15','Add Some Music to Your Day','034bfdaf-abfe-34ae-b0da-ab2b24b65dc3',215893,0,3,NULL,NULL,49,''),(433,'','2017-11-29 19:01:16','Got to Know the Woman','e5c4673c-312a-3325-b3a0-d032008b5f66',163240,0,4,NULL,NULL,49,''),(434,'','2017-11-29 19:01:16','Deirdre','f62a5e85-5227-335b-bdf6-a23318c9536d',209800,0,5,NULL,NULL,49,''),(435,'','2017-11-29 19:01:17','It’s About Time','9946c9de-1c0d-387d-8e1f-80d74c85c457',176866,0,6,NULL,NULL,49,''),(436,'','2017-11-29 19:01:18','Tears in the Morning','24f5ab73-4512-335d-9c06-5e69cb55c61b',249800,0,7,NULL,NULL,49,''),(437,'','2017-11-29 19:01:19','All I Wanna Do','26ffd3d4-ab6e-3699-b398-ee021b390b35',156626,0,8,NULL,NULL,49,''),(438,'','2017-11-29 19:01:19','Forever','878b845e-4ba6-35d8-bf07-5215430f21ab',162666,0,9,NULL,NULL,49,''),(439,'','2017-11-29 19:01:20','Our Sweet Love','bfda0a12-b251-3804-ab99-2d49b3954638',160866,0,10,NULL,NULL,49,''),(440,'','2017-11-29 19:01:21','At My Window','7460c677-bd42-3cdf-be4a-cdff149af57c',152133,0,11,NULL,NULL,49,''),(441,'','2017-11-29 19:01:21','Cool, Cool Water','9eda5ba9-805d-39ed-85f1-4f5b01e96cff',303107,0,12,NULL,NULL,49,''),(442,'','2017-11-29 19:02:13','Kâmâ Sutrâ','5a3f5df8-bed8-40a1-af92-343cdffa8aea',278000,0,1,NULL,NULL,50,''),(443,'','2017-11-29 19:02:14','Bronzer vert','2e2f649e-31ef-48d4-81bb-72375ca9b339',211000,0,2,NULL,NULL,50,''),(444,'','2017-11-29 19:02:59','Hard to Be','70b22075-94f6-35ff-96db-31bdcc78764d',283800,0,1,NULL,NULL,51,''),(445,'','2017-11-29 19:03:00','White Boots','f45c5975-d385-3c28-bc08-9bb5530eeeaa',230333,0,2,NULL,NULL,51,''),(446,'','2017-11-29 19:03:00','D/FW','6901bdf5-340a-3d50-8ea4-861d22b36a3a',172560,0,3,NULL,NULL,51,''),(447,'','2017-11-29 19:03:01','Good Texan','d1e2a1b8-e412-3436-ad90-05704c65f4df',262333,0,4,NULL,NULL,51,''),(448,'','2017-11-29 19:03:02','Hillbillies From Outerspace','3da06b5c-e863-3af2-8ba4-84c3f4c1ba95',222573,0,5,NULL,NULL,51,''),(449,'','2017-11-29 19:03:03','Long Way From Home','6adc3508-9bde-355d-8a60-b75d6b38166c',195226,0,6,NULL,NULL,51,''),(450,'','2017-11-29 19:03:03','Tick Tock','c3270ef3-820c-3254-bd4d-4fbc75b5ad25',297506,0,7,NULL,NULL,51,''),(451,'','2017-11-29 19:03:04','Telephone Song','16e9b55b-2f6d-3b2f-bef8-f9c6b757ceba',208466,0,8,NULL,NULL,51,''),(452,'','2017-11-29 19:03:05','Baboom / Mama Said','f169459f-d4be-36d7-b233-545e6d5997bd',269826,0,9,NULL,NULL,51,''),(453,'','2017-11-29 19:03:06','Brothers','e8a45e93-03b7-3063-8ec9-695886f12523',305706,0,10,NULL,NULL,51,''),(454,'','2017-11-29 19:04:26','Shake the House Down','76dfbdd0-6268-4e1c-a8ce-08cc45a87af6',253933,0,1,1757,NULL,52,''),(455,'','2017-11-29 19:04:27','Ragtop Deluxe','dbbf2928-2828-4b9e-ad05-cbb087cd0b73',199160,0,2,1757,NULL,52,''),(456,'','2017-11-29 19:04:28','Whiskey Man','88c80756-8528-42ba-8030-efb14890608a',219533,0,3,1757,NULL,52,'\n\r\nHey whiskey man, you\'re running as hard as you can,\nYou drink your whiskey too much more than you can stand.\nYou have your highs, you have your lows,\nNobody knows which way you go.\n\n[Chorus:]\nWhiskey man, don\'t you play that hand too long.\nWhiskey man, don\'t you play that hand too long.\nIt takes whiskey to make you tall,\nYou ain\'t so very damn tall at all.\nYou start to get straight, then you get weak,\nCan\'t you see your on a loosing streak.\nYou have your highs, you have your lows,\nNobody knows which way you\'ll go.\n\n[Chorus:]\nWhiskey man, don\'t you play that hand too long.\nWhiskey man, don\'t you play that hand too long.\nHey don\'t you know,\nI use to be there myself,\nI tried to kick the habit, baby, with nobody else\'s help.\nI have my highs, I have my lows,\nBut nobody knows which way I\'ll go.\n\n[Chorus:]\nWhiskey man, don\'t you play that hand too long.\nWhiskey man, don\'t you play that hand too long.\nWhiskey man, don\'t you play that hand too long.\nWhiskey man, don\'t you play that hand too long.\n'),(457,'','2017-11-29 19:04:28','Bounty Hunter','ec9828a4-681e-4b94-ab43-f98ceb862e25',179240,0,4,1757,NULL,52,'\n\r\nMy horse is kicking dust up off the trail,\nI\'m just getting back from a trip to HELL.\nMy six gun she\'s stapped by my side,\nThunder is the horse that I ride.\nAnd it seems to me this is one hell of a way,\nFor a man like me to earn that pay.\n\n[Chorus:]\nOutlaws on the loose.\nRunning, running from the noose.\n\nBlue steel flashing, hot lead flying,\nI wonder what they feel like when they\'re dying.\nSomeday soon it might be my turn,\nIs it worth the money I earn?\nAnd it seems to me this is one hell of a way,\nFor a man like me to earn that pay.\n\n[Chorus:]\nOutlaws on the loose,\nRunning, running from the noose.\nI\'m a bounty hunter, I\'ll hunt you down, yeah, I will.\n\n[LEAD BREAK]\n\nDid you know $500 will get your head blown off?\nIt will....ha, ha, ha\n\nBlue steel flashing, hot lead flying,\nI wonder what they fell like when they\'re dying.\nSomeday soon it might be my turn,\nIs it worth the money I earn?\nAnd it seems to me this is one hell of a way,\nFor a man like me to earn that pay.\n\n[Chorus:]\nOutlaws on the loose,\nRunning, running from the noose,\n[REPEAT]\nI\'m a bounty hunter going to hunt you down.\n'),(458,'','2017-11-29 19:04:29','Gator Country','1d023d48-067b-4a15-80b0-100ff1a426f7',377360,0,5,1757,NULL,52,'\n\r\nI\'ve been to Alabama, people ain\'t a whole lot to see;\nSkynyrd says it\'s a real sweet home but it ain\'t nothing to me.\nCharlie Daniels will tell you the good Lord lives in Tennessee, ha!\nBut I\'m going back to gator country where the wine and the women are free.\n\nThere\'s a gator in the bushes, he\'s calling my name,\nAnd a saying come on boy, you better make it back home again.\nThere\'s many roads I\'ve traveled but they all kind of look the same.\nThere\'s a gator in the bushes, Lord, he calling my name.\n\nOld Richard Betts will tell ya Lord he was born a Ramblin\' Man.\nWell he can ramble back to Georgia but I won\'t give a damn.\nElvin Bishop out struttin\' his stuff with little Miss Slick Titty Boom.\nBut I\'m going back to gator country to get me some elbow room.\n\nThere\'s a gator in the bushes he\'s calling my name.\nand saying come on boy, you better make it back home again.\nThere\'s many roads I\'ve traveled but they all kinda look the same.\nThere\'s a gator in the bushes, Lord, he calling my name. Yep.\n\nThere\'s Marshall Tucker riding a rainbow searching for a pot of gold.\nWell they can take the highway, baby, and they can take all they can hold.\nThe Outlaws down in Tampa town it\'s a mighty fine place to be.\nThey got green grass and they got high tides and sure looks good to me.\n\nThere\'s a gator in the bushes, he\'s calling my name.\nSaying come on boy, you better make it back home again.\nThere\'s so many roads I\'ve traveled but they all kinda look the same.\nThere\'s a gator in the bushes, Lord, he\'s calling my name.\n\nOh gator country,\na little bit of that chomp chomp\n'),(459,'','2017-11-29 19:04:30','Flirtin’ With Disaster','113547c6-93f0-493b-aea7-0a8c7aaa3254',300773,0,6,1757,NULL,52,'\n\r\nI\'m travelin\' down the road and I\'m flirtin\' with disaster\nI\'ve got the pedal to the floor, my life is running faster\nI\'m out of money, out of hope, it looks like self-destruction\nWell, how much more can we take with all of this corruption\n\nWe\'re flirtin\' with disaster, y\'all know what I mean\nAnd the way we run our lives, it makes no sense to me\nI don\'t know about yourself or what you want to be, yeah\nWhen we gamble with our time, we choose our destiny\n\nI\'m travelin\' down that lonesome road\nFeel like I\'m dragging a heavy load\nYeah, I\'ve tried to turn my head away\nFeel about the same most every day\n\nYou know what I\'m talking about, baby\n\nSpeeding down the fast lane, honey, we\'re playin\' from town to town\nThe boys and I\'ve been burnin\' it up, can\'t seem to slow it down\nI&#8217;ve got the pedal to the floor, our lives are runnin\' faster\nWe got our sights set straight ahead, but I ain\'t sure what we\'re after\n\nFlirtin\' with disaster, y&#8217;all damn sure know what I mean\nYou know, the way we run our lives, it makes no sense to me\nI don\'t know about yourself or what you plan to be, yeah\nWhen we gamble with our time we choose our destiny\n\nYeah, we\'re travelin\' down that lonesome road\nFeel like I\'m dragging a heavy load\nDon\'t try to turn my head away\nI\'m flirtin\' with disaster every day\n\nAnd you are too, baby\n\nFlirtin\' with disaster, babe, y\'all know what I mean\nYou know the way we run our lives, it makes no sense to me\nI don\'t know about yourself or what you plan to be\nWhen we gamble with our time we choose our destiny\n\nYeah, we\'re traveling down this lonesome road\nFeel like I\'m dragging a heavy load\nDon\'t try and turn my head away, ba ba ba yeah\nFlirtin\' with disaster every day\n'),(460,'','2017-11-29 19:04:31','Bloody Reunion','bf03e2bc-a3f5-49ca-9a40-50499a95a3a9',250000,0,7,1757,NULL,52,'\n\r\nOut streetwalking on a Saturday night\nLooking for the man\nStaying out of sight\nTrying to find something\nTo ease my mind\nTraffic lights a-blinkin\'\nAnd I\'m right on time\nCome around a corner\nOn 4th and Main\nJoint was a -jumpin\'\nPeople going insane\nJukebox a-flappin\'\nOn through the night\nI think all the boys\nAre starting up a bloody reunion.\n\n[Chorus:]\nA bloody reunion\nWell, it\'s a bloody reunion\nTearing up the town\nSmoking on a Saturday night\nWell, it\'s a bloody reunion\nWhat a bloody reunion\nAll hell\'s a-poppin\nRockin\' \'till the morning light.\n\nHere comes Mary\nIn a long red dress\nLooking hot \'n\' sasy\nJust like all the rest\nLeaning on a lamp post\nAnd she\'s dressed to kill\nLord she wants to make it\nAnd I think I will\nComing on strong\nAnd giving me the eye\nAin\'t no way\nI\'m gonna pass it by\nTonight we\'re gonna do it\nGonna get it right\nMe and Miss Mary\nGonna start another\nBloody reunion.\n\n[Chorus:]\nA bloody reunion\nWell, it\'s a bloody reunion\nTearing up the town\nSmoking on a Saturday night\nWell, it\'s a bloody reunion\nWhat a bloody reunion\nAll hell\'s a-poppin\nRockin\' \'till the morning light.\n\n[Chorus:]\nA bloody reunion\nWell, it\'s a bloody reunion\nTearing up the town\nSmoking on a Saturday night\nWell, it\'s a bloody reunion\nWhat a bloody reunion\nAll hell\'s a-poppin\nRockin\' \'till the morning light.\n\nLord what a party\nEverybody feelin\' right\nDrinking and a-smoking\nEverybody\'s high as a kite.\n'),(461,'','2017-11-29 19:04:32','Boogie No More','e97135dd-6735-4d38-93cd-3224e4fee44c',369226,0,8,1757,NULL,52,'\n\r\nOh, People, baby, what\'s the matter with you?\nYour feet, they ain\'t leaving\' the ground.\nDon\'t you just want to get up, babe,\nHearing this rocking sound? \nDon\'t you just want to jump on up,\nAnd kick your chairs out of the way?\nOOh we\'re going to rock you, baby,\nRock you till the break of day.\nWe ain\'t never had no problem before,\nNobody seems to want to boogie no more.\nOh, it\'s easy, can\'t you see?\nGonna give it to you one time.\nOh, People, baby, what\'s the matter with you?\nYour feet, they\'re leaving\' the ground.\nI know that you get on up, baby,\nHearing this rockin\' sound.\nDon\'t you just want to jump on up,\nAnd kick your chairs out of the way.\nMMM\' gonna rock you , baby,\nRock you till the break of day.\n'),(462,'','2017-11-29 19:04:33','Dreams I’ll Never See','e95ccf16-acbe-455b-925b-cd9526ea5b62',428640,0,9,1757,NULL,52,'\n\r\nJust one more morning, I have to wake up with the blues.\nPull myself outta bed, yeah, put on my walkin\' shoes.\nClimb up on a hilltop, baby, see what I can see, yeah.\n\nThe whole world\'s fallin\' down oh babe, right down in front of me.\n\nCause I\'m hung up, on dreams, I\'m never gonna see, yeah.\nLord help me baby, dreams get the best of me yet.\n\nPull myself together, gonna put on a new face, yeah.\nGonna climb down from the hilltop, baby, Lord, get back in the race.\nCause I got dreams, I got my dreams, to remember, the love we had.\nI got dreams, I got my dreams, to remember, the love we had.\n\nCause I\'m hung up, on dreams,  I\'m never gonna see, yeah.\nLord help me baby, dreams get the best of me yet.\n'),(463,'','2017-11-29 19:04:34','Beatin\' the Odds','d98b5de2-a6b5-409d-ad8a-be9bd6d3f498',219226,0,10,1757,NULL,52,'\n\r\nWell she grabbed me and asked me,\nIf I had a name,\nShe told me she was interested to see,\nIf I could play the game,\nShe said her name was victory,\nShe didn\'t want to know the rules,\nThat\'s just the way I wanted to play,\nIn a game designed for fools.\n\n[Chorus:]\nWe were beatin\' the odds, we were beatin\' the odds,\nWe were beatin\' the odds again,\nWe were gambling with our souls,\nWe were playing to win,\nWe were beatin\' the odds again.\n\nWell I rolled the dice feelin\' cold as ice,\nAnd Victory drew the cards,\nWe knew that loosin\' when the stakes were high,\nCould really hit us hard,\nI strapped into the drivers seat,\nWith Miss Victory by my side,\nShe knew at a glance she was takin\' a chance,\nBy coming along for the ride.\n\n[Chorus:]\nWe were beatin\' the odds, we were beatin\' the odds,\nWe were beatin\' the odds again,\nWe were gambling with our souls,\nWe were playing to win,\nWe were beatin\' the odds again.\n\nTime and space stood still that day,\nWith Victory\'s soul and mine,\nWe were running a race between heaven and hell,\nAnd we could not find the finish line,\nAnd when it was all over we won it in the end,\nWe were splittin\' the prize when she opened her eyes,\nAnd said Baby let\'s try it again.\n\n[Chorus:]\nWe were beatin\' the odds, we were beatin\' the odds,\nWe were beatin\' the odds again,\nWe were gambling with our souls,\nWe were playing to win,\nWe were beatin\' the odds again.\n\n[Chorus:]\nWe were beatin\' the odds, we were beatin\' the odds,\nWe were beatin\' the odds again,\nWe were gambling with our souls,\nWe were playing to win,\nWe were beatin\' the odds again.\n'),(464,'','2017-11-29 19:04:35','Edge of Sundown','8ffd2245-a314-48ee-a93a-9428b32d335a',270666,0,11,1757,NULL,52,'\n\r\nOn the edge of sundown, a man rode into town\nHis clothes were old and dirty like the guns he wore low down\nAnd as he rode the people stared, tried to look on him\nHe\'s the man who\'ll take your life, take your life to boothill\n\nSleeps by day and rides by night\nLike a mongrel always lookin\' for a fight\nGot cold steel a bowie knife, just his way of life\nHe took no one, no not a sound, stares at the edge of town\nOnly time that he\'ll be found, is on the edge of sundown\n\nTake you for your dollars babe, take you for your gold\nMake your life so miserable, he\'s gonna leave you mean and cold\nAnd then he\'ll head on out, to another town\nThe only time when he\'ll be found, is on the edge of sundown\nNext time he\'ll be sundown.\n\nHe\'s a killer and a robber and he\'ll make you grieve\nShoot you in the back or in your sleep\nGot no name or identity\nLivin\' in the wind, he\'s free...\n'),(465,'','2017-11-29 19:04:36','Fall of the Peacemakers','cc4b6b89-b7c8-4310-bd55-0260bf2da53c',485133,0,12,1757,NULL,52,'\n\r\nA king without a sword\nA land without a king\nA truth without a voice\nOne song left to sing\nOne song to sing\n\nA wise man told me there\'s something you should know\nThe way you judge a man is to look into his soul\nAnd you\'ll soon see everything.\n\nA voice from the past cried \"Give peace a chance\"\nHe paid our price now he\'s free at last\nImagine, we called him a dreamer!\nHow many times must good men die?\nHow many tears will the children cry?\n\'Til they suffer no more sadness\nStop the madness,\nOh, stop the madness.\n\nIf ashes are ashes and dust is dust\nAt our journey\'s end then return we must\nTo the sands of the shore\nWhite doves in flight\nPeace to all\nBut tell me why the peacemakers fall\nMust we bury anymore?\n\nThe hush of the crowd as the horse rode by\nA black lace veil hid the tears from her eyes\nAnd we all wept in silence\nHow many times must good men die?\nHow many times will the children cry?\n\'Til they suffer no more sadness\nOh, stop the madness\nOh, stop all the madness.\n'),(466,'','2017-11-29 19:04:38','Freedom (Back to Reality mix)','27360392-3c02-375d-a25e-a46d9fa6b1e2',376400,0,1,NULL,NULL,53,''),(467,'','2017-11-29 19:04:39','Freedom','df254f88-8c10-3afc-adb4-d5e3cacf5da1',392226,0,2,NULL,NULL,53,''),(468,'','2017-11-29 19:04:39','Fantasy','a8f15759-399b-3057-b246-e1c1f106cdc5',301374,0,3,NULL,NULL,53,'\n\r\nOne Day You Say You Love Me\nThe next you tell me you don\'t\nOne day you say you will\nThe next you tell me you won\'t\nHey little baby, there ain\'t much point in hanging around, yeah\n\nOne day you make me feel that your love is in my hands\nOne day you say you\'ll stay\nThe next you\'re changing your plans\nHey little baby, there ain\'t much point in hanging around, yeah\n\n\'Cos if you ain\'t got time for me\nI\'ll find another fantasy\n\nIt\'s kind of funny that you think\nThat I\'m the boy to make you cry\nI can make you happy if only for a while, little baby\nOh little baby, I can give you all the loving that your heart desires\n\n\'Cos if you ain\'t got time for me\nI\'ll find another fantasy\n\nI said it could be the price of love\nCould be the price of hate\nWhat am I guilty of?\nWhy do you make me wait so long?\nI don\'t know your intentions\nLook to the skies above\nI\'m in the hands of fate\nPush \'til it gets to shove\nI\'ve got to know for heavens sake is this love, is this love or invention\n\n\'Cos baby can\'t you see\nI\'ll find another fantasy\n\nYou hang around with people who you are sure make you cry\nAnd I can make you happy if only for a while, little baby\nOh little baby, I can give you all the loving that your heart desires\n\nIf only for a while little baby\nOh little baby, I can give you all the loving that your heart desires\n\n\'Cos if you ain\'t got time for me\nI\'ll find another fantasy\n\nYou take someone\'s heart and you kick it around\nKeep on picking it up so you can watch it come down\nI don\'t know what I\'m supposed to do\nWhy I wait for you to make up your mind\nCould you please be so kind\nWhen you know what to do\nI\'ll be in the next room\nBut if you leave it too late I may be in the next state\n'),(469,'','2017-11-29 19:05:36','Main Title / Looks Like a Suicide','bf41cf7d-d9d4-4f36-800e-ecd4c11307dc',239200,0,1,1760,NULL,54,''),(470,'','2017-11-29 19:05:37','The John Dunbar Theme','76da7beb-c139-4b09-bc2b-6756aba1af34',137133,0,2,1760,NULL,54,''),(471,'','2017-11-29 19:05:38','Journey to Fort Sedgewick','ccd70ea7-c1ae-43a2-8cd6-a2dc14fcafd6',205600,0,3,1760,NULL,54,''),(472,'','2017-11-29 19:05:38','Ride to Fort Hayes','c5925464-2110-4651-b518-d67133f278f3',120866,0,4,1760,NULL,54,''),(473,'','2017-11-29 19:05:39','The Death of Timmons','09e3dbf9-d10e-42f7-bfd7-ece07101bd35',145026,0,5,1760,NULL,54,''),(474,'','2017-11-29 19:05:40','Two Socks / The Wolf Theme','c96398cf-f9aa-4f5a-9983-269b7b903276',90200,0,6,1760,NULL,54,''),(475,'','2017-11-29 19:05:40','Pawnee Attack','ad9c3a6c-47fd-4344-a15b-2a56899a8b46',229173,0,7,1760,NULL,54,''),(476,'','2017-11-29 19:05:41','Kicking Bird’s Gift','3509689e-016a-4166-bb7d-6e5090373984',130826,0,8,1760,NULL,54,''),(477,'','2017-11-29 19:05:42','Journey to the Buffalo Killing Ground','e4ed523f-f0cf-4b20-aa5b-60ce7b6ae0b8',222973,0,9,1760,NULL,54,''),(478,'','2017-11-29 19:05:43','The Buffalo Hunt','244390c2-1a4a-4d80-8e91-cd023299f52e',163293,0,10,1760,NULL,54,''),(479,'','2017-11-29 19:05:44','Stands With a Fist Remembers','53738151-7657-4bdd-ac70-371973e02841',128666,0,11,1760,NULL,54,''),(480,'','2017-11-29 19:05:48','The Love Theme','2ddd9680-54d1-4e5b-a478-e158368daac3',234906,0,12,1760,NULL,54,''),(481,'','2017-11-29 19:05:48','The John Dunbar Theme','787a3611-1fa6-4043-a5f0-9889e8bec6d1',115800,0,13,1760,NULL,54,''),(482,'','2017-11-29 19:05:49','Two Socks at Play','ec79d4c2-ce5d-4409-8865-11f4c4cb0a71',119426,0,14,1760,NULL,54,''),(483,'','2017-11-29 19:05:50','The Death of Cisco','59bf5ff1-1b9e-4207-a4bf-1798f0c4dae6',134800,0,15,1760,NULL,54,''),(484,'','2017-11-29 19:05:50','Rescue of Dances With Wolves','9856bfd3-b289-4dca-83f6-282c1a95d356',129133,0,16,1760,NULL,54,''),(485,'','2017-11-29 19:05:51','The Loss of the Journal and the Return to Winter Camp','9c74eb22-4aee-45b7-b34e-8a2efef312d1',129400,0,17,1760,NULL,54,''),(486,'','2017-11-29 19:05:52','Farewell and End Title','0c1ef3df-8cf5-4453-b889-9c3238a46e35',528026,0,18,1760,NULL,54,''),(487,'','2017-11-29 19:07:07','Tragedy ▷For You◁ (12\" Vox)','190eece8-c0cd-3568-b7e2-73292e6c9057',270000,0,1,NULL,NULL,55,''),(488,'','2017-11-29 19:07:07','Tragedy ▷For You◁ (Neurodancer)','f390a06f-8c7b-38f7-87e8-5029c320c09e',416000,0,2,NULL,NULL,55,''),(489,'','2017-11-29 19:07:08','Tragedy ▷For You◁ (Punish Your Machine mix 12\")','c7db8a88-4e58-3162-91ec-731601b934e3',307000,0,3,NULL,NULL,55,''),(490,'','2017-11-29 19:07:09','Tragedy ▷For You◁ (Slo-Mo mix)','ac4f94b8-5d78-3f4d-ae94-74b67ef95efc',279000,0,4,NULL,NULL,55,''),(491,'','2017-11-29 19:07:59','Stop!','e7744c88-5b2e-3d6f-8a6b-815fc96ba4f4',256826,0,1,NULL,NULL,56,''),(492,'','2017-11-29 19:07:59','No One’s Leaving','3a0c8c30-f3b9-3ae3-b642-66ed51a7e82c',183186,0,2,NULL,NULL,56,'\n\r\nI\'m a white dread-I\'m a white dread, so? \r\nI\'m a got a ring and I hang it from my nose. \r\nGot a little game and I take it to the park. \r\nI don\'t care who plays\r\nAs long as the game is on. \n\r\nMy sister and her boyfriend slept in the park. \r\nShe had to leave home \'cause he was dark.\r\nNow they parade around in New York with a baby boy... \r\nHe\'s gorgeous! \r\nAin\'t nobody leaving!\n\r\nNo one\'s leaving... \n\r\nBlacks call each other brother and sis\'\r\nCount me in \'cause I been missed. \r\nI\'ve seen color changed by a kiss. \r\nAsk my brother\r\nAnd my sister. \n\r\nMy sister and her boyfriend slept in the park.\r\nShe had to leave home \'cause he was dark. \r\nNow they parade around in New York with a baby boy... \r\nHe\'s gorgeous! \r\nAin\'t nobody leaving! \n\r\nNo one\'s leaving!\n\r\nYeah, that\'s right... \r\nYeah, that\'s so... \n\r\nWish I knew everyone\'s nickname, \r\nall their slang and all their sayings. \r\nEvery way to show affection,\r\nHow to dress to fit the occasion...\n\r\nWish we all waved... \r\nAll waved...\r\nAll waved...\r\nI wish we all! \r\nWish we all! \r\nWish we all waved...\n'),(493,'','2017-11-29 19:08:00','Ain’t No Right','aca9e51e-b7a3-3c79-ba77-9b1a6f22c015',216600,0,3,NULL,NULL,56,'\n\r\nI am skin and bones, I am pointy nose; \r\nBut it motherfuckin\' makes me try.\r\nMakes me try, and that ain\'t no wrong. \r\nI\'ll tell you why... \r\nThere ain\'t no right! \n\r\nAin\'t no wrong now, ain\'t no right.\r\nAin\'t no wrong now, ain\'t no right. \r\nOnly pleasure and pain.\n\r\nMotherfuckin\' bad wind came, blew down my home. \r\nNow the green grass grows.\r\nBad wind came, blew down my home.\r\nGoddamn goodness knows!\r\nWhere green grass grows there can\'t be wrong.\r\nAnd goodness knows, there ain\'t no right!\n\r\nAin\'t no wrong now, ain\'t no right. \r\nAin\'t no wrong now, ain\'t no right.\r\nOnly pleasure and pain. \n\r\nBumped my head, I\'m a battering ram. \r\nGoddamn took the pain. \r\nCut myself, said So what?\r\nMotherfuckin\' took the pain. \r\nSaid So what? I can\'t be wrong.\r\nI thought so but there ain\'t no right! \n\r\nAin\'t no wrong now, ain\'t no right.\r\nAin\'t no wrong now, ain\'t no right.\r\nOnly pleasure and pain.\n'),(494,'','2017-11-29 19:08:01','Obvious','af7e8c5b-9b66-3cd3-bb5b-0795abf43d5a',357773,0,4,NULL,NULL,56,'\n\r\nHey, you don\'t know me! \r\nYou don\'t know me\r\nBut you just keep on looking at me down low. \r\nOh no! \n\r\nDigging something up... \r\nDigging something up...\r\nAlways digging something up... \r\nOh no! \n\r\nHey you! I don\'t know you. \r\nI don\'t even want to,\r\nBut you just keep looking at me down low. \r\nOh no! \n\r\nDigging something up... \r\nDigging something up... \r\nAlways digging something up...\r\nOh no! \n\r\nAnd you make it so... \r\nMake it so obvious... \r\nHey you! Fools don\'t fit in\r\nThe boots that I tread in, \r\nBut you just keep on looking at me down low. \r\nOh no! \n\r\nDigging something up... \r\nDigging something up... \r\nAlways digging something up... \r\nOh no! \n\r\nAnd you make it so...\r\nBut do you get it? \r\nMake it so...\r\nYou never get it.\r\nYou got to owe me something \r\nBefore you know what is joke and what is up. \r\nI worked my fingers to the bone\r\nAnd I won\'t let you stop me going up. \n\r\nWhy do you have to make it\r\nSo-so-so-so-so obvious\r\nOh no... Oh no... Oh no... Oh no...\n'),(495,'','2017-11-29 19:08:02','Been Caught Stealing','122e589e-392e-3def-b564-b072fbc82f49',216320,0,5,NULL,NULL,56,'\n\r\nI\'ve been caught stealing; \nonce when I was 5... \nI enjoy stealing. \nIt\'s just as simple as that.\nWell, it\'s just a simple fact. \nWhen I want something,\nI don\'t want to pay for it. \n\nI walk right through the door. \nWalk right through the door. \nHey all right! If I get by, it\'s mine. \nMine all mine! \n\nMy girl, she\'s one too.\nShe\'ll go and get her a skirt. \nStick it under her shirt. \nShe grabbed a razor for me. \nAnd she did it just like that. \nWhen she wants something,\nShe don\'t want to pay for it. \n\nShe walk right through the door. \nWalk right through the door.\nHey all right! If I get by, it\'s mine.\nMine all mine!\n\nWe sat around the pile. \nWe sat and laughed. \nWe sat and laughed and\nWaved it into the air! \nAnd we did it just like that. \nWhen we want something,\nWe don\'t want to pay for it.\n\nWe walk right through the door. \nWalk right through the door. \nHey, all right! If I get by, it\'s mine,\nMine, mine, mine, mine, mine, mine...\n'),(496,'','2017-11-29 19:08:03','Three Days','5137253a-8d08-3cba-9437-0f4761831ad7',650466,0,6,NULL,NULL,56,''),(497,'','2017-11-29 19:08:03','Then She Did…','7211ccef-a644-341e-a5ce-e84b191a5a62',500453,0,7,NULL,NULL,56,'\n\r\nNow her paints are dry... \r\nAnd I looked outside... \r\nAt the corner boys...\n\r\nAyh, oh, where did you go? \r\nI don\'t know. \n\r\nI went to see your pictures...\r\nI spread them across the floor... \r\nSo this is where they are shown... \r\nNow they\'re probably saying to you, \r\nIf you keep it up you\'ll be born.\n\r\nBut you won\'t ever listen, \r\nI\'ll bet... \n\r\nBurnt out, grass scorched by the sun. \r\nThe buildings remain. \n\r\nWe will beat them all to dust, \r\nI\'ll bet...\n\r\nPulled from a headless shell\r\nThat blinked on and off, Hotel.\r\nNow the nameless dwell. \n\r\nThey hold your key and turn your knob, \r\nI\'ll bet... \n\r\nWill you say hello to my ma? \r\nWill you pay a visit to her? \r\nShe was an artist, just as you were. \r\nI\'d have introduced you to her. \n\r\nShe would take me out on Sundays. \r\nWe\'d go laughing through the garbage. \r\nShe repaired legs like a doctor\r\nOn the kitchen chairs we sat on. \n\r\nShe was unhappy, just as you were. \r\nUnhappy, just as you were. \r\nUnhappy, just as you were. \r\nUnhappy, just as you were...\n'),(498,'','2017-11-29 19:08:04','Of Course','76dda773-562c-3d69-be5a-3c497f11472b',423986,0,8,NULL,NULL,56,'\n\r\nOf course this land is dangerous! \r\nAll of the animals\r\nAre capably murderous.\n\r\nWhen I was a boy,\r\nMy big brother held on to my hands, \r\nThen he made me slap my own face. \r\nI looked up to him then, and still do. \r\nHe was trying to teach me something. \r\nNow I know what it was! \r\nNow I know what he meant! \r\nNow I know how it is! \n\r\nOne must eat the other\r\nWho runs free before him. \r\nPut them right into his mouth \r\nWhile fantasizing the beauty of his movements. \r\nA sensation not unlike\r\nSlapping yourself in the face... \r\nSlapping yourself in the face...\r\nSlapping yourself in the face...\n'),(499,'','2017-11-29 19:08:05','Classic Girl','dc71c467-55e3-3a12-b891-da9f92db8d27',307866,0,9,NULL,NULL,56,'\n\r\n4:05;\r\nIn my neighborhood,\r\nWhen shots go off,\r\nNo one bothers. \r\nA POP, and a reply POP, and no reply...\n\r\nDinosaurs on the quilt I wore\r\nWith a girl. \r\nSuch a classic girl... \r\nSuch a classic girl... \r\nSuch a classic girl,\n\r\nGives her man great ideas. \r\nHears you tell your friends, \r\nHey man, listen to my great idea!\r\nIt\'s true I am a villain\r\nWhen you fall ill, \r\nthat\'s probably because\n\r\nMen never can be. \r\nNot like a girl. \r\nA classic girl... \r\nSuch a classic girl... \n\r\nThey may say, Those were the days...,\r\nBut in a way,\r\nYou know for us these are the days. \r\nYes, for us these are the days,\n\r\nAnd you know you\'re my girl! \r\nSuch a classic girl... \r\nSuch a classic girl... \n\r\nYeah for us these are the days...\n'),(500,'','2017-11-29 19:08:58','Turn Your Love Around','1635e63d-02b2-38ef-81e6-c1961fe31d75',231333,0,1,NULL,NULL,57,'\n\r\nYou\'ve got the love\nYou\'ve got the power\nBut you just don\'t understand\nGirl, you\'ve been charging by the hour\nFor your love\n\nI\'m tryin\' to show how much I love you\nStill believe in romance\nYou\'re taking way too many chances\nWith my love\n\nI remember\nWhen you used to be\nThe talk of the town\nAll you get is lonely\n\nTurn your love around\nDon\'t you turn me down\nI can show you how\nTurn your love around\n\nWithout the woman I can make it\nBut I need the girl to stay\nOh, don\'t you let the lady take it\nAll away\nWhen the woman need\'s\nA taste of yesterday\nBut you stay at home\nAll they get is lonely\n\nTurn your love around\nDon\'t you turn me down\nI can show you how\nTurn your love around\n\nOh, girl you know me\nI\'m alone until you show me\nThat you\'re still in love with me\nWe\'re gonna make it\nYou\'re gonna take it\nBack where we belong\n\nTurn your love around\nDon\'t you turn me down\nI can show you how\nTurn your love around\n(Turn your love around)\n\nTurn your love around\nThis time the girl became a woman\nDon\'t you turn me down\nEvery woman needs a man\nI can show you how\nI love the girl\nI love the woman\nTurn your love around\n(Turn your love around)\n\nTurn your love around\nThis time the girl became a woman\nDon\'t you turn me down\nEvery woman needs a man\nI can show you how\nI love the girl\nI love the woman\nTurn your love around\n(Turn your love around)\n\nTurn your love around\nThis time the girl became a woman\nDon\'t you turn me down\nEvery woman needs a man\nI can show you how\n'),(501,'','2017-11-29 19:08:58','Love All the Hurt Away','46ca2788-7bba-3408-8d8e-b257e9cbf9ea',250040,0,2,NULL,NULL,57,''),(502,'','2017-11-29 19:08:59','Give Me the Night (edit)','415a4218-546c-3b46-a803-64c0f5e24d43',223160,0,3,NULL,NULL,57,''),(503,'','2017-11-29 19:09:00','Never Give Up on a Good Thing','69c83e22-97d1-3e9d-a6c0-3c9b81495749',246240,0,4,NULL,NULL,57,'\n\r\nNever give up on a good thing\nRemember what makes you happy (Whoa, whoa)\nNever give up on a good thing\nIf love is what you got, you\'ve got a lot\n\nMoney\'s tight, he\'s workin\' every night\nIt ain\'t easy to keep the flame alive\nAnd when he finally comes home to ya\nHe\'s just too tired to do the things you want to\n\nYou can\'t help but wonder to yourself\nHow would it be with someone else\nJust keep in mind, every storm ends in time\nLove is forever, stay together\n\n(Stay together) When you got something real\n(Love forever) That you may never feel again\n\nNever give up on a good thing\nRemember what makes you happy (Whoa, whoa)\nNever give up on a good thing\nIf love is what you got, you\'ve got a lot\n\nNow you\'re the man, you\'ve got to understand\nShe don\'t mean to make a scene\nLike you, she feels all the weight you\'re under\nAnd when she breaks, is it any wonder\n\nI know sometimes it crosses your mind\nTo get on out and stay hard to find\nBefore you try, you\'d better look in her eyes\nLove is forever, stay together\n\n(Stay together) You\'ve got something real\n(Love forever) That you may never feel again\n(You\'ve got a lot)\n\n(Stay together)\n(Love forever)\nYou\'ve got something real\nThat you may never feel again\n\nNever give up on a good thing\nRemember what makes you happy (Oh, oh)\nNever give up on a good thing\nIf love is what you got, you\'ve got a lot\n\nDon\'t give up your good thing\nDon\'t give it, oh, don\'t, oh, oh\nDon\'t give up your good thing\nPlease don\'t, oh, don\'t\nDon\'t live it up, don\'t give it up\n\nNever give up on a good thing\nRemember what makes you happy (Oh, oh)\nNever give up on a good thing\nIf love is what you got, you\'ve got a lot\n\nNever give up on a good thing (Oh, he\'s all you need)\nRemember what makes you happy (Whoa, whoa)\nNever give up on a good thing\nIf love is what you got, you\'ve got a lot\n\nNever give up on a good thing (Oh, he\'s all you need)\nRemember what makes you happy (Whoa, oh)\nNever give up on a good thing\n'),(504,'','2017-11-29 19:09:01','On Broadway','9c35e8e9-45a4-3f7e-8796-fafb9947c4bf',318133,0,5,NULL,NULL,57,'\n\r\nThey say the neon lights are bright on broadway\nThey say there\'s always magic in the air\nBut when you\'re walkin\' down that street\nAnd you ain\'t had enough to eat\nThe glitter rubs right off and you\'re nowhere\n\nThey say the women treat you fine on Broadway\nBut looking at them just gives me the blues\n\'Cause how ya gonna make some time\nWhen all you got is one thin dime\nAnd one thin dime won\'t even shine your shoes\n\nThey say that I won\'t last too long on Broadway\nI\'ll catch a Greyhound bus for home, they all say\nBut they\'re dead wrong, I know they are\n\'Cause I can play this here guitar\nAnd I won\'t quit till I\'m a star on Broadway\n\nI won\'t quit till I\'m a star on Broadway\n'),(505,'','2017-11-29 19:09:02','White Rabbit','ea5f37a0-9d15-3b74-9790-de1e9ca11ffd',418800,0,6,NULL,NULL,57,''),(506,'','2017-11-29 19:09:02','This Masquerade (Edit)','24f4eed1-03c9-3578-8192-d399bcf0c558',199426,0,7,NULL,NULL,57,''),(507,'','2017-11-29 19:09:03','Love Ballad','1d022638-38bc-3036-bf6e-d851c0110e3c',257373,0,8,NULL,NULL,57,'\n\r\nI have never been so much\nIn love, in love before\nWhat a difference\nHow true love made in my life\nSo nice and so right\n\nLovers come and then lovers go\nThat\'s what the people say\nDon\'t they know\nHow it feels when you love me\nHold me and say you care\nAnd what we have is much more than they can see\nAnd what we have is much more than they can see\nBaby what we have is much more than they see\nOh baby, whoa yeah\n\nI\'m in love, I\'m in love with you girl\n\nI say love I never knew that a touch\nCould mean, could mean so much\nWhat a difference\nAnd when we walk hand in hand\nI feel, I feel so real\n\nLovers come and then lovers go\nThat\'s what the people say\nDon\'t they know\nHow I feel when you love me\nHold me and say you care\nAnd what we have is much more than they can see\nAnd what we have is much more than they can see\nBaby, what we have is much more than they can see\n\nOh, yeah\n'),(508,'','2017-11-29 19:09:04','Nature Boy','800776f0-34c2-3396-b358-13446c740c5f',260733,0,9,NULL,NULL,57,'\n\r\nThere was a boy\n\nVery strange\nEnchanted boy;\nThey say be wander\'d very far\n\nVery far over land and sea.\nA little shy and sad of eye\nBut very wise\nVery wise was be.\n\nAnd then one day\n\nA magic day he passed my way\n\nAnd while we spoke of many things\n\nFools and kings\nThis he said to me:\nThe greatest thing you\'ll ever learn\nIs just to love and be loved in return\nTo be loved in return.\n\nAnd then one day...\n'),(509,'','2017-11-29 19:09:05','Last Train to Clarksville','55efd41a-c19a-3cca-90d3-b9c7f4b4eae5',301266,0,10,NULL,NULL,57,''),(510,'','2017-11-29 19:09:06','Livin\' Inside Your Love','5b2415b6-bafd-3c4a-9437-8e2ced1a0ce5',398826,0,11,NULL,NULL,57,''),(511,'','2017-11-29 19:09:07','Here Comes the Sun','39b47390-dc36-38af-bf0d-bd959e85aaff',153933,0,12,NULL,NULL,57,''),(512,'','2017-11-29 19:09:07','Breezin\'','1ff226e9-a411-3527-a448-7dd61b45362f',339533,0,13,NULL,NULL,57,''),(513,'','2017-11-29 19:09:08','Moody’s Mood','a675b223-c85a-381c-a9fd-0afd89b48db3',206773,0,14,NULL,NULL,57,'\n\r\nThere I go, there I go, there I go\nThere I go\n\nPretty baby, you are the soul who snaps my control\nSuch a funny thing but every time you\'re near me\nI never can behave\n\nYou give me a smile and then I\'m wrapped up in your magic\nThere\'s music all around me, crazy music\nMusic that keeps calling me so very close to you\nTurns me your slave\n\nCome and do with me any little thing you want to\nAnything baby, just let me get next to you\nAm I insane or do I really see heaven in your eyes?\nBright as stars that shine up above you in the clear blue skies\nHow I worry about you\n\nJust can\'t live my life without you\nBaby come here, don\'t have no fear\nOh, is there a wonder why\nI\'m really feeling in the mood for love?\nSo tell me why stop to think\nAbout this weather, my dear?\nThis little dream might fade away\nThere I go talking out of my head again, oh baby\nWon\'t you come and put our two hearts together?\n\nThat would make me strong and brave\nOh when we are one, I\'m not afraid, I\'m not afraid\nIf there\'s a cloud up above us\nGo on and let it rain\nI\'m sure our love together will endure a hurricane\nOh my baby\nWon\'t you please let me love you\nAnd give a relief from this awful misery?\n\nWhat is all this talk about loving me, my sweet?\nI am not afraid, not anymore, not like before\nCan\'t you understand me?\n\nNow baby, please pull yourself together, do it soon\nMy soul\'s on fire, come on and take me\nI\'ll be what you make me, my darling, my sweet\n\nOh baby, you make me feel so good\nLet me take you by the hand\nCome let us visit out there\nIn that new promised land\nMaybe there we can find\nA good place to use a loving state of mind\nI\'m so tired of being without\nAnd never knowing what love\'s about\nJames Moody, you can come on in\nAnd you can blow now if you want to\n\nWe\'re through.\n'),(514,'','2017-11-29 19:09:09','We Got the Love','6f43b186-3517-3c7b-a982-cd8a7eb6a94c',208466,0,15,NULL,NULL,57,''),(515,'','2017-11-29 19:09:10','The Greatest Love of All','77cb0c04-40a0-37f2-8c85-a1d56b3d82ce',333266,0,16,NULL,NULL,57,''),(516,'','2017-11-29 19:09:52','Concrete and Steel','379ed462-fc50-368d-8cdc-f339b5c0e0c3',229773,0,1,NULL,NULL,58,'\n\r\nHard and cold, like a street of gold,\r\nIt\'s easy to find but so hard to hold.\r\nSmooth and strong but it won\'t last long,\r\nWhen the rust sets in, she\'ll be good as gone!\n\r\nConcrete, Concrete and steel.\r\nIt\'s like concrete.  \r\nHey baby, what\'s the deal?\n\r\nA heart of stone make you feel alone,\r\nbut what can you do when your hand is blown?\r\nHard as ice, it\'s like tumblin\' dice,\r\nbefore you fall for her boy, you better think twice.\n\r\nConcrete, Concrete and steel.\r\nIt\'s like concrete.  \r\nHey baby, what\'s the deal?\n\r\nDark as night, diamond bright, \r\nNever seen such a strange delight.\r\nSlick as glass, and just as fast,\r\nYou\'ll feel the pain, but it won\'t last.\n'),(517,'','2017-11-29 19:09:53','Lovething','e891618b-9bbb-301c-b1c9-2c9118973adc',205960,0,2,NULL,NULL,58,'\n\r\nIt must have been the way that she kissed me,\r\nmade me as weak as a lamb.  \r\nTastes so fine like french silk pie,\r\nsweet as strawberry jam.\r\nIt could have been the thing that she told me,\r\nwhen she threw her wrench at my monkey.\n\r\nShoulda been a cool scene,\r\nLike honey on a ripped queen.\r\nI thought it was a day-dream,\r\nBut it must have been a lovething.\n\r\nI smiled at the way that she told me,\r\n\"I just can\'t turn you a-loose.\"\r\nShe was a force majeure in her haute couture,\r\nI was howlin\' at the moon.\r\nThat\'s when I jumped out of her window,\r\nBefore my monkey could cook her goose.\n\r\nShoulda been a cool scene,\r\nLike honey on a ripped queen.\r\nI thought it was a day-dream,\r\nBut it must have been a lovething.\n'),(518,'','2017-11-29 19:09:54','Penthouse Eyes','c8635d63-4bc7-3685-9d27-c7442c8f380f',227240,0,3,NULL,NULL,58,'\n\n[Spoken:] What you lookin\' at, girl?\n\r\nShe\'s always checkin\' with her penthouse eyes,\r\nMakes me stutter, gives me butterflies.\r\nGot to have her, she pins me up with her penthouse eyes.\n\r\nI wanna lie where her eagle flies,\r\nShe\'s got my love pressure on the rise.\r\nWhen I see her, she really rocks me with her penthouse eyes.\n\r\nDon\'t need excuse for graspin\',\r\nCan\'t blame the boy for askin\'.\r\nOne look sting you like a honey bee,\r\nBut it\'s her eyes gonna set you free.\n\r\nI wanna stretch her out in old Levi\'s,\r\nGot to have a little piece of paradise.\r\nI got to have her, she pins me up with her penthouse eyes.\n\r\nDon\'t need excuse for graspin\',\r\nCan\'t blame the boy for askin\'.\r\nThere\'s no escape let me tell you no lie,\r\nShe\'s always lookin\' with her penthouse eyes.\n'),(519,'','2017-11-29 19:09:54','Tell It','e2d28231-0353-36ac-aaaf-4dd1a64be308',288693,0,4,NULL,NULL,58,'\n\r\nI gotta find out what\'s in my mind,\r\nI\'m a little mixed up but it feels so fine.\r\nWhy does love have to come and go, \r\nIf it\'s got to leave why does it go so slow?\n\r\nJust tell it...\r\nTell it like it is.\r\nTell it..\r\nTell it like it feels.\r\nTell it to my baby.\n\r\nI have a feelin\' that I\'m goin\' insane,\r\nI\'ve fallen in love but can\'t remember her name.\r\nShe prob\'ly stepped out and she\'s coming back again,\r\nbut if I don\'t know her how can I let her in?\n\r\nJust tell it...\r\nTell it like it is.\r\nTell it..\r\nTell it like it feels.\r\nTell it to my baby.\n\n[Spoken:]\r\nFine!\r\nSo fine!\n\r\nHow could this ever have happened this way?\r\nWell, sometimes love turns out that way.\r\nSometimes it\'s cold and sometimes it\'s hot,\r\nBut it\'s better to have it than to need it and not!\n'),(520,'','2017-11-29 19:09:55','My Head’s in Mississippi','292959e4-1495-343f-96d1-22d2c0f55e9f',265133,0,5,NULL,NULL,58,'\n\r\nI\'m shufflin\' thru the Texas sand,\r\nbut my head\'s in Mississippi.\r\nI\'m shufflin\' thru the Texas sand,\r\nbut my head\'s in Mississippi.\r\nThe blues has got a hold of me.\r\nI believe I\'m gettin\' dizzy.\n[Spoken:] Help me now.\n\r\nI keep thinkin\' \'bout that night in Memphis,\r\nLord, I thought I was in Heaven.\r\nI keep thinkin\' \'bout that night in Memphis,\r\nI thought I was in Heaven.\r\nBut I was stumblin\' thru the parking lot \r\nof an invisible seven eleven.\n[Spoken:] What was I doin out there?\n\r\nWhere\'s my head baby?\r\nSomewhere in Mississippi.\n\r\nLast night I saw a cowgirl.\r\nShe was floatin\' across the ceiling.\r\nAnd last night I saw a naked cowgirl.\r\nShe was floatin\' across the ceiling.\r\nShe was mumblin to some howlin\' wolf\r\nabout some voodoo healin\'.\n[Spoken:] Mmm Baby.\n'),(521,'','2017-11-29 19:09:56','Decision or Collision','56adc66b-ae18-3ceb-b85f-4e9814f09f66',243000,0,6,NULL,NULL,58,'\n\r\nShe\'s so fine, makes me lose my mind,\r\nI wish to apply my manhood.\r\nI\'ll be glad to go to her pad and\r\nMaybe the whole band could.\n\r\nI got to make a decision\r\nTo avoid a collision.\n\r\nShe\'s so tuff, my knee\'s a little rough\r\nFrom crawlin\' on across her floor.\r\nIf she\'d place an order I\'d drink her bath water and\r\nNot even use a chaser.\n\r\nI got to make a decision\r\nTo avoid a collision.\n\r\nHer lips are wet and I\'d make a bet \r\nShe\'s been suckin\' on her watermellon rind.\r\nShe\'s a picture of wealth and I know myself\r\nThat I\'d take what she leaves behind.\n'),(522,'','2017-11-29 19:09:57','Give It Up','5fc13baa-eeaf-303e-8269-63a0be6a9d91',213906,0,7,NULL,NULL,58,'\n\r\nI bet the derby and I won by a nose,\r\nI bet Vegas and they took my clothes.\r\nI bet Monte Carlo I was showin\' my stuff,\r\nI bet on you baby, now ain\'t that enough?\n\r\nYou got to give it up, \r\nGive it up baby.\r\nGive it up.\r\nYou got to give it up, baby, tell me where it\'s at.\n\r\nWell there\'s a few more things you should know about me,\r\nI trained trigger single-handedly.\r\nI invented see-through negligees,\r\nAnd I bought the flying saucer off the Presley estate.\n\r\nYou got to give it up, \r\nYou got to give it up baby.\r\nGive it up.\r\nYou got to give it up, baby, tell me where it\'s at.\n\r\nI fell in love down in Mexico,\r\nThunderbird wine\'s the only way to go.\r\nI been in love ten thousand times, \r\nAll you got to do is remember my line.\n'),(523,'','2017-11-29 19:09:58','2000 Blues','263e4eeb-922f-3b0e-b17c-937da721c9b9',285333,0,8,NULL,NULL,58,'\n\r\nA hundred thousand dollars\r\nwouldn\'t touch the price I paid\r\nof the hundred thousand moments\r\nof the times I wish I\'d stayed.\r\nBut even if I had all the time and money,\r\nit\'s still the same old news.\r\nNothin\' does you any good\r\nwhen you got 2000 blues.\n\r\nTen thousand clouds\r\non a rainy rainy day\r\ncouldn\'t wash away\r\nall the dust and the haze.\r\nBut I tried and I tried\r\nto search for all the clues,\r\nwhy I can\'t wash away\r\nthese 2000 blues.\n\r\nIf I had an airplane\r\nwith a co-pilot too,\r\nI\'d fly to a planet\r\nthat was closest to you.\r\nI\'d set the tracking system\r\nwith your safety fuse,\r\nand set the countdown\r\nfor 2000 blues.\n'),(524,'','2017-11-29 19:09:59','Burger Man','5a144ec6-94e2-35e3-bfed-93cfee066157',199693,0,9,NULL,NULL,58,'\n\r\nMy charcoal\'s getting red hot,\r\nput your order in my hand.\r\nWon\'t you let me show you what I got\r\nsizzlin in the pan.\n\r\nAny way you want it baby,\r\nI am your burger man.\n\r\nIf you need good hot grillin\',\r\ntry my burger stand.\r\nIf you need a slice of thrillin\',\r\nI\'m the baddest in the land.\n\r\nAny way you want it baby,\r\nI am your burger man.\n\n[Spoken:]\r\nDid you want double meat?  \r\nHow \'bout some fries on the side?\n\r\nOnce you try my burger baby,\r\nyou\'ll grow a new thyroid gland.\r\nI said just eat my burger, baby,\r\nmake you smart as Charlie Chan.\n\r\nYou see the hot sauce can\'t be beat.\r\nSit back and open wide.\n'),(525,'','2017-11-29 19:09:59','Doubleback','ea8104cf-cdaa-334c-9999-123d802ef5a1',234800,0,10,NULL,NULL,58,'\n\r\nI got shot through a space not long ago,\r\nI thought I knew the place so well.\r\nIt wasn\'t the same, now it goes to show,\r\nSometime you never can tell.\n\r\nI\'m lookin\' high and low, don\'t know where to go,\r\nI got to double back, my friend.\r\nThe only way to find, what I left behind\r\nI got to double back again, double back again.\n\r\nYou know I\'m movin on in this fine machine, \r\nRollin\' on through the night.\r\nSeein\' things like I\'ve never seen\r\nAnd it\'s taking me outta sight.\n\r\nLookin\' high and low, don\'t know where to go,\r\nI got to double back, my friend.\r\nThe only way to find, what I left behind\r\nI got to double back again, double back again.\n\r\nIt\'s got me up and down,\r\nI been lost and found,\r\nDown in a deep dark hole.\r\nLooks like my luck has changed,\r\nI been rearranged\r\nAnd I\'m coming out on a roll.\n\r\nLookin\' high and low, don\'t know where to go,\r\nI got to double back, my friend.\r\nThe only way to find, what I left behind\r\nI got to double back again, double back again.\n'),(526,'','2017-11-29 19:10:02','I Thank You','e5cf4dac-00cf-3f45-ba97-f8912ba29520',206133,0,1,1769,NULL,59,'\n\r\nYou didn\'t have to love me like you did\r\nBut you did, but you did.\r\nAnd I thank you.\r\nYou didn\'t have to love me like you did\r\nBut you did, but you did.\r\nAnd I thank you.\r\nBut you took your love to someone else\r\nI wouldn\'t know what it meant to be loved to death\n\r\nYou made me feel like I\'ve never felt\r\nKisses so good I had to holler for help\r\nYou didn\'t have to squeeze it but you did\r\nBut you did but you did\r\nAnd I thank you.\r\nYou didn\'t have to hold it but you did\r\nBut you did but you did\r\nAnd I thank you.\n\r\nEvery day was something new,\r\nYou put on your bag and your fine to-do\r\nYou got me trying new things too\r\nJust so I can keep up with you.\n\r\nYou didn\'t have to shake it but you did\r\nBut you did but you did\r\nAnd I thank you.\r\nYou didn\'t have to make it like you did\r\nbut you did but you did\r\nAnd I thank you.\n\r\nAll my life I\'ve been shortchanged\r\nWithout your love baby it\'s a crying shame\r\nBut now I know what the fellas talking about\r\nHear me say that they been turned out\r\nI want to thank you\r\nI want to thank you\r\nI want to thank you\r\nYes, I want to thank you\n'),(527,'','2017-11-29 19:10:03','She Loves My Automobile','1a182951-8e86-3166-94b2-3a3c2f955c4b',143400,0,2,1769,NULL,59,'\n\r\nShe don\'t love me, she love my automobile.\r\nShe don\'t love me, she love my automobile.\r\nWell she would do anything just to slide behind the wheel.\n\r\nShe said what\'s it gonna take for you to lay your top on down?\r\nShe said what\'s it gonna take for you to lay your top on down?\r\nI said honey why don\'t you ask me when we get to the outskirts of town.\n\r\nWell now she don\'t care if I\'m stoned or sloppy drunk.\r\nWell she don\'t care if I\'m stoned or sloppy drunk,\r\nLong as she got the keys and there\'s a spare wheel in her trunk.\n'),(528,'','2017-11-29 19:10:04','I’m Bad, I’m Nationwide','326c0b5c-60f7-3596-b690-ff6cefce1336',293106,0,3,1769,NULL,59,'\n\r\nWell I was rollin\' down the road in some cold blue steel,\r\nI had a bluesman in the back, and a beautician at the wheel.\r\nWe\'re going downtown in the middle of the night\r\nWe was laughing and I\'m jokin\' and we feelin\' alright.\r\nOh I\'m bad, I\'m nationwide.\r\nYes I\'m bad, I\'m nationwide.\n\r\nEasin\' down the highway in a new Cadillac,\r\nI had a fine fox in front, I had three more in the back.\r\nThey sportin\' short dresses, wearin\' spike-heeled shoes,\r\nThey smokin\' Lucky Strikes, wearing nylon too.\r\nWelcome back, we\'re nationwide.\r\nYeah we bad, we\'re nationwide.\n\r\nWell I was movin\' down the road in my V-8 Ford,\r\nI had a shine on my boots, I had my sideburns lowered.\r\nWith my New York brim and my gold tooth displayed,\r\nNobody give me trouble cause they know I got it made.\r\nI\'m bad, I\'m nationwide.\r\nGirl I\'m bad, bad, bad, bad, bad, I\'m nationwide.\n'),(529,'','2017-11-29 19:10:05','A Fool for Your Stockings','221969f6-68df-3fd1-9916-66541267eb18',256760,0,4,1769,NULL,59,'\n\r\nIs it you again outside,\r\nJust banging on the front door?\r\nYou say you had enough,\r\nNow you\'re coming\' back for more,\r\nBut that\'s alright.\r\nI said that that\'s alright.\r\nI may not want to admit it,\r\nI\'m just a fool for your stockings I believe.\n\r\nNow I don\'t mind when you send money\r\nand bring your girlfriends with you,\r\nBut how could one be so thoughtless to try\r\nand handle less than two?\r\nBut that\'s alright.\r\nI said that that\'s alright, baby.\r\nI may not want to admit it,\r\nI\'m just a fool for your stockings I believe.\n\r\nNow I\'m tellin\' everybody\r\nIt seems too good to be true:\r\nSweet things can always get sweeter.\r\nI know mine did, how about you?\r\nYes, it\'s alright.\r\nI said, yes it is, that\'s alright.\r\nI may not want to admit it,\r\nI\'m just a fool for your stockings I believe.\n'),(530,'','2017-11-29 19:10:06','Manic Mechanic','77da45f6-e2a4-394e-a2e1-0e73145c0c51',156333,0,5,1769,NULL,59,'\n\r\nYou want to race?\r\nIf you insist.\r\nAt that price, I can\'t resist,\r\nThat\'s right, that\'s right, that\'s right.\n\r\nTonight it ain\'t right,\r\nI got to have me a week.\r\nBut I\'ll be back for you, Jack,\r\nand I\'ll let the machine speak,\r\nThat\'s right, that\'s right, that\'s right.\n\r\nShowdown, you bet.\r\nAnd I haven\'t saddled my pony yet.\r\nHave mercy, Miss Percy.\r\nI done put the coon tune on this bet, \r\nThat\'s right, that\'s right, that\'s right.\n'),(531,'','2017-11-29 19:10:07','Dust My Broom','3048cab6-03fd-35f2-b97c-5e723b605c9a',189066,0,6,1769,NULL,59,'\n\r\nI\'m gonna get up in the morning\r\nI believe I\'ll dust my broom.\r\nI\'m gonna get up in the morning\r\nI believe I\'ll dust my broom.\r\nWell my best gal I\'ll be leaving\r\nSo my friend, get out my room\n\r\nI\'m gonna write a letter to China\r\nSee if my baby\'s over there.\r\nI\'m gonna write a letter to China\r\nSee if my baby\'s over there.\r\nIf she ain\'t up in the Hawaiian Islands,\r\nMust be in Ethiopia somewhere\n\r\nI believe believe my time alone\r\nI believe believe my time alone\r\nI\'ve had to quit my baby and give up my happy home\n'),(532,'','2017-11-29 19:10:08','Lowdown in the Street','e27a116a-6e12-3f11-91bd-2e20ece89f36',170240,0,7,1769,NULL,59,'\n\r\nWell there comes Lola, out of control-a:\r\nShe just loves those rhythm and blues.\r\nAnd miss Ivy will be arriving;\r\nin leopard skin tights she\'s willing to cruise.\n\r\nIt\'s a fiend scene and it happens \'bout once a week.\r\nSo fork over some bread, it\'ll do your head to get low down in the street.\n\r\nThere\'s Jimmy and Jojo, there\'s Kim and Keith,\r\nWay outside the eyes of cool.\r\nAnd sweet M.B., and there\'s little G.B.\r\nEverybody wants to be their fool.\n\r\nIt\'s a fiend scene and it happens here ev\'ry week.\r\nFork over some bread, it\'ll do your head to get low down in the street.\n\r\nSome nights are lonely, some nights are lazy,\r\nbut ain\'t nobody try and slip away.\r\nThey\'ll make you loose.  They\'ll make you crazy.\r\nKnow what I mean, what you say, what you say.\n\r\nIt\'s a fiend scene and it happens \'bout once a week.\r\nSo roam on in, it ain\'t no sin to get low down in the street.\n'),(533,'','2017-11-29 19:10:09','Hi Fi Mama','5dd3ae74-96ed-3635-9b36-ec69d9751d74',145133,0,8,1769,NULL,59,'\n\r\nI want your hi fi mama, won\'t you let me play it tonight\r\nI want your hi fi mama, won\'t you let me play it tonight\r\nI put the needle in the groove, baby while you douse the lights.\n\r\nI play it on your dresser, play it upside your wall\r\nI play it in your kitchen, even play it in your hall\r\nI play it anywhere you want it, any old time at all.\n\r\nHi fi lo fi no fi\'s just fine with me.\r\nHi fi lo fi no fi\'s just fine with me.\r\nAnd if you want to give me stereo first give me vitamin E.\r\nI got your name and your number.\n'),(534,'','2017-11-29 19:10:09','Cheap Sunglasses','63b8db7b-0216-3f96-aad7-85ec39cfcd64',288400,0,9,1769,NULL,59,'\n\r\nWhen you get up in the morning and the light is hurt your head\r\nThe first thing you do when you get up out of bed\r\nIs hit that street a-runnin\' and try to meet the masses\r\nAnd go get yourself some cheap sunglasses\r\nOh yeah, oh yeah, oh yeah\n\r\nSpied a little thing and I followed her all night\r\nIn a funky fine levis and her sweater\'s kind of tight\r\nShe had a west coast strut that was sweet as molases\r\nBut what really knocked me out was her cheap sunglasses\r\nOh yeah, oh yeah, oh yeah\n\r\nNow go out and get yourself some thick black frames\r\nWith the glass so dark thay won\'t even know your name\r\nAnd the choice is up to you cause they come in two classes\r\nRhinestone shades and cheap sunglasses\r\nOh yeah, oh yeah, oh yeah\n'),(535,'','2017-11-29 19:10:10','Esther Be the One','908dac6e-09d5-3d6d-8f77-12eb74df6839',210666,0,10,1769,NULL,59,'\n\r\nEsther be the one that shoots a machine gun\r\nWhether you like it or not.\r\nMidnight or daylight, stay out of her sight\r\n\'Cuz I heard she\'s one heck of a shot.\r\nEsther be the one, she\'s the only one.\r\nShe\'ll get you with her gun when the wolf starts howlin\' at the moon.\n\r\nAnd you will feel her love bullets when you look her in the eyes.\r\nThere ain\'t no way to escape.\r\nAnd that\'s when her fever will materialize,\r\nBut it ain\'t no unfortunate fate.\r\nEsther be the one, she\'s the only one.\r\nShe\'ll get you with her gun when the wolf starts howlin\' at the moon.\n\r\nIt ain\'t nothin\', but it\'s somethin\' so \"deal\". \r\nDon\'t get branded \'cause her ammo ain\'t real.\n\r\nIf she gets you in a corner, don\'t let her mess you \'round\r\nAnd don\'t let her blow you away.\r\nIf you can\'t dig on Esther, you turn and leave town\r\n\'cause if you think she\'s bad you ought to see her sister.\r\nEsther be the one, but she\'s not the only one.\r\nShe\'ll get you with her gun when the wolf starts howlin\' at the moon.\n'),(536,'','2017-11-29 19:11:25','Just Like You','6c7e9b4c-25b1-3037-ae7f-c59ea612de80',303773,0,1,NULL,NULL,60,''),(537,'','2017-11-29 19:11:25','We Believe','aeceacfb-e86c-3675-b126-46b393fe3530',356533,0,2,NULL,NULL,60,''),(538,'','2017-11-29 19:11:26','All Day (remix)','c292719d-695e-3d88-8a19-f8e31db333d4',363026,0,3,NULL,NULL,60,''),(539,'','2017-11-29 19:11:27','The Angel','247e2406-922f-3d47-838b-e8a024728f63',366706,0,4,NULL,NULL,60,''),(540,'','2017-11-29 19:11:28','Over the Shoulder','8c6b2d32-0707-397f-91f3-c818a94f286f',313560,0,5,NULL,NULL,60,''),(541,'','2017-11-29 19:11:28','My Possession','c56fa075-623e-39ca-9092-cf5530a039f4',305066,0,6,NULL,NULL,60,''),(542,'','2017-11-29 19:11:29','Where You at Now? / Crash and Burn / Twitch (version II)','28c9c362-e647-36c7-b85f-d5589efd1e3b',735306,0,7,NULL,NULL,60,''),(543,'','2017-11-29 19:11:30','Over the Shoulder (12″ version)','100dc9de-248b-3c48-8ba9-a47583cf7394',406293,0,8,NULL,NULL,60,''),(544,'','2017-11-29 19:11:31','Isle of Man (version II)','8f1fb511-169c-3b71-8bc3-5769f011289e',270906,0,9,NULL,NULL,60,''),(545,'','2017-11-29 19:12:18','Falling (edit)','841c1939-5555-36a0-8cb6-f964bf385ae1',252000,0,1,NULL,NULL,61,''),(546,'','2017-11-29 19:12:18','Twin Peaks Theme (Instrumental)','e41fcd83-b125-3680-921a-61d063760be6',285000,0,2,NULL,NULL,61,''),(547,'','2017-11-29 19:12:19','Floating','363e15ac-e9bc-37c3-b2b7-2a9432228f9e',291000,0,3,NULL,NULL,61,''),(548,'','2017-11-29 19:14:12','Skies the Limit','4c784461-742f-3bbc-bc54-7b30aa1bac62',225306,0,1,NULL,NULL,62,''),(549,'','2017-11-29 19:14:13','Love Is Dangerous','3a6fe775-7a58-3991-81a1-7c1d884c2d18',198200,0,2,NULL,NULL,62,''),(550,'','2017-11-29 19:14:14','In the Back of My Mind','ad089704-cf8b-3a43-bb4e-a1234e003c06',422693,0,3,NULL,NULL,62,''),(551,'','2017-11-29 19:14:15','Do You Know','2edd2a6a-34cd-3215-90db-1e7e81750378',259306,0,4,NULL,NULL,62,''),(552,'','2017-11-29 19:14:15','Save Me','d86718a8-f075-3e09-b494-5a7eb37ec2da',255093,0,5,NULL,NULL,62,''),(553,'','2017-11-29 19:14:16','Affairs of the Heart','97464869-aaa9-3750-9925-c299c286f79c',262106,0,6,NULL,NULL,62,''),(554,'','2017-11-29 19:14:17','When the Sun Goes Down','641411ed-65b6-31b8-8281-acf85482c08d',198560,0,7,NULL,NULL,62,''),(555,'','2017-11-29 19:14:18','Behind the Mask','8cdc2ae6-7f6b-379a-ae89-8e1a63715c67',258200,0,8,NULL,NULL,62,''),(556,'','2017-11-29 19:14:19','Stand on the Rock','fb0106ca-87fe-31d9-ad5f-b6ca3b5acd31',239506,0,9,NULL,NULL,62,''),(557,'','2017-11-29 19:14:20','Hard Feelings','8c48bb9a-d776-36a1-b976-f9790cbd8a18',294533,0,10,NULL,NULL,62,''),(558,'','2017-11-29 19:14:21','Freedom','3306a61b-54bc-3ce6-83df-73b7cebb5f34',252493,0,11,NULL,NULL,62,''),(559,'','2017-11-29 19:14:22','When It Comes to Love','09a04ca9-617c-3108-9e7a-5eeb6cbb3dcb',248573,0,12,NULL,NULL,62,''),(560,'','2017-11-29 19:14:22','The Second Time','ed844860-c6ad-3a1d-82ff-4d1b1e1f4b75',151893,0,13,NULL,NULL,62,''),(561,'','2017-11-29 19:15:08','From the Air','f6caf1c8-59ff-3576-9d3a-39570eccda4b',275066,0,1,NULL,NULL,63,''),(562,'','2017-11-29 19:15:09','Big Science','76d2f0c5-2029-393b-bea6-737bcf222ab9',384760,0,2,NULL,NULL,63,''),(563,'','2017-11-29 19:15:09','Sweaters','2e04ab62-98fe-3b1a-abb4-44a1c29d67c9',143040,0,3,NULL,NULL,63,''),(564,'','2017-11-29 19:15:10','Walking & Falling','c98a5a54-09f3-3c32-bbc4-b45239249eb2',133093,0,4,NULL,NULL,63,''),(565,'','2017-11-29 19:15:11','Born, Never Asked','a4e42712-a1bf-33e9-9c20-b58403843764',299066,0,5,NULL,NULL,63,''),(566,'','2017-11-29 19:15:12','O Superman (For Massenet)','679e05a5-f894-3754-9000-131ab7483a33',507400,0,6,NULL,NULL,63,''),(567,'','2017-11-29 19:15:12','Example #22','e7e634fa-71e8-3e82-ab69-fc4d1441c995',179666,0,7,NULL,NULL,63,''),(568,'','2017-11-29 19:15:13','Let X=X','d1dfcf00-cee7-3835-8f5e-cc2a926d8986',234000,0,8,NULL,NULL,63,''),(569,'','2017-11-29 19:15:14','It Tango','d51b6c23-101d-3078-a011-555b032abbf0',179640,0,9,NULL,NULL,63,''),(570,'','2017-11-29 19:16:37','Crying in the Rain (LP version)','ad194435-3d7c-3ba5-b406-d0872ab4c60f',266000,0,1,1780,NULL,64,''),(571,'','2017-11-29 19:16:37','(Seemingly) Nonstop July (LP version)','cb725b16-07b2-3ea6-82db-9e4bcf499e0b',175000,0,2,1780,NULL,64,''),(572,'','2017-11-29 19:16:38','Cry Wolf (LP version)','e91785fb-00f2-381c-b222-a49e56700b2e',245000,0,3,1780,NULL,64,''),(573,'','2017-11-29 19:16:39','Give It Up (2,800 Mile remix)','98e5dbbe-234e-466a-8c75-f152ba1a2c9c',384000,0,1,NULL,NULL,65,''),(574,'','2017-11-29 19:16:40','Give It Up (2,800 Mile dub)','be13ac29-bfb2-4e92-a018-8433ec24477e',351000,0,2,NULL,NULL,65,''),(575,'','2017-11-29 19:16:41','Give It Up (D.O.R. remix)','50305aee-1a37-4d82-94c3-16138503e408',399000,0,3,NULL,NULL,65,''),(576,'','2017-11-29 19:16:42','Give It Up (D.O.R. dub)','eb2b74fb-86c4-41e2-8ac0-a54d4011dcac',330000,0,4,NULL,NULL,65,''),(577,'','2017-11-29 19:16:42','Concrete and Steel','7fb4d1ea-5d15-4b39-aee9-e1b0e8e3ef24',228000,0,5,NULL,NULL,65,'\n\n\nHard and cold, like a street of gold,\n\nIt\'s easy to find but so hard to hold.\n\nSmooth and strong but it won\'t last long,\n\nWhen the rust sets in, she\'ll be good as gone!\n\n\nConcrete, Concrete and steel.\n\nIt\'s like concrete.  \n\nHey baby, what\'s the deal?\n\n\nA heart of stone make you feel alone,\n\nbut what can you do when your hand is blown?\n\nHard as ice, it\'s like tumblin\' dice,\n\nbefore you fall for her boy, you better think twice.\n\n\nConcrete, Concrete and steel.\n\nIt\'s like concrete.  \n\nHey baby, what\'s the deal?\n\n\nDark as night, diamond bright, \n\nNever seen such a strange delight.\n\nSlick as glass, and just as fast,\n\nYou\'ll feel the pain, but it won\'t last.\n'),(578,'','2017-11-29 19:18:34','N.P.G. (Funky Weapon remix)','325da606-f02b-4306-ab3a-ef4789ff35e4',302000,0,1,NULL,NULL,66,''),(579,'','2017-11-29 19:20:26','T.C.’s Rap','3f52bef3-d875-47bf-bc0d-80bebdb99b33',192000,0,2,NULL,NULL,66,''),(580,'','2017-11-29 19:20:27','Brother With a Purpose','7181cd32-ae34-4991-8bdd-1a23e0d8ac93',259000,0,3,NULL,NULL,66,''),(581,'','2017-11-29 19:20:28','Get Off','29eccf54-c5a4-44fc-8c91-7486796dbb12',282000,0,4,NULL,NULL,66,''),(582,'','2017-11-29 19:20:29','The Lubricated Lady','d2f551bc-e740-4d5e-838b-9fe65c26a66b',160000,0,5,NULL,NULL,66,''),(583,'','2017-11-29 19:20:29','Loveleft, Loveright','efd03baa-7e57-47b5-bcbf-c4175d40dccd',302000,0,6,NULL,NULL,66,''),(584,'','2017-11-29 19:21:20','When I Meet Them','a84421a3-9f74-310d-8c56-8a855351e424',218693,0,1,NULL,NULL,67,''),(585,'','2017-11-29 19:21:21','Diamond Girl','38c792d4-b714-3db9-b48e-5a8e0c9afe38',254933,0,2,NULL,NULL,67,''),(586,'','2017-11-29 19:21:22','Hummingbird','a66f2e6e-d0b8-3a56-a7fd-c6af4b44037a',279533,0,3,NULL,NULL,67,''),(587,'','2017-11-29 19:21:22','Castles in the Sand','75f4699a-66e0-3c4d-a298-6856db2e09b9',221773,0,4,NULL,NULL,67,''),(588,'','2017-11-29 19:21:23','East of Ginger Trees','23696883-4339-3af2-bec4-27508c062929',208760,0,5,NULL,NULL,67,''),(589,'','2017-11-29 19:21:24','I\'ll Play for You','9615ceb8-6e36-3f36-b706-ffcde0a09c55',248840,0,6,NULL,NULL,67,''),(590,'','2017-11-29 19:21:24','Ruby Jean and Billie Lee','909aa01d-b0ec-3f48-a358-b885ee565405',250826,0,7,NULL,NULL,67,''),(591,'','2017-11-29 19:21:25','King of Nothing','635f2559-7e6a-3667-8e09-86f9b1c44535',198733,0,8,NULL,NULL,67,''),(592,'','2017-11-29 19:21:26','Summer Breeze','ac719191-3b69-3da7-b79b-71d3a1fda850',205733,0,9,NULL,NULL,67,''),(593,'','2017-11-29 19:21:27','We May Never Pass This Way (Again)','c6a514dd-62e5-3247-893e-11db81d04f89',256174,0,10,NULL,NULL,67,''),(594,'','2017-11-29 19:22:12','Twin Peaks Theme','ab7d63d0-d21a-3cf0-972f-4450d9eaec1d',306706,0,1,1789,NULL,68,''),(595,'','2017-11-29 19:22:13','Laura Palmer’s Theme','900f75f2-f882-313a-add2-4852c1cc7fb8',292093,0,2,1789,NULL,68,''),(596,'','2017-11-29 19:22:13','Audrey’s Dance','75a455e9-a3e5-3960-b941-68246b960b6b',317666,0,3,1789,NULL,68,''),(597,'','2017-11-29 19:22:14','The Nightingale','bd8879e7-ddc7-37fd-8283-6dba7e24f93b',296173,0,4,1789,NULL,68,''),(598,'','2017-11-29 19:22:15','Freshly Squeezed','eddf128f-7d1e-33ac-9258-e9a30fbb3485',228826,0,5,1789,NULL,68,''),(599,'','2017-11-29 19:22:15','The Bookhouse Boys','0b940472-4eaa-3d05-820d-38d3930fec27',209533,0,6,1789,NULL,68,''),(600,'','2017-11-29 19:22:16','Into the Night','53f16900-bf5e-38a5-9690-597e734d7e50',284333,0,7,1789,NULL,68,''),(601,'','2017-11-29 19:22:17','Night Life in Twin Peaks','07ffd66b-a802-3044-985e-a1a3cec3183d',207240,0,8,1789,NULL,68,''),(602,'','2017-11-29 19:22:17','Dance of the Dream Man','696674a6-40f0-375d-88c0-5f55fc9af3d8',221826,0,9,1789,NULL,68,''),(603,'','2017-11-29 19:22:18','Love Theme From Twin Peaks','a84261db-da0f-3c96-9f8b-3080e1f9381c',304106,0,10,1789,NULL,68,''),(604,'','2017-11-29 19:22:19','Falling','607e913f-4fde-30ab-a106-8e10aff839ec',321800,0,11,1789,NULL,68,''),(605,'','2017-11-29 19:23:06','One of These Days','d1c0a215-9738-39a7-a005-6c74a47474d9',186573,0,1,NULL,NULL,69,''),(606,'','2017-11-29 19:23:06','Sweet Dreams','b38dee0c-2003-3f07-a548-aed55c9619db',190133,0,2,NULL,NULL,69,''),(607,'','2017-11-29 19:23:06','To Daddy','1600e3e8-1f4b-3f40-9cc8-c2e165818617',170160,0,3,NULL,NULL,69,''),(608,'','2017-11-29 19:23:06','(You Never Can Tell) C\'est la vie','77e1cecc-1e21-35c3-96d5-8c981e5a3122',210440,0,4,NULL,NULL,69,''),(609,'','2017-11-29 19:23:06','Making Believe','442cb336-6c91-3579-89ed-9b57f1bbb71c',218160,0,5,NULL,NULL,69,''),(610,'','2017-11-29 19:23:06','Easy From Now On','b7c87209-820d-3667-b9eb-57733f0ee23e',189933,0,6,NULL,NULL,69,''),(611,'','2017-11-29 19:23:06','Together Again','384ae01b-79d7-3c35-9072-e8599dea10df',238573,0,7,NULL,NULL,69,''),(612,'','2017-11-29 19:23:07','If I Could Only Win Your Love','a3111610-830b-3f7d-9d82-c0d904df0a67',160493,0,8,NULL,NULL,69,''),(613,'','2017-11-29 19:23:07','Too Far Gone','3bc38705-12d4-360a-8533-cf6676627bbd',211840,0,9,NULL,NULL,69,''),(614,'','2017-11-29 19:23:07','Two More Bottles of Wine','010918e3-bc2b-39de-9f51-98aa218d3ff3',190626,0,10,NULL,NULL,69,''),(615,'','2017-11-29 19:23:07','Boulder to Birmingham','d6790913-d2e7-3467-af25-b58bb053fb78',216933,0,11,NULL,NULL,69,''),(616,'','2017-11-29 19:23:07','Hello Stranger','65eef765-4972-32e1-a532-15f92caca4fa',237840,0,12,NULL,NULL,69,''),(617,'','2017-11-29 19:24:08','Join the Band','1c5cbad7-cbd3-3e59-ad90-d83e6c32c366',84933,0,1,NULL,NULL,70,''),(618,'','2017-11-29 19:24:09','Fat Man in the Bathtub','ae16f355-d32a-3d9a-aa67-73feea3b4165',292640,0,2,NULL,NULL,70,''),(619,'','2017-11-29 19:24:10','All That You Dream','c3df2622-8c19-3310-b322-770a8f1dcf3d',271333,0,3,NULL,NULL,70,''),(620,'','2017-11-29 19:24:10','Oh, Atlanta','5d176bc2-8529-3b32-b83a-39299bf65bc7',260360,0,4,NULL,NULL,70,''),(621,'','2017-11-29 19:24:11','Old Folks Boogie','966ca992-7ca8-3ad6-980d-881dc8694e7b',267200,0,5,NULL,NULL,70,''),(622,'','2017-11-29 19:24:12','Time Loves a Hero','4e88341e-d88d-33b5-b3ac-f830f1056f5c',259906,0,6,NULL,NULL,70,''),(623,'','2017-11-29 19:24:12','Day or Night','3c50128c-e4be-3e18-9a7d-a9752f5ade43',331093,0,7,NULL,NULL,70,''),(624,'','2017-11-29 19:24:13','Mercenary Territory','37e6eeac-14b9-354b-af64-9f32f32c830c',277133,0,8,NULL,NULL,70,''),(625,'','2017-11-29 19:24:14','Spanish Moon','639f77d3-4c73-364e-818a-2db984135bb9',282200,0,9,NULL,NULL,70,''),(626,'','2017-11-29 19:24:15','Dixie Chicken','1ece2847-5024-3cf5-aac5-b55e689d1ddf',536440,0,10,NULL,NULL,70,''),(627,'','2017-11-29 19:24:15','Tripe Face Boogie','2e838353-19ff-33c0-8a43-b83e0db53234',430160,0,11,NULL,NULL,70,''),(628,'','2017-11-29 19:24:16','Rocket in My Pocket','d8443374-8ac6-3c4b-9f07-5ab6a7a8e86d',228866,0,12,NULL,NULL,70,''),(629,'','2017-11-29 19:24:17','Willin’','f08e351d-9252-34b9-9f26-435bd8ccf453',230533,0,13,NULL,NULL,70,''),(630,'','2017-11-29 19:24:18','Sailin’ Shoes','0ef57e19-a1ac-3157-b86a-936e3c19d43c',380933,0,14,NULL,NULL,70,''),(631,'','2017-11-29 19:24:18','Feats Don’t Fail Me Now','5cbe4193-2bb8-3a1f-8c39-e3f10b12af37',321573,0,15,NULL,NULL,70,''),(632,'','2017-11-29 19:24:19','Skies the Limit','a347af61-a7fc-381e-8343-6ee44470cf55',226733,0,1,NULL,NULL,71,''),(633,'','2017-11-29 19:24:19','Little Lies (live)','efeb2a97-1310-31f2-b501-f91767cc158b',256933,0,2,NULL,NULL,71,''),(634,'','2017-11-29 19:24:20','The Chain (live)','1274266c-cc8e-31bf-81e8-aaa60f3fe37e',331334,0,3,NULL,NULL,71,''),(635,'','2017-11-29 19:25:49','Voiceprint (Blind From the Facts)','66e41b3e-d137-4894-8ee3-5762519539f6',348000,0,1,NULL,NULL,72,''),(636,'','2017-11-29 19:25:50','Pagan','f8270def-8450-4cc2-83ac-5312610c8ef6',387000,0,2,NULL,NULL,72,''),(637,'','2017-11-29 19:25:51','Mombasa','c7b1666d-7a44-4e4a-be47-46f52a7a344a',487000,0,3,NULL,NULL,72,''),(638,'','2017-11-29 19:25:52','Tikal','e7ee865b-72e9-434d-aa12-825ed9aefa38',187666,0,4,NULL,NULL,72,''),(639,'','2017-11-29 19:25:53','In the City of Red Dust','a3445e4f-29f7-4424-8b47-42bda76cb84c',339000,0,5,NULL,NULL,72,''),(640,'','2017-11-29 19:25:54','Tush','8c00b363-d662-3a09-9103-cacab9ce0418',139373,0,1,NULL,NULL,73,''),(641,'','2017-11-29 19:25:55','Waitin’ for the Bus','3c7acb24-e8c2-3ebb-a2b0-9b645bb72714',173000,0,2,NULL,NULL,73,''),(642,'','2017-11-29 19:25:56','Jesus Just Left Chicago','03ef3499-a4e6-3194-a361-049ab759b2fb',210693,0,3,NULL,NULL,73,''),(643,'','2017-11-29 19:25:56','Francine','50b3bbe5-125a-32bc-95c5-0cfc01015bfa',214240,0,4,NULL,NULL,73,''),(644,'','2017-11-29 19:25:57','Just Got Paid','4795e63b-1e6c-3dac-947e-5c9e9d92cd13',268666,0,5,NULL,NULL,73,''),(645,'','2017-11-29 19:25:58','La Grange','861fe0f7-45d2-3224-981c-ddb6bedd958f',233600,0,6,NULL,NULL,73,''),(646,'','2017-11-29 19:25:59','Blue Jean Blues','65bfbd49-3fcb-323b-8df8-e7608b628963',284600,0,7,NULL,NULL,73,''),(647,'','2017-11-29 19:26:00','Backdoor Love Affair','fd3c52b3-bcae-3115-b9b1-26262345dcb6',199066,0,8,NULL,NULL,73,''),(648,'','2017-11-29 19:26:00','Beer Drinkers & Hell Raisers','1c0b0f23-32ee-3e7f-a3be-5108fb354d9a',205293,0,9,NULL,NULL,73,''),(649,'','2017-11-29 19:26:01','Heard It on the X','f7fecca1-61bd-3ef6-ae79-392e1426affe',143373,0,10,NULL,NULL,73,''),(650,'','2017-11-29 19:27:24','Don\'t Say You Love Me','2b97896a-38b8-4257-861c-3f37751e704f',225000,0,1,NULL,NULL,74,''),(651,'','2017-11-29 19:27:24','The Day You Went Away','fa5b0070-5210-43df-8620-1af6bf205609',222000,0,2,NULL,NULL,74,''),(652,'','2017-11-29 19:27:26','Girl in Your Dreams','389665bf-5d31-4528-8e38-2ca6bd944ef2',219560,0,3,NULL,NULL,74,''),(653,'','2017-11-29 19:27:26','Mirror Mirror','3c8b0805-1ee2-4cd1-a62f-a7b3b27335e4',200000,0,4,NULL,NULL,74,''),(654,'','2017-11-29 19:27:27','Pretty Boy','1bf0315f-4acf-4e95-8fe2-4b3e0bc477d0',279026,0,5,NULL,NULL,74,''),(655,'','2017-11-29 19:27:28','Give a Little Love','c4bd5d6d-2202-4254-b0bc-2ea54fc6779b',237506,0,6,NULL,NULL,74,''),(656,'','2017-11-29 19:27:28','Everything You Do','830fe588-186d-46c6-805b-3bbbed3a5a0c',242000,0,7,NULL,NULL,74,''),(657,'','2017-11-29 19:27:29','Don\'t Mess With My Love','f2c8cbbc-be1c-4725-a593-64d01ccf2bd4',224000,0,8,NULL,NULL,74,''),(658,'','2017-11-29 19:27:30','Dear Diary','82b17686-d520-43b2-b7fe-cab02173e707',237000,0,9,NULL,NULL,74,''),(659,'','2017-11-29 19:27:31','Do You Know What You Want','408006c7-a661-4a13-a23b-646146f4b996',244066,0,10,NULL,NULL,74,''),(660,'','2017-11-29 19:27:31','Smiling Face','cada196d-9173-469d-9497-e2c49c561a09',255000,0,11,NULL,NULL,74,''),(661,'','2017-11-29 19:27:32','Our Song','12f4480b-b5b5-4f5e-aa45-30e6725e1eed',234000,0,12,NULL,NULL,74,''),(662,'','2017-11-29 19:27:33','Why','b760023c-0169-4722-93b6-3cca282e69e8',257000,0,13,NULL,NULL,74,''),(663,'','2017-11-29 19:27:34','The Feeling Is Gone','51042243-1eb7-4338-b88e-ca0d7fcc4d8e',197000,0,14,NULL,NULL,74,''),(664,'','2017-11-29 19:28:19','Breathless','af1255ba-cc97-4fb1-bf05-b32b968844ac',207000,0,1,NULL,NULL,75,''),(665,'','2017-11-29 19:28:20','Head in the Air','573897ee-fc53-4039-93af-d3451701072a',223000,0,2,NULL,NULL,75,''),(666,'','2017-11-29 19:29:10','Spark','0b438c1d-b5d8-4a78-a6f4-25013eff56a9',253573,0,1,NULL,NULL,76,''),(667,'','2017-11-29 19:29:10','Cruel','b6cde6a2-ef8d-4797-92ff-e4df3d71c68b',247400,0,2,NULL,NULL,76,''),(668,'','2017-11-29 19:29:11','Black‐Dove (January)','9391c419-6a17-43d1-9b79-91c819e33413',278600,0,3,NULL,NULL,76,''),(669,'','2017-11-29 19:29:12','Raspberry Swirl','13170c7e-685f-49d6-b568-bdd51fe1a79d',238493,0,4,NULL,NULL,76,''),(670,'','2017-11-29 19:29:12','Jackie’s Strength','12ab13e1-d78d-4034-be66-729dd60c107d',266906,0,5,NULL,NULL,76,''),(671,'','2017-11-29 19:29:13','i i e e e','148268a6-4eaf-46da-8637-6030579df744',247826,0,6,NULL,NULL,76,''),(672,'','2017-11-29 19:29:14','Liquid Diamonds','ff90d65a-3772-42f8-9a84-3b33c6719a6d',381600,0,7,NULL,NULL,76,''),(673,'','2017-11-29 19:29:15','She’s Your Cocaine','4ac59ef9-5b42-4665-95c6-dd2e29d9b93f',222040,0,8,NULL,NULL,76,''),(674,'','2017-11-29 19:29:15','Northern Lad','2fbaa185-2424-463c-9426-afc52ed8e271',259133,0,9,NULL,NULL,76,''),(675,'','2017-11-29 19:29:16','Hotel','c046a46a-5ffe-49a0-a4c4-de217be70f56',319933,0,10,NULL,NULL,76,''),(676,'','2017-11-29 19:29:17','Playboy Mommy','af6851a1-db39-4ef9-a982-df12326675d4',248933,0,11,NULL,NULL,76,''),(677,'','2017-11-29 19:29:17','Pandora’s Aquarium','43890ea3-cc2c-440c-be21-f791ac887d0e',285333,0,12,NULL,NULL,76,''),(678,'','2017-11-29 19:30:02','The Power Of One','5ca21af2-2d72-4a44-b940-e59d676f9ae5',0,0,1,NULL,NULL,77,''),(679,'','2017-11-29 19:30:49','I\'m Not Contagious','90a69b8d-29d5-3e73-80c0-dc6e4de67111',222000,0,1,1806,NULL,78,''),(680,'','2017-11-29 19:30:50','Tenderoni','50b3065e-c16c-3897-8038-6deef9975874',231000,0,2,1806,NULL,78,''),(681,'','2017-11-29 19:30:50','Call Me Up','e0593afc-6eb3-3c1b-828c-6fcf747626c0',227000,0,3,1806,NULL,78,''),(682,'','2017-11-29 19:30:51','Hot Mess','9ccd5f8b-86ba-3245-a3b8-8996dfe116fb',233000,0,4,1806,NULL,78,''),(683,'','2017-11-29 19:30:52','Waiting 4 U','31f9d9d7-4bb6-3ad4-9c18-5f18f7957080',158000,0,5,1806,NULL,78,''),(684,'','2017-11-29 19:30:53','Needy Girl','d515a132-da20-3f00-8812-0796d264572b',274000,0,6,1806,NULL,78,''),(685,'','2017-11-29 19:30:53','Bonafied Lovin\'','ea511574-4675-3816-a7ec-fcabb42dd6f5',231000,0,7,1806,NULL,78,''),(686,'','2017-11-29 19:30:54','Don\'t Turn the Lights On','af69f192-328a-38b8-988a-4e748eb3b30e',246000,0,8,1806,NULL,78,''),(687,'','2017-11-29 19:30:55','You\'re So Gangsta','2de5b805-3122-34fb-861b-f521fcbe85ad',174000,0,9,1806,NULL,78,''),(688,'','2017-11-29 19:30:56','Night By Night','941493df-aa68-3cc4-9639-11557e4de0d7',247000,0,10,1806,NULL,78,''),(689,'','2017-11-29 19:30:56','Momma\'s Boy','3b5b2ce5-d765-3295-9185-203b2c30d3fe',246000,0,11,1806,NULL,78,''),(690,'','2017-11-29 19:30:57','100%','f4147ced-b424-3257-8cbd-36c03019f0fc',258000,0,12,1806,NULL,78,''),(691,'','2017-11-29 19:30:58','Fancy Footwork','2ae8ad38-dc86-3a11-beca-eaaddf0504ca',229000,0,13,1806,NULL,78,''),(692,'','2017-11-29 19:31:43','Angry','c746c2e4-3492-41cd-ab2f-d8b8ad5d7252',224866,0,1,1809,NULL,79,''),(693,'','2017-11-29 19:31:44','Black & White People','d75f05a6-b59b-458b-9806-58e89b14048d',225226,0,2,1809,NULL,79,''),(694,'','2017-11-29 19:31:45','Crutch','4d0ca0f0-ef1f-4cca-b6e1-2d6d94687f47',205240,0,3,1809,NULL,79,''),(695,'','2017-11-29 19:31:46','Last Beautiful Girl','238122f6-20f8-4d14-9419-79b39668a58e',243360,0,4,1809,NULL,79,''),(696,'','2017-11-29 19:31:46','If You’re Gone','8e0cd506-b109-419c-9e11-ac08bad8cce2',274933,0,5,1809,NULL,79,''),(697,'','2017-11-29 19:31:47','Mad Season','af0dc7d6-8c77-4523-ba64-19966907f948',302106,0,6,1809,NULL,79,''),(698,'','2017-11-29 19:31:48','Rest Stop','48b7afea-cfa8-480a-8561-b5e423178c56',269466,0,7,1809,NULL,79,''),(699,'','2017-11-29 19:31:49','The Burn','6dffe357-f936-4419-93d2-bfe789eda834',207026,0,8,1809,NULL,79,''),(700,'','2017-11-29 19:31:49','Bent','aada2b40-4735-4335-a476-ed941c74ed3f',256133,0,9,1809,NULL,79,''),(701,'','2017-11-29 19:31:50','Bed of Lies','00f4802a-bccf-4194-8f96-73d26a5ac07a',322066,0,10,1809,NULL,79,''),(702,'','2017-11-29 19:31:51','Leave','5878c99a-c144-4663-bc91-444597561de4',273906,0,11,1809,NULL,79,''),(703,'','2017-11-29 19:31:51','Stop','13caf625-3c2a-48ab-820e-46094001620a',229493,0,12,1809,NULL,79,''),(704,'','2017-11-29 19:31:52','You Won’t Be Mine','fc32f3a1-39d4-4a5f-8e0a-6fe833587f83',592640,0,13,1809,NULL,79,''),(705,'','2017-11-29 19:32:36','The Liar\'s Club','5f0df8ca-8cc0-427c-ae5f-51d2a7cee3b7',230933,0,1,NULL,NULL,80,''),(706,'','2017-11-29 19:32:37','I Can\'t Believe You\'re Gone','4a08f978-b7e9-4bdc-8e49-e4442c04d273',230666,0,2,NULL,NULL,80,''),(707,'','2017-11-29 19:32:38','All the Cocaine in the World','68995ab9-a5f1-4d46-b30b-87b2ac17aa78',99360,0,3,NULL,NULL,80,''),(708,'','2017-11-29 19:32:39','Summer People','5cde0552-c527-4853-940e-2bd01b138c51',241840,0,4,NULL,NULL,80,''),(709,'','2017-11-29 19:32:39','Low Grade Fever','21fa7723-bd10-48b1-8b6b-b83df31b4cf9',213093,0,5,NULL,NULL,80,''),(710,'','2017-11-29 19:32:40','Marooned','85316043-cf95-41e1-af70-46ebd2e4ec98',216106,0,6,NULL,NULL,80,''),(711,'','2017-11-29 19:32:41','Intermission','fbb4a202-9008-42ba-b546-42c265bd4024',77000,0,7,NULL,NULL,80,''),(712,'','2017-11-29 19:32:42','Fluorescent Lights','70bf7ffd-7130-49a9-8c60-ccee9c68cfc7',200293,0,8,NULL,NULL,80,''),(713,'','2017-11-29 19:32:42','In a Fashion','d8146083-938b-4042-8273-ccd5579217f8',220333,0,9,NULL,NULL,80,''),(714,'','2017-11-29 19:32:43','Suddenly Awake','baf3d817-3d52-4a20-ac7d-055a6a7ff7cb',228400,0,10,NULL,NULL,80,''),(715,'','2017-11-29 19:32:44','Powder Pale','dada05ac-8e8e-4669-8efc-e860e6d756d3',230573,0,11,NULL,NULL,80,''),(716,'','2017-11-29 19:32:44','Are You Happy Now?','ecf1d5e9-f0af-4273-969d-935343b8e760',193160,0,12,NULL,NULL,80,''),(717,'','2017-11-29 19:32:45','Sleep If You Can','5d3aa492-236a-4f24-97a0-d6160746e618',269240,0,13,NULL,NULL,80,''),(718,'','2017-11-29 19:33:33','Strike the Gay Harp / Lord Mayo / The Lady on the Island / The Sailor on the Rock','27ae65b2-aea9-48fa-ac1f-8f1dba350c0b',384000,0,1,NULL,NULL,81,''),(719,'','2017-11-29 19:33:34','Sonny’s Mazurka / Tommy Hunt’s Jig','9db24d3b-3928-42c3-9809-f8435b0f3737',193000,0,2,NULL,NULL,81,''),(720,'','2017-11-29 19:33:34','Eibhlí Gheal Chiúin Ní Chearbhaill / Delahunty’s Hornpipe','a02447ea-4338-4922-8e37-42b01236d72a',236000,0,3,NULL,NULL,81,''),(721,'','2017-11-29 19:33:35','The Hunter’s Purse','ba15ea81-8718-4ce5-9cd5-43176d94b07f',102106,0,4,NULL,NULL,81,''),(722,'','2017-11-29 19:33:35','March of the King of Laois','656362f8-9a29-4da5-9a18-939c7361a6b1',182000,0,5,NULL,NULL,81,''),(723,'','2017-11-29 19:33:36','Carolan’s Concerto','d8a13aea-7d43-4bef-8158-ceed9b358ac1',169000,0,6,NULL,NULL,81,''),(724,'','2017-11-29 19:33:37','Tom Billy’s / The Road to Lisdoonvarna / The Merry Sisters','700d1975-36d4-4724-822d-65d29897c274',297000,0,7,NULL,NULL,81,''),(725,'','2017-11-29 19:33:38','An Ghaoth Aneas','676d0d72-bc74-4f6f-98aa-783c420b5a60',170000,0,8,NULL,NULL,81,''),(726,'','2017-11-29 19:33:38','Lord Inchiquin','59665dd7-1768-4650-8e93-675e7ac742ef',222000,0,9,NULL,NULL,81,''),(727,'','2017-11-29 19:33:39','The Trip to Sligo','461b47d3-81bc-4b35-8bbc-a5c88733dd7d',223000,0,10,NULL,NULL,81,''),(728,'','2017-11-29 19:33:39','An Raibh Tú ag an gCarraig?','2c4f1153-d8ea-48b8-8218-f65eb8f895ea',140000,0,11,NULL,NULL,81,''),(729,'','2017-11-29 19:33:40','John Kelly’s / Merrily Kiss the Quaker / Denis Murphy’s','b6989da5-9051-4a8d-8e41-c11ff6aa563e',206000,0,12,NULL,NULL,81,''),(730,'','2017-11-29 19:34:25','The Healing Room','bd3e6ea2-dace-4441-bd44-dfa6f83303dd',335400,0,1,NULL,NULL,82,''),(731,'','2017-11-29 19:34:25','No Man’s Woman','5338aa04-3384-4a7f-840c-3102dcb96a18',181626,0,2,NULL,NULL,82,''),(732,'','2017-11-29 19:34:25','Jealous','b2b96565-8c76-4c1d-a2f7-27afbca24fe7',257973,0,3,NULL,NULL,82,''),(733,'','2017-11-29 19:34:25','Dancing Lessons','a9363621-7fcd-49fe-aa0b-0cd1a8981e03',257866,0,4,NULL,NULL,82,''),(734,'','2017-11-29 19:34:25','Daddy I’m Fine','83671333-58e7-4a52-b319-2e6bfa5b2111',179266,0,5,NULL,NULL,82,''),(735,'','2017-11-29 19:34:25','’Til I Whisper U Something','efffe9f9-3c16-4bd0-8f20-f8b9a54d95fe',367960,0,6,NULL,NULL,82,''),(736,'','2017-11-29 19:34:25','Hold Back the Night','4277d5a2-2c58-49d7-80a2-cc0ebb21369d',252573,0,7,NULL,NULL,82,''),(737,'','2017-11-29 19:34:25','What Doesn’t Belong to Me','8af8fe1f-de27-4e7e-9591-ce5a935613d0',338826,0,8,NULL,NULL,82,''),(738,'','2017-11-29 19:34:25','The State I’m In','fa65bf2c-b2fc-4dac-89f8-609ef6174be2',251200,0,9,NULL,NULL,82,''),(739,'','2017-11-29 19:34:25','The Lamb’s Book of Life','d1cb833c-4b96-4bc8-876c-ef876c8d136d',298133,0,10,NULL,NULL,82,''),(740,'','2017-11-29 19:34:25','If U Ever','8bde20d1-54fd-4091-a36f-2a38fab9f4aa',266333,0,11,NULL,NULL,82,''),(741,'','2017-11-29 19:34:25','Emma’s Song','e9162e7b-cf2a-47a4-af9e-88fcb90fa8a8',204200,0,12,NULL,NULL,82,''),(742,'','2017-11-29 19:34:25','Kyrié Eléison','749a308a-3ec8-43dc-a146-ad1c96f2e6d7',167133,0,13,NULL,NULL,82,''),(743,'','2017-11-29 19:34:25','Emma’s Song (Adrian Sherwood mix)','366b27fd-430f-4d75-8d8c-3b86690ca49c',262533,0,14,NULL,NULL,82,''),(744,'','2017-11-29 19:35:27','I Want to Be a Millionaire (radio mix)','d911ca3d-a5a8-3a05-8fd6-0f27260643de',213506,0,1,NULL,NULL,83,''),(745,'','2017-11-29 19:35:28','I Want to Be a Millionaire (instrumental)','806f97a2-2360-31a7-8826-80e4c43a61b7',207933,0,2,NULL,NULL,83,''),(746,'','2017-11-29 19:35:30','Ain\'t no Sunshine','4d23b4bf-c020-41f5-94bd-57e859ca6e9a',147000,0,1,NULL,NULL,84,''),(747,'','2017-11-29 19:35:31','\'Round Midnight','d959868c-1f37-4144-860b-905983799afe',332000,0,2,NULL,NULL,84,''),(748,'','2017-11-29 19:35:32','Ja-Da','b4210ffc-a549-4c1a-8cec-36748e3c6583',325000,0,3,NULL,NULL,84,''),(749,'','2017-11-29 19:35:33','Poinciana','d6370926-8a80-4ec2-9b39-38c987b840d3',457000,0,4,NULL,NULL,84,''),(750,'','2017-11-29 19:35:33','Swing Till the Girls come Home','e16a76c7-24d4-4930-b3e3-aab8421ef3be',294000,0,5,NULL,NULL,84,''),(751,'','2017-11-29 19:35:34','Spring Is Here','7878d90f-79a4-4c55-bc9a-958bba67fd84',308000,0,6,NULL,NULL,84,''),(752,'','2017-11-29 19:35:35','Bembe Blue','38726af3-9632-4ba5-9e89-14f42cef25cd',399000,0,7,NULL,NULL,84,''),(753,'','2017-11-29 19:35:36','My Old Flame','1a4ccf04-d23d-429a-824a-05cdebfe6fbc',361000,0,8,NULL,NULL,84,''),(754,'','2017-11-29 19:35:37','Down Home','1becb301-0e26-4370-b5ab-c5c82fc5e1d3',252000,0,9,NULL,NULL,84,''),(755,'','2017-11-29 19:35:37','Old Folks','bd4328af-4a56-45da-9753-d62953f19c77',353000,0,10,NULL,NULL,84,''),(756,'','2017-11-29 19:35:38','I Remember You','7a9836a9-e7c9-4fa1-928a-d19af509a505',395000,0,11,NULL,NULL,84,''),(757,'','2017-11-29 19:36:57','Intro','d9f396b3-a77b-4831-9233-aeebfcdbd38c',40066,0,1,1820,NULL,85,''),(758,'','2017-11-29 19:36:58','Angels','9aae1e09-fbe9-44a8-848e-fec30c4fa72a',243440,0,2,1820,NULL,85,''),(759,'','2017-11-29 19:36:59','Driftin’','28c370ed-ff36-4598-8413-63353df86126',245400,0,3,1820,NULL,85,''),(760,'','2017-11-29 19:37:00','Selim II','de675f08-dbd6-4bd0-bc16-37513c55e96d',246000,0,4,1820,NULL,85,''),(761,'','2017-11-29 19:37:00','Technologie','1377f67e-9279-4653-a379-1d52d4d0097f',208200,0,5,1820,NULL,85,''),(762,'','2017-11-29 19:37:01','N.Y.C.','9853e31b-7a7e-4ec2-bc4b-db867efc1793',67200,0,6,1820,NULL,85,''),(763,'','2017-11-29 19:37:02','Rootgroove','c6746968-135e-41cb-8255-668e06671759',275893,0,7,1820,NULL,85,''),(764,'','2017-11-29 19:37:02','Megaphone','76beba69-90a0-4162-a10e-1b62755672db',92400,0,8,1820,NULL,85,''),(765,'','2017-11-29 19:37:03','Dreamin’','4f9646af-ea3c-4924-82d1-d60233dce50e',236306,0,9,1820,NULL,85,''),(766,'','2017-11-29 19:37:04','Bud','bccaf563-e193-44c8-92ff-be41ae95dc5e',52760,0,10,1820,NULL,85,''),(767,'','2017-11-29 19:37:05','His Story','0b5a5724-a951-4980-80d4-294d2d5b728d',90506,0,11,1820,NULL,85,''),(768,'','2017-11-29 19:37:05','Don’t Leave Him Alone','2caa6d55-396c-4068-8a1d-480dc00b9956',42960,0,12,1820,NULL,85,''),(769,'','2017-11-29 19:37:06','Purple Elephants','cf3514ee-6bb1-4cb8-a9c6-39e2451dd60c',371000,0,13,1820,NULL,85,''),(770,'','2017-11-29 19:37:07','Interlude: Bass','cf0d8e09-0965-4b92-8f9f-8612bad20191',35106,0,14,1820,NULL,85,''),(771,'','2017-11-29 19:37:08','On','c438475e-985a-471f-86aa-1e1b4a7ed621',179933,0,15,1820,NULL,85,''),(772,'','2017-11-29 19:37:08','Interlude: Guitar','7ae9bc7b-926d-486b-8305-0b9481cd93a1',55000,0,16,1820,NULL,85,''),(773,'','2017-11-29 19:37:09','Mother Earth','21b9d140-7a44-4ac0-8516-ea22ed5bb0e7',227826,0,17,1820,NULL,85,''),(774,'','2017-11-29 19:37:10','Changes','3bbcfc31-6f6f-4898-803c-c6fbb37648f1',160240,0,18,1820,NULL,85,''),(775,'','2017-11-29 19:37:57','Brand New Me','88af108a-b06b-3f9d-b970-5c1a7c459fad',215800,0,1,NULL,NULL,86,''),(776,'','2017-11-29 19:37:58','Bus To Birmingham','9fc4ca75-2961-342d-8fd5-b36b7cd09e5d',244226,0,2,NULL,NULL,86,''),(777,'','2017-11-29 19:37:59','Weekend Superstar','1611bcb5-0f02-379f-99e0-1e9a2e9a03be',151826,0,3,NULL,NULL,86,''),(778,'','2017-11-29 19:37:59','Thanks For The G Chord','caf2ba2e-545e-3202-9991-66f53b2fabec',244506,0,4,NULL,NULL,86,''),(779,'','2017-11-29 19:38:00','Even Then','160540f9-4d72-3ecb-acdb-811ca5410cbb',229840,0,5,NULL,NULL,86,''),(780,'','2017-11-29 19:38:01','That\'s What I Like About You','ff3e4961-65a5-3cb0-a554-f0cffd925424',185160,0,6,NULL,NULL,86,''),(781,'','2017-11-29 19:38:02','That\'s Not Her Picture','aa6996f0-b469-34ca-ab59-e68ca58d905c',198040,0,7,NULL,NULL,86,''),(782,'','2017-11-29 19:38:02','The Little Girl','9ef40300-a330-3f6d-914b-75b22b425902',232666,0,8,NULL,NULL,86,''),(783,'','2017-11-29 19:38:03','Real Love','a724981e-6a56-3d28-b7c8-f2d7c5baabff',184266,0,9,NULL,NULL,86,''),(784,'','2017-11-29 19:38:04','I Love It All','f329f1fb-1580-360b-ba68-b32c215971d4',254600,0,10,NULL,NULL,86,''),(785,'','2017-11-29 19:38:52','Blues to Elvin','ef84a5a2-3b24-43ee-a55b-a03723c6f498',472466,0,1,NULL,NULL,87,''),(786,'','2017-11-29 19:38:53','Blues to Bechet','a78818bc-4c8f-4b78-8bbf-85c9fe4699ce',346226,0,2,NULL,NULL,87,''),(787,'','2017-11-29 19:38:53','Blues to You','74b44914-b3c4-4bda-abf5-8bf58d5b879f',390200,0,3,NULL,NULL,87,''),(788,'','2017-11-29 19:38:54','Mr. Day','863a3457-cd14-44a3-ab41-fe131ff67731',475773,0,4,NULL,NULL,87,''),(789,'','2017-11-29 19:38:55','Mr. Syms','32aafa4d-2392-4f51-818c-37f0ea4c259b',322600,0,5,NULL,NULL,87,''),(790,'','2017-11-29 19:38:56','Mr. Knight','d614c1ea-b2fd-45f2-bcbf-6167624874ff',459533,0,6,NULL,NULL,87,''),(791,'','2017-11-29 19:38:57','[untitled original: Exotica]','59ad2237-c87d-48cf-9837-b87dbe091a6c',325760,0,7,NULL,NULL,87,''),(792,'','2017-11-29 19:38:57','Blues to Elvin (alternate take 1)','a97163fc-b149-44cf-9912-654e882524b9',662133,0,8,NULL,NULL,87,''),(793,'','2017-11-29 19:38:58','Blues to Elvin (alternate take 3)','94fe54b7-796b-489e-8928-71069f6c1c66',355800,0,9,NULL,NULL,87,''),(794,'','2017-11-29 19:38:59','Blues to You (alternate take 1)','221ab682-f875-425a-ab57-1dd14c2aa246',336973,0,10,NULL,NULL,87,''),(795,'','2017-11-29 19:39:00','Blues to You (alternate take 2)','8722494a-1f58-4018-9700-8cde7dedd2f2',330400,0,11,NULL,NULL,87,''),(796,'','2017-11-29 19:39:41','The Big Lick','55a00475-9267-30e1-a20a-d9a77dfde16a',174000,0,1,NULL,NULL,88,''),(797,'','2017-11-29 19:39:41','Da Baddest Bitch','86be99fc-42fa-3065-bb2b-64fe1c0d3d42',193000,0,2,NULL,NULL,88,''),(798,'','2017-11-29 19:39:42','If U','c9b7c237-4e7a-324c-be8c-32b2d91918fc',193000,0,3,NULL,NULL,88,''),(799,'','2017-11-29 19:39:43','Hair Dresser Skit','61518fe9-5ed6-3f28-97bb-44aa17a7af6f',36000,0,4,NULL,NULL,88,''),(800,'','2017-11-29 19:39:44','Ain\'t Shit','25003a33-e1ad-370a-a07a-f4cd2160e7b8',241000,0,5,NULL,NULL,88,''),(801,'','2017-11-29 19:39:45','Off the Chain With It','b5e4b8c4-f476-3ed3-97bb-69b29c9d5e86',254000,0,6,NULL,NULL,88,''),(802,'','2017-11-29 19:39:45','69 Ways','5250bf49-2dee-3ca9-bca0-405c70489714',160000,0,7,NULL,NULL,88,''),(803,'','2017-11-29 19:39:46','Club Skit','2ca198d4-b429-3125-aeab-2d8a79014602',71000,0,8,NULL,NULL,88,''),(804,'','2017-11-29 19:39:47','Ball Wit Me','6ba4c3f2-26ac-3b74-86a4-101f36b98bd3',196000,0,9,NULL,NULL,88,''),(805,'','2017-11-29 19:40:30','Skin','a0fb99c4-456f-43c6-afb1-4489eccfc03d',189706,0,1,1829,NULL,89,''),(806,'','2017-11-29 19:40:31','Vent','7534e200-cb51-47a6-a8e3-e9ca83da230a',194426,0,2,1829,NULL,89,''),(807,'','2017-11-29 19:40:32','Why, Pt. 2','513664db-fd78-4772-8d18-33d04f9e701f',218733,0,3,1829,NULL,89,''),(808,'','2017-11-29 19:40:32','10 Years Later','58f454a8-c4b1-4544-8c44-a22730ebe401',226840,0,4,1829,NULL,89,''),(809,'','2017-11-29 19:40:33','Boast','a336c00b-e895-4934-a0e8-5180c6c3cbe6',220400,0,5,1829,NULL,89,''),(810,'','2017-11-29 19:40:34','Turn Around','f60ce988-01d4-4b93-91f3-8b21274e0bab',218933,0,6,1829,NULL,89,''),(811,'','2017-11-29 19:40:35','You Speak My Language','038604ef-dad0-4a80-be4e-e66af60f9248',204200,0,7,1829,NULL,89,''),(812,'','2017-11-29 19:40:36','Perfect Day','12093746-7ec1-4cca-9e33-4b0e6e2c5a4d',228160,0,8,1829,NULL,89,''),(813,'','2017-11-29 19:41:25','After All','d8502ecf-d655-4acc-ad11-613d54470e07',224066,0,9,1829,NULL,89,''),(814,'','2017-11-29 19:41:26','Over Tokyo','2f929e62-9661-4a33-a10c-185960161c01',217640,0,10,1829,NULL,89,''),(815,'','2017-11-29 19:41:27','Happiness','bd7d68ae-e8ec-42ca-a90d-b7882f359071',211826,0,11,1829,NULL,89,''),(816,'','2017-11-29 19:42:20','Purple Heart','a0838f00-7959-4bf0-baba-2208440c1db8',336533,0,1,NULL,NULL,90,''),(817,'','2017-11-29 19:42:21','Gregarian Chant','4d9b66d1-c514-4491-9a39-2ceaaf6b096b',171466,0,2,NULL,NULL,90,''),(818,'','2017-11-29 19:42:22','Eulogy for Rudy Williams','e0121312-b2ae-457a-a2cd-636cdcbcd316',382573,0,3,NULL,NULL,90,''),(819,'','2017-11-29 19:42:23','Tea for Two','b5f07e4a-7db6-4c4a-b29e-bcbc8dadd83c',379960,0,4,NULL,NULL,90,''),(820,'','2017-11-29 19:42:23','Smog L.A.','e85b1226-15cb-49a9-9f2f-f94ab71173c6',194933,0,5,NULL,NULL,90,''),(821,'','2017-11-29 19:42:24','Level Seven','9d33e43e-e8de-47d9-bcb5-8d1c96d6e239',257266,0,6,NULL,NULL,90,''),(822,'','2017-11-29 19:42:25','Transeason','fac1cfdc-a284-408c-9ffe-1a78b4cdcc5e',263440,0,7,NULL,NULL,90,''),(823,'','2017-11-29 19:42:26','Rose Geranium','f713d986-65d8-41bc-b38a-03d9d2a964f7',253160,0,8,NULL,NULL,90,''),(824,'','2017-11-29 19:42:26','Getting Together','1e602710-e2aa-479b-af5f-a881643438f1',281466,0,9,NULL,NULL,90,''),(825,'','2017-11-29 19:42:27','Body & Soul','3ed92f65-b38e-45e1-a26b-3cf1a49d8e35',187733,0,10,NULL,NULL,90,''),(826,'','2017-11-29 19:42:29','Bent (album version)','134d2ebc-c221-4353-a12f-5d3509af4ec7',257213,0,1,NULL,NULL,91,''),(827,'','2017-11-29 19:42:29','Don\'t Let Me Down (live)','e2829f88-87a7-43e3-b710-9748ab76fc0e',251106,0,2,NULL,NULL,91,''),(828,'','2017-11-29 19:42:30','Busted (live)','d8b6a48e-3a5b-461d-9773-9b6449c0226b',273066,0,3,NULL,NULL,91,''),(829,'','2017-11-29 19:42:31','I Don\'t Want to Wait','6ed6f668-3469-3178-8d36-404883f582a7',248000,0,1,NULL,NULL,92,''),(830,'','2017-11-29 19:42:32','I’ll Be','4bd9314e-9ad7-395e-ba58-7d6f8099f15c',268000,0,2,NULL,NULL,92,''),(831,'','2017-11-29 19:42:33','Hold My Hand','ed177e01-3daa-38f9-add4-b862c15d99bd',256000,0,3,NULL,NULL,92,''),(832,'','2017-11-29 19:42:34','Hold on My Heart','55b6d54b-6e95-3214-9cf1-0b13aa75ee69',278000,0,4,NULL,NULL,92,''),(833,'','2017-11-29 19:42:34','Romeo and Juliet','6b3df763-2942-3e98-b4f9-e48575ef2128',359000,0,5,NULL,NULL,92,''),(834,'','2017-11-29 19:42:34','Drive','e5ee85d3-f4b0-3afe-8abf-4dc4edc1ccd2',237000,0,6,NULL,NULL,92,''),(835,'','2017-11-29 19:42:34','Glory of Love','48f2c10d-3dcd-3a45-b414-9a47cde2b2eb',262000,0,7,NULL,NULL,92,'\n\n\nTonight it\'s very clear\n\'Cause we\'re both lying here\nThere\'s so many things I wanna say\nI will always love you\nI would never leave you alone\n\nSometimes I just forget\nSay things I might regret\nIt breaks my heart to see you crying\nI don\'t wanna lose you\nI could never make it alone\n\nI am a man who will fight for your honor\nI\'ll be the hero you\'re dreaming of\nWe\'ll live forever\nKnowing together\nThat we did it all for the glory of love\n\nYou keep me standing tall\nYou help me through it all\nI\'m always strong when you\'re beside me\nI have always needed you\nI could never make it alone\n\nI am a man who will fight for your honor\nI\'ll be the hero\nYou\'ve been dreaming of\nWe\'ll live forever\nKnowing together that we did it all\nFor the glory of love\n\nIt\'s like a knight in shining armor\nFrom a long time ago\nJust in time I will save the day\nTake you to my castle far away\n\nI am a man who will fight for your honor\nI\'ll be the hero that you\'re dreaming of\nWe\'re gonna live forever\nKnowing together\nThat we did it all for the glory of love\n\nWe\'ll live forever\nKnowing together\nThat we did it all for the glory of love\n\nWe did it all for love\nWe did it all for love\nWe did it all for love\nWe did it all for love\n'),(836,'','2017-11-29 19:42:35','Don’t Know Much','e0a29083-2f58-3967-a540-ba01a3f6d592',215000,0,8,NULL,NULL,92,''),(837,'','2017-11-29 19:43:56','Holding Back the Years','782e501d-1790-34ec-b3c1-cc37665514a2',270000,0,9,NULL,NULL,92,''),(838,'','2017-11-29 19:43:57','Baby, Come to Me','73b9fca8-46aa-3ed2-a2c8-a801dc0a4dfc',218000,0,10,NULL,NULL,92,''),(839,'','2017-11-29 19:45:01','Never Tear Us Apart','9d2840f1-b403-34ef-9af9-758dcf52b504',184000,0,11,NULL,NULL,92,''),(840,'','2017-11-29 19:45:02','Barely Breathing','8225be51-a705-3682-b42d-395017d7b14d',256000,0,12,NULL,NULL,92,''),(841,'','2017-11-29 19:45:02','Hard Habit to Break','f78fdcf7-c836-3fb8-8d36-cb514df7a486',286000,0,13,NULL,NULL,92,''),(842,'','2017-11-29 19:45:03','Tonight I Celebrate My Love','e133aaf4-55e7-3d05-826e-0eac7b5caed3',212000,0,14,NULL,NULL,92,''),(843,'','2017-11-29 19:46:14','I Want to Know What Love Is','7238ccd0-d2cb-3e77-be11-5b477b10d6f4',302000,0,15,NULL,NULL,92,''),(844,'','2017-11-29 19:46:15','I Love You Always Forever (album version)','6f03c91f-b08a-33cc-ad90-c3d1f49e138f',239000,0,16,NULL,NULL,92,''),(845,'','2017-11-29 19:46:16','Time After Time','36301a7f-aa0f-3362-bd5c-ae9d12ac7d1b',241000,0,17,NULL,NULL,92,''),(846,'','2017-11-29 19:46:17','You’re All I Need to Get By','393ef37f-0562-3f3c-857c-ca7315fd8e1c',214000,0,18,NULL,NULL,92,''),(847,'','2017-11-29 19:46:18','1000 Oceans','e142e43f-ba42-3242-808e-32974c6d78f1',259133,0,1,NULL,NULL,93,''),(848,'','2017-11-29 19:46:18','Hey Jupiter','c319b49f-f0d1-3685-8918-d41abf095ffe',271600,0,2,NULL,NULL,93,''),(849,'','2017-11-29 19:46:19','Upside Down','662a0c74-c48b-3a4b-8b89-589ae39f8fa6',347267,0,3,NULL,NULL,93,'');
/*!40000 ALTER TABLE `song` ENABLE KEYS */;
UNLOCK TABLES;
/*!50003 SET @saved_cs_client      = @@character_set_client */ ;
/*!50003 SET @saved_cs_results     = @@character_set_results */ ;
/*!50003 SET @saved_col_connection = @@collation_connection */ ;
/*!50003 SET character_set_client  = utf8 */ ;
/*!50003 SET character_set_results = utf8 */ ;
/*!50003 SET collation_connection  = utf8_general_ci */ ;
/*!50003 SET @saved_sql_mode       = @@sql_mode */ ;
/*!50003 SET sql_mode              = 'STRICT_TRANS_TABLES,NO_AUTO_CREATE_USER,NO_ENGINE_SUBSTITUTION' */ ;
DELIMITER ;;
/*!50003 CREATE*/ /*!50017 DEFINER=`root`@`localhost`*/ /*!50003 TRIGGER update_album_when_song_inserted
AFTER INSERT ON song
FOR EACH ROW
BEGIN
    CALL update_album_length(NEW.album_id, 0, NEW.LENGTH);
    CALL update_album_song_count(NEW.album_id, 1);
END */;;
DELIMITER ;
/*!50003 SET sql_mode              = @saved_sql_mode */ ;
/*!50003 SET character_set_client  = @saved_cs_client */ ;
/*!50003 SET character_set_results = @saved_cs_results */ ;
/*!50003 SET collation_connection  = @saved_col_connection */ ;
/*!50003 SET @saved_cs_client      = @@character_set_client */ ;
/*!50003 SET @saved_cs_results     = @@character_set_results */ ;
/*!50003 SET @saved_col_connection = @@collation_connection */ ;
/*!50003 SET character_set_client  = utf8 */ ;
/*!50003 SET character_set_results = utf8 */ ;
/*!50003 SET collation_connection  = utf8_general_ci */ ;
/*!50003 SET @saved_sql_mode       = @@sql_mode */ ;
/*!50003 SET sql_mode              = 'STRICT_TRANS_TABLES,NO_AUTO_CREATE_USER,NO_ENGINE_SUBSTITUTION' */ ;
DELIMITER ;;
/*!50003 CREATE*/ /*!50017 DEFINER=`root`@`localhost`*/ /*!50003 TRIGGER update_album_and_playlist_when_song_updated
AFTER UPDATE ON song
FOR EACH ROW
BEGIN
    CALL update_album_length(NEW.album_id, OLD.LENGTH, NEW.LENGTH);
    CALL update_playlists_with_song(NEW.id);
END */;;
DELIMITER ;
/*!50003 SET sql_mode              = @saved_sql_mode */ ;
/*!50003 SET character_set_client  = @saved_cs_client */ ;
/*!50003 SET character_set_results = @saved_cs_results */ ;
/*!50003 SET collation_connection  = @saved_col_connection */ ;
/*!50003 SET @saved_cs_client      = @@character_set_client */ ;
/*!50003 SET @saved_cs_results     = @@character_set_results */ ;
/*!50003 SET @saved_col_connection = @@collation_connection */ ;
/*!50003 SET character_set_client  = utf8 */ ;
/*!50003 SET character_set_results = utf8 */ ;
/*!50003 SET collation_connection  = utf8_general_ci */ ;
/*!50003 SET @saved_sql_mode       = @@sql_mode */ ;
/*!50003 SET sql_mode              = 'STRICT_TRANS_TABLES,NO_AUTO_CREATE_USER,NO_ENGINE_SUBSTITUTION' */ ;
DELIMITER ;;
/*!50003 CREATE*/ /*!50017 DEFINER=`root`@`localhost`*/ /*!50003 TRIGGER update_album_when_song_deleted
BEFORE DELETE ON song
FOR EACH ROW
BEGIN
    CALL update_album_length(OLD.album_id, OLD.LENGTH, 0);
    CALL update_album_song_count(OLD.album_id, -1);
END */;;
DELIMITER ;
/*!50003 SET sql_mode              = @saved_sql_mode */ ;
/*!50003 SET character_set_client  = @saved_cs_client */ ;
/*!50003 SET character_set_results = @saved_cs_results */ ;
/*!50003 SET collation_connection  = @saved_col_connection */ ;

--
-- Table structure for table `song_featured_artists`
--

DROP TABLE IF EXISTS `song_featured_artists`;
/*!40101 SET @saved_cs_client     = @@character_set_client */;
/*!40101 SET character_set_client = utf8 */;
CREATE TABLE `song_featured_artists` (
  `song_id` int(11) NOT NULL,
  `artist_id` int(11) NOT NULL,
  PRIMARY KEY (`song_id`,`artist_id`),
  KEY `artist_id` (`artist_id`),
  CONSTRAINT `FKbheih9peptu94q465lyk954pt` FOREIGN KEY (`song_id`) REFERENCES `song` (`id`),
  CONSTRAINT `song_featured_artists_ibfk_1` FOREIGN KEY (`artist_id`) REFERENCES `artist` (`id`)
) ENGINE=InnoDB DEFAULT CHARSET=utf8;
/*!40101 SET character_set_client = @saved_cs_client */;

--
-- Dumping data for table `song_featured_artists`
--

LOCK TABLES `song_featured_artists` WRITE;
/*!40000 ALTER TABLE `song_featured_artists` DISABLE KEYS */;
INSERT INTO `song_featured_artists` VALUES (104,11),(112,11),(114,12),(121,13),(174,19),(197,22),(198,22),(199,22),(200,22),(201,22),(202,22),(198,23),(201,23),(211,26),(212,26),(278,36),(367,47),(578,70),(579,70),(580,70),(581,70),(582,70),(583,70),(812,91),(836,93),(838,94),(842,95);
/*!40000 ALTER TABLE `song_featured_artists` ENABLE KEYS */;
UNLOCK TABLES;

--
-- Table structure for table `song_files`
--

DROP TABLE IF EXISTS `song_files`;
/*!40101 SET @saved_cs_client     = @@character_set_client */;
/*!40101 SET character_set_client = utf8 */;
CREATE TABLE `song_files` (
  `song_id` int(11) NOT NULL,
  `quality` varchar(255) NOT NULL,
  `path` varchar(255) NOT NULL,
  PRIMARY KEY (`song_id`,`quality`),
  CONSTRAINT `song_files_ibfk_1` FOREIGN KEY (`song_id`) REFERENCES `song` (`id`)
) ENGINE=InnoDB DEFAULT CHARSET=utf8;
/*!40101 SET character_set_client = @saved_cs_client */;

--
-- Dumping data for table `song_files`
--

LOCK TABLES `song_files` WRITE;
/*!40000 ALTER TABLE `song_files` DISABLE KEYS */;
INSERT INTO `song_files` VALUES (1,'BEST','static/songs/09058397-6352-4b50-9bb2-ce56fae65dac.mp3'),(1,'WORST','static/songs/98da79d5-4c4d-433d-87c9-d9de10efdf94.mp3'),(2,'BEST','static/songs/da28b35e-e4f6-44ea-87a8-f04448980c6e.mp3'),(2,'WORST','static/songs/52d5579f-1519-4ded-bcdc-3ecc17fdc8aa.mp3'),(3,'BEST','static/songs/efadecc1-03e6-4042-86c6-9df729417287.mp3'),(3,'WORST','static/songs/8148a937-17bc-4414-9cf6-55c3d711caab.mp3'),(4,'BEST','static/songs/790c256d-0e39-4fa8-935f-8d4ad0f5ea8c.mp3'),(4,'WORST','static/songs/1e4bd128-4d06-459e-9667-5bcfe785fecf.mp3'),(5,'BEST','static/songs/7124b326-9a7c-4388-964e-eebb3b861af1.mp3'),(5,'WORST','static/songs/7164e094-764b-4198-9941-e3d078e6415f.mp3'),(6,'BEST','static/songs/d3e654a2-d165-4742-ae30-bc0a082ceace.mp3'),(6,'WORST','static/songs/b5c4f6ce-a407-49c8-afbc-e038a6b18eda.mp3'),(7,'BEST','static/songs/3acc3b3a-d4e3-4718-822e-fc818abc63d1.mp3'),(7,'WORST','static/songs/639c65e7-1739-48e4-989a-8eef3fa42a1f.mp3'),(8,'BEST','static/songs/5e7a5ae3-c4d0-4b3a-856e-f322bd968a65.mp3'),(8,'WORST','static/songs/63431e26-124f-46c1-89d0-b0ff55f068b7.mp3'),(9,'BEST','static/songs/54b33f26-4253-43d9-b953-aff8d4896e07.mp3'),(9,'WORST','static/songs/16893e69-d0e9-417f-8abd-243e31c54dda.mp3'),(10,'BEST','static/songs/e98e2e50-2e8e-47c2-a16e-f3456659f0c6.mp3'),(10,'WORST','static/songs/b92b332b-0752-4e2a-8854-e3ff6d02eb5e.mp3'),(11,'BEST','static/songs/cb5906d6-6d70-42ca-9dc7-36997d555ebf.mp3'),(11,'WORST','static/songs/019b8294-244e-48e7-aacb-717bc00268e9.mp3'),(12,'BEST','static/songs/8676d220-b875-417b-9adb-74153374ce1e.mp3'),(12,'WORST','static/songs/14b5e063-fd6a-49fe-b7db-bd02c5671319.mp3'),(13,'BEST','static/songs/16fe2214-8487-47e2-917b-12bc7a3b8679.mp3'),(13,'WORST','static/songs/caaad946-85f8-47f8-89e8-c1e0fb567835.mp3'),(14,'BEST','static/songs/4ddd5622-7082-4905-ab6b-f4e0dd03573f.mp3'),(14,'WORST','static/songs/81fd60a7-effc-4788-a303-e31aaae25786.mp3'),(15,'BEST','static/songs/07c13ca0-3172-4272-8d43-b731c856fa4e.mp3'),(15,'WORST','static/songs/c49af3a6-d920-4a4a-b7a4-4f2e1de847cb.mp3'),(16,'BEST','static/songs/1ce421b1-fc3e-4d00-a6b6-862455a2bdf3.mp3'),(16,'WORST','static/songs/ceaacb5e-f8e8-4659-8d83-998f3c9029e0.mp3'),(17,'BEST','static/songs/b923761b-2098-4e31-86b3-a99e9a99702e.mp3'),(17,'WORST','static/songs/468d8368-f52c-45c7-a1a2-5f55c9a6ed50.mp3'),(18,'BEST','static/songs/b0269c21-e1d7-4e79-8657-f3fc7acc3795.mp3'),(18,'WORST','static/songs/ea652de5-33de-4f7c-9809-c542d3f96c86.mp3'),(19,'BEST','static/songs/ad2cfc17-6ae0-4398-a266-516440ba7c5d.mp3'),(19,'WORST','static/songs/f5bb9bbe-db4f-4425-83c5-454d4de0fc2e.mp3'),(20,'BEST','static/songs/c5fd60d2-9df9-4b37-bd8c-def7c9e8323d.mp3'),(20,'WORST','static/songs/b9fd0e21-c737-406c-86a7-3de6ef9e853f.mp3'),(21,'BEST','static/songs/1294d10b-b78d-48e6-83fb-4c61cb94c9f8.mp3'),(21,'WORST','static/songs/3eb056a3-0578-4e33-a8d3-6405638d49af.mp3'),(22,'BEST','static/songs/7703155c-b253-4711-87a7-ec680c59eb7d.mp3'),(22,'WORST','static/songs/e7fee835-0b88-4cdc-a3c0-f0ed8148aa1b.mp3'),(23,'BEST','static/songs/35a2bfcf-a8c3-429d-9693-e79c6395e79e.mp3'),(23,'WORST','static/songs/1406a18e-91e9-4aae-a375-2a9c17b75a13.mp3'),(24,'BEST','static/songs/bab73d9e-f00e-4679-8f4c-edf253967383.mp3'),(24,'WORST','static/songs/98b1e6b5-26de-45cc-8801-ec24168ff341.mp3'),(25,'BEST','static/songs/a2d9f64d-ba14-4f2c-a891-45c422d73523.mp3'),(25,'WORST','static/songs/51c25613-4e12-4d63-ae6c-366aa21e9114.mp3'),(26,'BEST','static/songs/a9308a9f-3d50-489e-9e03-6acc233aaefd.mp3'),(26,'WORST','static/songs/db7186e4-4e08-4fa0-b79a-58e92ad115e8.mp3'),(27,'BEST','static/songs/c3159b84-a4aa-497c-8be9-94dcbd6baabb.mp3'),(27,'WORST','static/songs/e6f09f71-c6a1-4de3-ac6e-f14d1456847d.mp3'),(28,'BEST','static/songs/b03348f0-a2ef-4d7a-bbf1-5e21a94a47b1.mp3'),(28,'WORST','static/songs/478ac5f6-434c-4786-8f75-ab9bbb3d55a9.mp3'),(29,'BEST','static/songs/29c73166-f456-4876-9df8-6f411b7b8817.mp3'),(29,'WORST','static/songs/f11f6896-c131-4b4f-b3ac-2fdd400f6a82.mp3'),(30,'BEST','static/songs/20f6067f-03b2-4dfc-85e1-9dc7d70052da.mp3'),(30,'WORST','static/songs/28bbb31a-46c2-4038-8d2c-6171a019beef.mp3'),(31,'BEST','static/songs/e0c1a61d-5745-42c4-9822-11473224d455.mp3'),(31,'WORST','static/songs/699be475-f7c4-43be-a931-e66c58f5ca6b.mp3'),(32,'BEST','static/songs/d8209e3b-901d-4f33-b5f6-cf8a919128c8.mp3'),(32,'WORST','static/songs/c4fbc7dc-fafd-4a1d-872d-e40ecfc90ac9.mp3'),(33,'BEST','static/songs/acde969e-8272-4b1d-9692-50cfce3cd0c4.mp3'),(33,'WORST','static/songs/17d46028-8821-4be7-a224-b0aa19a0ef9c.mp3'),(34,'BEST','static/songs/d7fccb9a-75c7-45bc-87c2-bffe5f48127c.mp3'),(34,'WORST','static/songs/15c69773-e276-4d5b-86d9-ffc69cca48d8.mp3'),(35,'BEST','static/songs/75f3ce3f-e30b-4cca-951e-459481864d53.mp3'),(35,'WORST','static/songs/3051be3b-5bea-4e59-953e-85e50c3428c2.mp3'),(36,'BEST','static/songs/9c160a46-8b32-4f87-9472-f9aa8c42f386.mp3'),(36,'WORST','static/songs/009e05d3-dff8-4e43-acba-f108362f6f91.mp3'),(37,'BEST','static/songs/bff6f88c-0881-47fa-980f-12fd78a343b6.mp3'),(37,'WORST','static/songs/8be25657-006f-4b4e-affc-a629187d9832.mp3'),(38,'BEST','static/songs/f2c5040b-acd3-4bf9-b121-1e58516c88b3.mp3'),(38,'WORST','static/songs/6fd9a7ff-f702-4525-917e-6c7bb49e4b93.mp3'),(39,'BEST','static/songs/64fd4b21-f1ea-465d-b195-1d206b6c5e92.mp3'),(39,'WORST','static/songs/107e1019-84ce-421d-bcff-cc75fa52fd5f.mp3'),(40,'BEST','static/songs/083bc97e-c5da-47e3-bc34-5e2322e37fc2.mp3'),(40,'WORST','static/songs/a08a7f0c-519b-4c65-80c9-eb1625cc519a.mp3'),(41,'BEST','static/songs/4a067fd0-682e-4220-be7a-03ff2cccbb28.mp3'),(41,'WORST','static/songs/ec94831c-72da-4406-aa54-0d49a8db7440.mp3'),(42,'BEST','static/songs/5a0f6bea-001a-47b1-b52b-b2fb94437230.mp3'),(42,'WORST','static/songs/c8978e42-cd39-460c-8339-6e37983e943f.mp3'),(43,'BEST','static/songs/5203e471-475f-4a15-81e2-0a4589900180.mp3'),(43,'WORST','static/songs/ca29b0d0-403f-414c-856f-00aaade61aa2.mp3'),(44,'BEST','static/songs/d025ba79-1cbc-4e29-a2c0-c293e1614692.mp3'),(44,'WORST','static/songs/efbc30e7-e8d5-4b17-b4e6-4b39ed61a3d2.mp3'),(45,'BEST','static/songs/fcbcfeba-b566-44de-8908-aa002c888324.mp3'),(45,'WORST','static/songs/b4d6d2bf-9750-4e82-af19-0711b36aeaed.mp3'),(46,'BEST','static/songs/9e1d85df-c665-40cd-8da0-77e686fe77b7.mp3'),(46,'WORST','static/songs/e47320c4-3745-448c-9c9a-a15557470b0c.mp3'),(47,'BEST','static/songs/a892a5d7-6800-425f-b2ec-d49d19c1bdcd.mp3'),(47,'WORST','static/songs/ad0c79c1-7127-4ef9-804c-bf85c8802d50.mp3'),(48,'BEST','static/songs/367c8261-9964-4bd0-a813-17bbf8b5cdf6.mp3'),(48,'WORST','static/songs/ad7ab263-cfc1-4bed-992d-725b4a307f75.mp3'),(49,'BEST','static/songs/551ca7d3-6246-4bb0-9775-c24854e45ad9.mp3'),(49,'WORST','static/songs/8817fe29-05c8-452d-85a3-00c44b5f2145.mp3'),(50,'BEST','static/songs/54d076b6-8914-4e78-8492-a9ee5cc4de26.mp3'),(50,'WORST','static/songs/5ac5b7d0-f5ed-42a0-a890-16780a092348.mp3'),(51,'BEST','static/songs/ed72a3cc-80ac-47cd-b081-44682bcbcb6c.mp3'),(51,'WORST','static/songs/8e5def9e-60a7-46c4-8fdd-476178f78655.mp3'),(52,'BEST','static/songs/a8649865-add6-4756-b5bc-dd5b7796a1c0.mp3'),(52,'WORST','static/songs/239ffb3b-cc41-4abf-ab4b-7dfea86ca980.mp3'),(53,'BEST','static/songs/fca63d31-8cb2-4e89-9b8c-6d375df8ff0d.mp3'),(53,'WORST','static/songs/86d43ea7-89ce-45fc-b843-3e2a8180ab8b.mp3'),(54,'BEST','static/songs/96c9f5b2-7308-4d7b-90ab-2085b8c14e0d.mp3'),(54,'WORST','static/songs/dffbd824-f2c3-4a8a-a432-822df9fe7b4a.mp3'),(55,'BEST','static/songs/9986548f-eb65-44a6-b1ab-531ce23c3f0c.mp3'),(55,'WORST','static/songs/b6cbbaf2-ef3e-4e60-a82f-cfabc0f673b1.mp3'),(56,'BEST','static/songs/45643f70-f121-4727-af2b-2cceba20c1b3.mp3'),(56,'WORST','static/songs/d28771eb-43ab-42aa-aa66-1f33d34ae1cf.mp3'),(57,'BEST','static/songs/9195a04c-e007-4e0a-8e75-fe174fa6d4bd.mp3'),(57,'WORST','static/songs/9f886218-a9c6-4878-95c4-7ff5518a05b0.mp3'),(58,'BEST','static/songs/199da2a6-393d-4611-8e53-03962217f49a.mp3'),(58,'WORST','static/songs/059171c0-7262-4331-900d-6cabe94a2158.mp3'),(59,'BEST','static/songs/659d547a-9163-41da-b05d-c375f0f52da0.mp3'),(59,'WORST','static/songs/d8f80ca4-bdb2-4049-9446-bed4a75c7aa4.mp3'),(60,'BEST','static/songs/280e4a01-6b67-47ca-a3d9-d40a9af6c607.mp3'),(60,'WORST','static/songs/688e4132-6624-4a39-bfa9-000f408f1956.mp3'),(61,'BEST','static/songs/2700845c-b42e-4586-8720-5c7a30c2816c.mp3'),(61,'WORST','static/songs/e6c03e17-ef1d-416a-a73c-252ab2eadf0f.mp3'),(62,'BEST','static/songs/a12f3c74-6800-4c00-9dfb-b580c7c664f3.mp3'),(62,'WORST','static/songs/9122436c-1d55-423c-bbb7-6cf99872227b.mp3'),(63,'BEST','static/songs/d9021b50-daf9-45fa-8be8-8b58ca676d6b.mp3'),(63,'WORST','static/songs/25f27b07-6583-45a6-b59d-e6deffbde126.mp3'),(64,'BEST','static/songs/fc6187cd-584f-4754-98f4-3e35fb72cf5f.mp3'),(64,'WORST','static/songs/aa324d3c-35f6-4aa0-8bb2-22f7027353af.mp3'),(65,'BEST','static/songs/70215667-3276-419b-ba77-041bba5e3cb5.mp3'),(65,'WORST','static/songs/85a188b8-2e11-4eea-a468-bf37e3fac8db.mp3'),(66,'BEST','static/songs/3004cee2-f279-4851-a931-611978867402.mp3'),(66,'WORST','static/songs/03c1cac2-8422-4eaa-b661-41cb4caf1c98.mp3'),(67,'BEST','static/songs/6a7655a7-e70b-4eb0-a90c-0d3c9e889586.mp3'),(67,'WORST','static/songs/28a5195d-d51b-46ac-a621-23c58d7ecf25.mp3'),(68,'BEST','static/songs/7d4a5a58-ea2c-4455-96bb-f8c12dfd4d41.mp3'),(68,'WORST','static/songs/b5788f46-c6f9-4d4a-b669-058689b98e95.mp3'),(69,'BEST','static/songs/f6b31150-ebda-43a8-af3a-cc4adf57fdb7.mp3'),(69,'WORST','static/songs/e24b24b5-fac8-42c1-b793-1addbd6cd135.mp3'),(70,'BEST','static/songs/af50d270-cc47-4d2d-8cf3-49f3036e8966.mp3'),(70,'WORST','static/songs/c7bff969-00d7-4dda-8fbf-824b6e43433f.mp3'),(71,'BEST','static/songs/d28e45a3-4290-42a3-befa-386c1477c060.mp3'),(71,'WORST','static/songs/427a7ed3-762a-4845-a898-31fe6c279949.mp3'),(72,'BEST','static/songs/696cfce8-57f4-459e-a61f-3fad34d80738.mp3'),(72,'WORST','static/songs/065c4194-540a-4e8f-aa03-c53a73b5dae5.mp3'),(73,'BEST','static/songs/b6529afc-ca44-4dfc-a0fe-00f37b4e834e.mp3'),(73,'WORST','static/songs/c2b7b690-6e4d-4a34-b1c4-9e4e1a468b27.mp3'),(74,'BEST','static/songs/7d3a22a6-b39a-4e6e-91e7-470631762349.mp3'),(74,'WORST','static/songs/4dc0b38d-7abd-488a-a6e0-da3545c490f7.mp3'),(75,'BEST','static/songs/b5c92fcf-3dc7-4734-bf03-4fff55552f07.mp3'),(75,'WORST','static/songs/56edc729-c74c-4b57-af5e-bcdc51c64f0c.mp3'),(76,'BEST','static/songs/95e928a9-0da7-4ba2-85b5-fff24cbdc0e3.mp3'),(76,'WORST','static/songs/4ef63e41-1c9f-493e-af91-1a7d2ee7d54a.mp3'),(77,'BEST','static/songs/caf18905-c8d3-4f13-b59e-8354b7fb1f8d.mp3'),(77,'WORST','static/songs/1ff03b41-5346-4ced-9552-44ab56c9c22f.mp3'),(78,'BEST','static/songs/5601a39d-fa52-4271-941c-0c0cb51f7846.mp3'),(78,'WORST','static/songs/c4f4ba1a-3c99-48f8-8d7e-9c03869d8830.mp3'),(79,'BEST','static/songs/0849b9a2-bf0c-4285-aead-8adb78514c50.mp3'),(79,'WORST','static/songs/1abee845-2c96-4e9c-893f-23dd11518888.mp3'),(80,'BEST','static/songs/3e010e64-a033-4dbf-b241-0d572771c293.mp3'),(80,'WORST','static/songs/38e169a3-2566-467f-bbbd-9081cf70f4bf.mp3'),(81,'BEST','static/songs/27ea33e6-8ded-435f-b5a2-65440ce76652.mp3'),(81,'WORST','static/songs/db9d9c14-dba3-4559-82f0-286b36bb6452.mp3'),(82,'BEST','static/songs/d360c7af-ecfb-44bf-903d-dd6030daee89.mp3'),(82,'WORST','static/songs/da98d864-caa2-4b16-8727-bb323c6e8669.mp3'),(83,'BEST','static/songs/929b7089-e166-4627-abb5-0dce3dc7a718.mp3'),(83,'WORST','static/songs/993fe72a-124c-4241-8b5a-e518f7691ea2.mp3'),(84,'BEST','static/songs/3e174e93-fe4f-4aa1-a75e-7c4e7bdd04ab.mp3'),(84,'WORST','static/songs/91fa0dd1-12f5-43b3-ac53-4075ad5734e4.mp3'),(85,'BEST','static/songs/c8aaa673-dbfc-4f68-91ab-ebbbdf427d44.mp3'),(85,'WORST','static/songs/6106649f-1716-4b6b-b995-c828a04fdaac.mp3'),(86,'BEST','static/songs/6296a11a-2511-4e90-9b60-5897ad50bd96.mp3'),(86,'WORST','static/songs/77a54e37-942a-44c9-8333-6a47eaff241d.mp3'),(87,'BEST','static/songs/27331310-43ef-4fa6-89b1-5148c4570b3e.mp3'),(87,'WORST','static/songs/78ed79a8-3adb-442e-967d-16da1defe319.mp3'),(88,'BEST','static/songs/559b5fb1-1bad-4ae9-a7a0-652f781ea5fb.mp3'),(88,'WORST','static/songs/74be495c-271b-4557-bf14-863f1a8facdf.mp3'),(89,'BEST','static/songs/92c0df8a-230c-4c97-a386-005bc1d7a810.mp3'),(89,'WORST','static/songs/d7903b4b-3235-48be-b911-2108179d351f.mp3'),(90,'BEST','static/songs/ae50028a-2408-4c75-b45c-9b1ee39ac5d6.mp3'),(90,'WORST','static/songs/bf0f8c9b-79c6-4168-9c0f-aa0fdfd0d213.mp3'),(91,'BEST','static/songs/fcc74310-25e6-4315-a827-8dc41d9b31fa.mp3'),(91,'WORST','static/songs/ff91346c-5dd3-48c3-87ae-2ec2faf0630e.mp3'),(92,'BEST','static/songs/cdbf2980-e34c-47dd-a30c-5e87247728de.mp3'),(92,'WORST','static/songs/ae9dc7f6-3725-483a-bf4b-5e8eee6c102d.mp3'),(93,'BEST','static/songs/4d6bfa81-b4df-4010-aa3d-0d407b44876c.mp3'),(93,'WORST','static/songs/ab2fdd84-da12-446e-9d96-42481927475b.mp3'),(94,'BEST','static/songs/05d09c8b-db67-4880-9820-ee3874d44ec7.mp3'),(94,'WORST','static/songs/8b16a788-cc55-44a3-a107-4109c3562e03.mp3'),(95,'BEST','static/songs/82356a8e-2e23-416d-84a7-3f33c545df5f.mp3'),(95,'WORST','static/songs/2d0ee1db-64d5-4e8b-ac54-0515f4b5c503.mp3'),(96,'BEST','static/songs/3cb4df7e-0d4b-44ca-9672-65b09a4756a2.mp3'),(96,'WORST','static/songs/20568269-723a-499a-936c-131678c67557.mp3'),(97,'BEST','static/songs/5bf00541-a87f-40e1-85e7-22d5e1e0f418.mp3'),(97,'WORST','static/songs/0b84d27e-83c7-490c-bbc2-13476dcfddd7.mp3'),(98,'BEST','static/songs/1a672136-1b6b-4feb-9a8c-30ed5b1c0c35.mp3'),(98,'WORST','static/songs/9b2c88bf-6ee0-4f54-bfae-e7c54a5ae3a3.mp3'),(99,'BEST','static/songs/9967d0e6-3a20-4392-97a0-3200c6ca51dc.mp3'),(99,'WORST','static/songs/b7b6897e-4dfe-4901-aefd-8988ae2b2754.mp3'),(100,'BEST','static/songs/72606a82-5411-467c-a3e7-f5ef83126b06.mp3'),(100,'WORST','static/songs/45e105c3-5d39-4448-8990-2fb6b9fa4f80.mp3'),(101,'BEST','static/songs/e9fc1748-95bd-4a11-bebc-825e165a98dc.mp3'),(101,'WORST','static/songs/3cf5f481-bce6-4130-8bbd-35d79e7be3f2.mp3'),(102,'BEST','static/songs/4bde8c0a-834f-4b24-baa7-860e720efcaf.mp3'),(102,'WORST','static/songs/e27464b4-a0b9-45df-be37-60a9c7569764.mp3'),(103,'BEST','static/songs/a91fa2a9-16e6-44fe-9b82-8c23a97d2738.mp3'),(103,'WORST','static/songs/261ae41f-2faf-41b8-a417-b327691488b9.mp3'),(104,'BEST','static/songs/eb683239-5d69-48f6-98a4-c5761b7cea1b.mp3'),(104,'WORST','static/songs/7c77f1f7-54d6-40f2-b5bd-72232173b13f.mp3'),(105,'BEST','static/songs/b296f5fe-6b81-4780-be40-68d509a42324.mp3'),(105,'WORST','static/songs/9bf95f99-884f-4c1c-8177-a7f1dfb3ee50.mp3'),(106,'BEST','static/songs/cca57b73-07ab-4747-b7f4-42820c6047ee.mp3'),(106,'WORST','static/songs/47ec70dd-fe61-48f0-b0d6-69d3fe03b47a.mp3'),(107,'BEST','static/songs/1fc4a228-2721-48c7-9be7-5df3504468d7.mp3'),(107,'WORST','static/songs/b2e74411-1a9e-4a05-a1f8-4c47dbb801b6.mp3'),(108,'BEST','static/songs/acacdc70-bdfb-4a28-a5f9-f2d09fccd788.mp3'),(108,'WORST','static/songs/60b1ab7b-fcc3-4785-aef4-aa3b0aa83a05.mp3'),(109,'BEST','static/songs/4f32acd9-b4dd-4d60-80ba-35b0dcee12fc.mp3'),(109,'WORST','static/songs/b4f0672a-6134-4b4c-abc0-c1473098b6c6.mp3'),(110,'BEST','static/songs/26e31906-5a59-4592-8836-59b939c2abc9.mp3'),(110,'WORST','static/songs/4a4cc12a-f7bc-4dd4-987c-df06d736c9b4.mp3'),(111,'BEST','static/songs/a63bae00-cf98-4262-908e-cfb030219a00.mp3'),(111,'WORST','static/songs/7b094dfb-237e-4924-8e3b-c66eb16dc055.mp3'),(112,'BEST','static/songs/a15ce976-5416-45ae-b562-59d6cd375a2f.mp3'),(112,'WORST','static/songs/6d3ebef8-0480-4b91-8245-ab772d9d5828.mp3'),(113,'BEST','static/songs/7b3974b9-da38-4eb9-a1eb-78049e29881f.mp3'),(113,'WORST','static/songs/2863843e-e124-40e7-a4ae-8d7f3a816bbe.mp3'),(114,'BEST','static/songs/6e5e6572-22cb-4fc7-af29-04a33651783d.mp3'),(114,'WORST','static/songs/fa9e305a-e4a4-4c7b-8694-fc0cc25757ce.mp3'),(115,'BEST','static/songs/a72acece-2846-44e9-a4dc-42b0dc4797fc.mp3'),(115,'WORST','static/songs/c97330a7-53f9-4f61-8a35-80e3050ca5dd.mp3'),(116,'BEST','static/songs/212303bf-906a-41d3-9f8b-bec152367311.mp3'),(116,'WORST','static/songs/dec8ebea-4c88-4919-82d5-d999779b117f.mp3'),(117,'BEST','static/songs/e95bba9f-71aa-481d-80a0-f567cdcebc4f.mp3'),(117,'WORST','static/songs/10404822-35b4-4aa4-aedd-5b108def1a03.mp3'),(118,'BEST','static/songs/2bd65f19-0f00-42c5-a149-b982749fb9c2.mp3'),(118,'WORST','static/songs/f4c59bfe-6c0b-4e86-a7a7-f12acf9d2405.mp3'),(119,'BEST','static/songs/23609e3b-c7d2-434b-a954-670f15e3f8c0.mp3'),(119,'WORST','static/songs/a876ff60-d040-489f-890c-3de93c8d49cd.mp3'),(120,'BEST','static/songs/dcbda5c3-91f4-4d3b-b9a9-35905cbb0753.mp3'),(120,'WORST','static/songs/4b1b9852-33f9-4801-a82c-a43e7cb4e7b1.mp3'),(121,'BEST','static/songs/7d62115a-393b-4ca7-bc40-d6e0a631a340.mp3'),(121,'WORST','static/songs/ed19ef3d-fef9-419a-b14a-73afea80b4d2.mp3'),(122,'BEST','static/songs/ac6eb701-0baa-4b54-82f9-a05a25195b4c.mp3'),(122,'WORST','static/songs/9be8998f-9596-4275-a9d1-ce553b83a4a1.mp3'),(123,'BEST','static/songs/c2548489-28cd-4d33-984b-a435666a31e5.mp3'),(123,'WORST','static/songs/f8790cb4-6ffa-4e88-bedc-95804eb107cc.mp3'),(124,'BEST','static/songs/f8148da5-6b64-4d40-9c27-8c689bd41da9.mp3'),(124,'WORST','static/songs/ec714462-9337-49a8-8174-7cfd5afe46c0.mp3'),(125,'BEST','static/songs/87fb5dd9-a60d-4b25-a077-eb9ea992b124.mp3'),(125,'WORST','static/songs/a63967db-60dd-449b-8b8d-5942492248f3.mp3'),(126,'BEST','static/songs/299a56b3-6996-4ee8-903b-aab786eca1e8.mp3'),(126,'WORST','static/songs/5883f59b-9d53-4bf0-a79e-4726976ed827.mp3'),(127,'BEST','static/songs/610f194a-e2f5-44ea-87e5-aec213942ca1.mp3'),(127,'WORST','static/songs/953a2e39-26eb-4b3e-bc4c-f3578d858905.mp3'),(128,'BEST','static/songs/7c941824-6fd7-4375-a92e-aa5717a9a027.mp3'),(128,'WORST','static/songs/f74935f4-db9a-45ed-993b-a57406aec35d.mp3'),(129,'BEST','static/songs/15453847-5743-4347-8f83-bf2c3a10cfa5.mp3'),(129,'WORST','static/songs/22336484-64ce-49a1-9a06-faa295e46cd7.mp3'),(130,'BEST','static/songs/c923c25e-a93b-46d0-9e81-c2caa9e11efc.mp3'),(130,'WORST','static/songs/cf12cd10-6170-4aa1-b5f0-a73c9c2fd9eb.mp3'),(131,'BEST','static/songs/c38e425c-968d-4d29-a064-4563d3d9c447.mp3'),(131,'WORST','static/songs/b3f86126-de4f-49a0-9c83-a41bff433e9b.mp3'),(132,'BEST','static/songs/507a06e5-0a95-4bcb-817a-fd7421b9ca63.mp3'),(132,'WORST','static/songs/772d2b59-6936-4ffb-ab1c-259e8201a00a.mp3'),(133,'BEST','static/songs/36ee52b2-0174-4859-8198-051f00d579da.mp3'),(133,'WORST','static/songs/7f8d4671-6a69-43c7-a6ab-c5b6d6b84000.mp3'),(134,'BEST','static/songs/be32beca-0ece-4d4b-8192-827622a17309.mp3'),(134,'WORST','static/songs/a23e941f-a8a7-4f8c-bc27-35d43215a096.mp3'),(135,'BEST','static/songs/4ff7de59-f842-47b1-a51a-cb1516a59cf5.mp3'),(135,'WORST','static/songs/550a5545-1381-49e1-af38-61ea6557d01f.mp3'),(136,'BEST','static/songs/3bcd80fd-8ef1-460a-8bdc-46240b4a883a.mp3'),(136,'WORST','static/songs/68d81e9e-d7e8-4252-8fed-bc32d90a6583.mp3'),(137,'BEST','static/songs/edda2da5-4f3a-4d06-b801-5d08a15e0204.mp3'),(137,'WORST','static/songs/085a563e-ce79-4dc4-aac0-11d920775644.mp3'),(138,'BEST','static/songs/02623870-2795-4c22-88e3-cfea88e2a37d.mp3'),(138,'WORST','static/songs/e547329d-8947-41b3-852f-40c9f6937451.mp3'),(139,'BEST','static/songs/6a851130-4ad0-4671-9b60-54c23efce48a.mp3'),(139,'WORST','static/songs/b6903880-5d88-48fa-98ed-2da8cf169141.mp3'),(140,'BEST','static/songs/70661210-30a9-4014-afc6-46e7d220ddf0.mp3'),(140,'WORST','static/songs/ed1757fc-7273-41c1-80f0-48ca1cefd302.mp3'),(141,'BEST','static/songs/2538f795-ec0a-4486-8c38-1b4952d1a3f3.mp3'),(141,'WORST','static/songs/18eac23c-60f9-4f11-abcb-3a3d64da2e2c.mp3'),(142,'BEST','static/songs/e694df07-8c89-41ec-8138-643e300fdecb.mp3'),(142,'WORST','static/songs/18c5228e-01e4-4224-800c-48116d472b67.mp3'),(143,'BEST','static/songs/389e993b-c4fd-4d4d-bfc6-052509020081.mp3'),(143,'WORST','static/songs/6258ba82-a782-439b-92c7-2809aafae504.mp3'),(144,'BEST','static/songs/68cae508-0c61-4213-9108-8fd79a4fa0b9.mp3'),(144,'WORST','static/songs/a8998c19-a616-430e-8dd6-83be25cb2c00.mp3'),(145,'BEST','static/songs/10b32e02-f6af-4c44-be88-a9cab2c0ec6f.mp3'),(145,'WORST','static/songs/5b9a7342-21da-4150-bedb-47390690a49b.mp3'),(146,'BEST','static/songs/83069fb2-5a77-469b-8772-744fc6d56c57.mp3'),(146,'WORST','static/songs/9ce05607-305a-4dcf-999e-0239401963d2.mp3'),(147,'BEST','static/songs/1036e13c-e1c3-40f5-8ca3-ab29d87b9cbd.mp3'),(147,'WORST','static/songs/ee8f7945-c78a-45a1-8e22-d2ef5d8cd59d.mp3'),(148,'BEST','static/songs/e6b6f2c9-0440-40c0-8be9-8d6b2d1e4f7a.mp3'),(148,'WORST','static/songs/dc7179f3-6de1-4b0e-96d5-3d5c09276628.mp3'),(149,'BEST','static/songs/83801469-2002-477b-b709-f23178708e2d.mp3'),(149,'WORST','static/songs/ffcc4e07-9fca-4f1c-8c18-679aeca097b9.mp3'),(150,'BEST','static/songs/ec67998b-0659-47a6-a068-0499de2b3552.mp3'),(150,'WORST','static/songs/ff31c5fa-5f0c-4ca9-afa3-ae7a2921b1c8.mp3'),(151,'BEST','static/songs/2327d3b0-ca30-46b2-92c0-31aa4d0a4b7a.mp3'),(151,'WORST','static/songs/f33cef5f-bc23-4c2c-9aa9-000a9937829e.mp3'),(152,'BEST','static/songs/739fdac6-59a2-4732-88ed-1db65f0997f3.mp3'),(152,'WORST','static/songs/dfb78349-9911-4231-8d60-349bafb6de68.mp3'),(153,'BEST','static/songs/5cd578d0-a683-4ee0-ac46-a1fb8b1d87a1.mp3'),(153,'WORST','static/songs/4e923ca9-dd81-46d7-b4a7-ced91c77f44f.mp3'),(154,'BEST','static/songs/cffdf601-ba03-4c2c-965e-6abd3eaa526d.mp3'),(154,'WORST','static/songs/f7480255-8543-4507-b722-3e2c4f721dd2.mp3'),(155,'BEST','static/songs/0f573e22-b18f-4541-a86c-3e37227fb0bb.mp3'),(155,'WORST','static/songs/a1392246-5d25-477c-9d21-5fb0c32c75bd.mp3'),(156,'BEST','static/songs/ffcc4226-7f77-47ef-85d7-2a67d3dbca1f.mp3'),(156,'WORST','static/songs/d853829d-ed5d-4c61-a90a-ac189a11c374.mp3'),(157,'BEST','static/songs/fc6d5de5-376b-4f01-b15a-3cc8346d83d3.mp3'),(157,'WORST','static/songs/8dfb8122-5882-47cd-b780-c089c9f3de80.mp3'),(158,'BEST','static/songs/e05653e7-7510-45af-a215-18a598f9a4b3.mp3'),(158,'WORST','static/songs/a603e769-ab18-439f-a9e0-b1ead865799e.mp3'),(159,'BEST','static/songs/74edf6a3-7ec5-4d2b-b09d-f4626e814059.mp3'),(159,'WORST','static/songs/c4303db9-0b88-4914-b482-70811522331b.mp3'),(160,'BEST','static/songs/4233591a-adc3-44c7-b821-441d16bbab25.mp3'),(160,'WORST','static/songs/7f353ba9-ac78-4db2-af96-9b2523b33541.mp3'),(161,'BEST','static/songs/315b34f3-7764-4390-8666-45485eef2eb0.mp3'),(161,'WORST','static/songs/51388697-964c-44ad-b903-a56bc00beefc.mp3'),(162,'BEST','static/songs/ae57a481-a7b2-456e-a913-6e4904976ef7.mp3'),(162,'WORST','static/songs/b0f2d2f9-3b29-4b2c-a17c-2fed025fbf74.mp3'),(163,'BEST','static/songs/688f9ce7-cfc0-4cd0-9300-958cf56544f9.mp3'),(163,'WORST','static/songs/3b94593b-12f8-489c-8a8d-4ed484f7f3d0.mp3'),(164,'BEST','static/songs/9c8d20da-80a7-4c11-ad54-b0f1ef8270e7.mp3'),(164,'WORST','static/songs/4188a501-79c8-4119-a911-c89e0f869aa9.mp3'),(165,'BEST','static/songs/fb98ac13-d2ce-4fa5-83bc-b216467ef7b2.mp3'),(165,'WORST','static/songs/78e11ddc-62f9-4cdc-8388-8414efdefba9.mp3'),(166,'BEST','static/songs/fdfe0022-67eb-4cb3-9b01-d18649672899.mp3'),(166,'WORST','static/songs/876aac24-41fd-4b44-95d5-6cdbea7f6c17.mp3'),(167,'BEST','static/songs/8187f2f3-ae31-45cc-ab90-7d8fa5913d16.mp3'),(167,'WORST','static/songs/c00c198a-3691-4af4-979f-6d4e28d622ed.mp3'),(168,'BEST','static/songs/d18a10da-0b84-4b03-aa83-1f5908a75243.mp3'),(168,'WORST','static/songs/197cb20f-3832-4282-9129-1ecc27a647c2.mp3'),(169,'BEST','static/songs/646951cc-fcdc-4808-9e4b-4d7cb73acb34.mp3'),(169,'WORST','static/songs/701d9084-49f2-4e28-847a-9aebf3f51c60.mp3'),(170,'BEST','static/songs/fdef4ef6-e18a-4312-b38d-4824bd27d96d.mp3'),(170,'WORST','static/songs/0dbee3bd-e102-440b-b7fc-f40efb9976dd.mp3'),(171,'BEST','static/songs/6b0557a3-c33d-4d34-8a40-1395beaaad4d.mp3'),(171,'WORST','static/songs/161cb133-3047-4d3b-9b37-b7d79fc6a967.mp3'),(172,'BEST','static/songs/46bd6dbb-6fb9-43d1-b10d-d537d8d23d0e.mp3'),(172,'WORST','static/songs/cefcd5ae-3fc4-46a2-98fc-34dd5050ff13.mp3'),(173,'BEST','static/songs/17722bf1-2dda-47c5-be6c-dd3963b5a8bc.mp3'),(173,'WORST','static/songs/92045dc5-1b4c-4e8d-9820-aa730f901ca6.mp3'),(174,'BEST','static/songs/ce0abb1e-df76-46d7-be05-6aea001e471e.mp3'),(174,'WORST','static/songs/fdbcf50c-a9eb-4fcd-be47-a16145c6dbac.mp3'),(175,'BEST','static/songs/77b89a12-6087-4fe1-ba1a-cc1db8facbdd.mp3'),(175,'WORST','static/songs/a00e6828-5e78-4c44-ad25-591a58846ad7.mp3'),(176,'BEST','static/songs/2295a55c-49a3-4f6b-ace0-0a9f1e55575a.mp3'),(176,'WORST','static/songs/8d15a970-9c64-4f03-8eb4-0498bb1a8de1.mp3'),(177,'BEST','static/songs/db958bdf-a6e8-4f35-97b3-4a07083b3990.mp3'),(177,'WORST','static/songs/cad08241-4ade-4d9b-aec6-390add29537b.mp3'),(178,'BEST','static/songs/de204010-129d-4842-91d3-02416642405a.mp3'),(178,'WORST','static/songs/e0bc8b40-130c-4945-bdc9-eb27a0fd9e56.mp3'),(179,'BEST','static/songs/0d92829e-a547-4de4-a9fb-74632d11b5f4.mp3'),(179,'WORST','static/songs/dfe24245-7377-41cf-8a2a-14d0696f77a3.mp3'),(180,'BEST','static/songs/7e3f7e14-57b0-426f-b263-a0227cdd71fb.mp3'),(180,'WORST','static/songs/c57ed554-0ee7-405d-927e-c4c0d1c4acf5.mp3'),(181,'BEST','static/songs/58b8a970-3856-4e71-8f4a-8ed7c6a5d7e1.mp3'),(181,'WORST','static/songs/6d563074-7aca-4fa6-90ee-6902a4fdf7cc.mp3'),(182,'BEST','static/songs/8b971f51-7004-481e-aeeb-fa5c401562ff.mp3'),(182,'WORST','static/songs/b786f7cb-e37e-4c60-98f8-b45bc8b74ff9.mp3'),(183,'BEST','static/songs/7dd32e25-5814-4507-b6d8-1e7a9ca15a3e.mp3'),(183,'WORST','static/songs/1d900be1-9d45-4843-b7d5-b4c85c35ed28.mp3'),(184,'BEST','static/songs/b0386043-b30a-4e35-85b7-3049498c8e73.mp3'),(184,'WORST','static/songs/df0e08bb-4ab9-4eec-9455-46ca947f0fd7.mp3'),(185,'BEST','static/songs/56f4c8de-466f-4d93-b134-5b62d06ad6f7.mp3'),(185,'WORST','static/songs/4a32c917-be28-4adf-87ad-0455dc034494.mp3'),(186,'BEST','static/songs/b309fc56-df93-4e42-8b01-d3b752a94961.mp3'),(186,'WORST','static/songs/0e37c16e-686e-4e29-bda1-c8a76801e5f3.mp3'),(187,'BEST','static/songs/3865d427-4e23-4b24-8f45-4cad432142ff.mp3'),(187,'WORST','static/songs/f80efe7d-09b4-48a8-af24-d8ac32548d75.mp3'),(188,'BEST','static/songs/fbe5426b-4c71-4bff-a128-0b8d3c98bf9b.mp3'),(188,'WORST','static/songs/01c992a1-d0f5-4797-b1f4-168e9f47250e.mp3'),(189,'BEST','static/songs/ffcdc176-7316-4a5d-90ac-f560d496925d.mp3'),(189,'WORST','static/songs/c1673353-c6f8-48aa-a3b6-d1be68b5c6ca.mp3'),(190,'BEST','static/songs/1f65aed4-0cd8-4359-8df3-0a238c869bef.mp3'),(190,'WORST','static/songs/ce77502f-88fb-4a86-85be-d874e953cc61.mp3'),(191,'BEST','static/songs/b77bc07a-8f8b-460c-a4be-6d0715e49716.mp3'),(191,'WORST','static/songs/9ce8b35d-9f3f-4c90-9b01-1e83b188f04e.mp3'),(192,'BEST','static/songs/8afe65af-9020-4075-99c0-1396843b938a.mp3'),(192,'WORST','static/songs/5e8310db-c8e6-4699-b9b3-1add85bff8ab.mp3'),(193,'BEST','static/songs/1f9e5037-059c-40c5-9b6f-04825c0d5a45.mp3'),(193,'WORST','static/songs/e407fbe0-8569-4517-803f-7178ae96c24e.mp3'),(194,'BEST','static/songs/954654c2-981d-4cca-af4d-cd515414eaff.mp3'),(194,'WORST','static/songs/3d6c1704-6a77-49a3-b1ef-a3a4da1feb00.mp3'),(195,'BEST','static/songs/0303744a-3f2b-4d07-92d6-65a7248778aa.mp3'),(195,'WORST','static/songs/f1923d76-5218-4bb8-8150-1974352aef68.mp3'),(196,'BEST','static/songs/4e779737-732b-4b65-91a3-102a53ef6021.mp3'),(196,'WORST','static/songs/abd0cfba-3b82-4fed-a341-2c6639947e77.mp3'),(197,'BEST','static/songs/a3af842d-11b0-4914-8589-d116fd5e89c8.mp3'),(197,'WORST','static/songs/0c3bed55-8e5d-4b9c-b801-7423daca8059.mp3'),(198,'BEST','static/songs/bea36690-46b0-44dd-bc80-84b4a39f43df.mp3'),(198,'WORST','static/songs/5faf45fc-1fbb-41b3-b1d4-25d69ef8271d.mp3'),(199,'BEST','static/songs/1b87d68e-a9b8-4b61-89cb-ee7329a3d73d.mp3'),(199,'WORST','static/songs/4ec182b5-583b-47a5-a5e2-d83cd65a6fe9.mp3'),(200,'BEST','static/songs/cea87954-25b6-40e8-91f4-8b017f3246bf.mp3'),(200,'WORST','static/songs/bf904911-6db0-4939-821e-3b2198ca17c2.mp3'),(201,'BEST','static/songs/7c42b0e2-fa76-4116-8de4-9465ea1d8788.mp3'),(201,'WORST','static/songs/d2e9f660-19e7-4d61-b489-03cd9b72cd65.mp3'),(202,'BEST','static/songs/f88a56fc-5145-45af-9429-a973341d4285.mp3'),(202,'WORST','static/songs/d31b1206-c7cf-4cd8-8458-31b2b20e3d2f.mp3'),(203,'BEST','static/songs/ac474978-227b-4872-a064-63f425751e65.mp3'),(203,'WORST','static/songs/52c8a928-c9ff-44ae-a65c-9c322f572780.mp3'),(204,'BEST','static/songs/ac352fd4-90dd-4201-98e8-8b3869acdd45.mp3'),(204,'WORST','static/songs/03f99d10-36cf-4075-ac4a-c507e85eafb7.mp3'),(205,'BEST','static/songs/59694304-4c76-4005-9a78-c4d12f874798.mp3'),(205,'WORST','static/songs/0da7a2c8-8267-4a6b-a5b1-b0b796a8f9c4.mp3'),(206,'BEST','static/songs/b5058e46-9628-447b-a490-aa8bf9f378a7.mp3'),(206,'WORST','static/songs/a25d3aa1-10df-401d-9a4d-aa95fee27133.mp3'),(207,'BEST','static/songs/aa9ab696-e2af-4f7f-8162-675b66c5f8a8.mp3'),(207,'WORST','static/songs/f2f2ae6e-4cd2-4793-9261-1dba207638b5.mp3'),(208,'BEST','static/songs/1bd4813a-20f7-403c-b9cc-926466414ac2.mp3'),(208,'WORST','static/songs/e7af1324-bde4-4a2d-843f-8964ce8d3795.mp3'),(209,'BEST','static/songs/50884e70-2373-451a-a010-4f0b9cf54ea6.mp3'),(209,'WORST','static/songs/f61fb3df-ae6d-440e-b2a2-975232d7b581.mp3'),(210,'BEST','static/songs/83442a94-f51e-4690-82ab-27eeacad8716.mp3'),(210,'WORST','static/songs/80702cda-d92c-4df9-82c6-476774e3a680.mp3'),(211,'BEST','static/songs/19175ef4-5974-46bf-82d3-1c640b552bba.mp3'),(211,'WORST','static/songs/17e32b4b-d77e-46a2-a8a3-b0b0f71dc29f.mp3'),(212,'BEST','static/songs/99d9f3d6-d096-4281-a28f-b810ab3353f1.mp3'),(212,'WORST','static/songs/d1f3082d-6109-4c02-94ae-decdd00934de.mp3'),(213,'BEST','static/songs/9c27d3eb-caed-4da5-b670-83919cad5b24.mp3'),(213,'WORST','static/songs/de7822b7-6cee-4037-9a26-cd0cc7e07c28.mp3'),(214,'BEST','static/songs/ae5c98e9-9be3-44ed-b108-c4ab74dcb55f.mp3'),(214,'WORST','static/songs/6caae6f5-8b73-4330-afda-6179eeeb4777.mp3'),(215,'BEST','static/songs/642b8569-30be-46b5-b41c-e68c8f7a14d4.mp3'),(215,'WORST','static/songs/e13b2941-e8f2-462a-9031-6c5a050f3a9b.mp3'),(216,'BEST','static/songs/ca5d9736-20eb-490f-9c41-b251c5c5801f.mp3'),(216,'WORST','static/songs/e9eaef78-f4e8-4e04-8130-ba97088bce27.mp3'),(217,'BEST','static/songs/baf12857-ea63-48ee-beca-5eb03fcc0e8c.mp3'),(217,'WORST','static/songs/a0e69e6e-fe6f-4d04-9382-4a3287bf2e58.mp3'),(218,'BEST','static/songs/3630469c-6e46-42ce-8e7d-db15d8a952a8.mp3'),(218,'WORST','static/songs/39838409-943b-4cbd-b0d9-053b750b2491.mp3'),(219,'BEST','static/songs/411714ec-0130-43cc-925f-15688fd9c85a.mp3'),(219,'WORST','static/songs/cd09e63a-3200-4f07-b1d5-a47546246529.mp3'),(220,'BEST','static/songs/9eb8a16d-fb37-4117-9a6b-61d23754e33d.mp3'),(220,'WORST','static/songs/2ee84180-e577-4167-8768-e7a179ee9574.mp3'),(221,'BEST','static/songs/6e3bef8e-24df-4e3d-b9af-7549ed358f01.mp3'),(221,'WORST','static/songs/526f6924-0bb0-4fb7-89db-30f3155d92a0.mp3'),(222,'BEST','static/songs/bb3d1454-0966-4a8d-8d3a-41c052f73a09.mp3'),(222,'WORST','static/songs/caf1882e-fe63-42ab-adbf-d5fccbbabd85.mp3'),(223,'BEST','static/songs/8e54a9cc-afc3-4fb7-a7a3-fdef643cdbd6.mp3'),(223,'WORST','static/songs/9f0f6944-51ba-4ff4-9550-b00c946038f4.mp3'),(224,'BEST','static/songs/4552aabc-ff37-4ec2-945c-6cb26105ab23.mp3'),(224,'WORST','static/songs/b6e33de9-39c2-4d72-b526-5c66aafb9417.mp3'),(225,'BEST','static/songs/9428c804-60b5-422f-afda-04cb1582fb5f.mp3'),(225,'WORST','static/songs/03b25347-0702-4362-b339-b00416777b48.mp3'),(226,'BEST','static/songs/7c74f2c0-ec6e-461f-ad94-d76eecce4395.mp3'),(226,'WORST','static/songs/44c70f9c-1670-4824-9532-27717c59df2d.mp3'),(227,'BEST','static/songs/c65be95d-d118-452b-bb59-f495d4d15cbc.mp3'),(227,'WORST','static/songs/f8affb9c-d4e6-4b06-8482-b2d0f08e14f2.mp3'),(228,'BEST','static/songs/d3b68db2-c7fd-4e53-8d04-c7c9de4b1a38.mp3'),(228,'WORST','static/songs/a385bd83-83b9-4e14-91c9-dbd5ba490d3a.mp3'),(229,'BEST','static/songs/e80bede1-eeaf-41f4-b477-e2b965ee520d.mp3'),(229,'WORST','static/songs/388e54f4-e38f-42f3-be3c-45c3fd6afe85.mp3'),(230,'BEST','static/songs/7f10ff51-49cf-42a9-abba-186c4796c4d3.mp3'),(230,'WORST','static/songs/c9989f28-b3ef-449f-926f-43f3d1469533.mp3'),(231,'BEST','static/songs/de25870e-f38e-4f8f-8e17-6e2d5e48b002.mp3'),(231,'WORST','static/songs/ece002ea-2003-4093-a091-b2e95879c24a.mp3'),(232,'BEST','static/songs/71ce792c-b586-4d83-abb2-ddf381643476.mp3'),(232,'WORST','static/songs/e219ee01-ecbf-444d-b4d5-698df50b6992.mp3'),(233,'BEST','static/songs/89d8e0aa-c836-47ea-b157-eb9cc409c570.mp3'),(233,'WORST','static/songs/e35d8a23-d0b0-4275-83b8-abaa97f96b63.mp3'),(234,'BEST','static/songs/e52a1b13-1681-4673-b330-688605112484.mp3'),(234,'WORST','static/songs/dc001e9e-ec47-4154-8b67-cd629e0f76ff.mp3'),(235,'BEST','static/songs/f4cc0de2-4135-40d2-9875-86d9104d7545.mp3'),(235,'WORST','static/songs/a57b605e-4b95-403a-abde-814f5f369f87.mp3'),(236,'BEST','static/songs/0855e743-44d3-4c4a-8f01-a6b073299ab8.mp3'),(236,'WORST','static/songs/ed61b8c2-346d-465b-b222-568fb7d3d9c1.mp3'),(237,'BEST','static/songs/e0ae4b97-6bdf-4a87-8d4d-d5eea462221f.mp3'),(237,'WORST','static/songs/24c26077-9c1d-487a-aa56-49b04324b18e.mp3'),(238,'BEST','static/songs/e9981960-8c2f-47c2-89d7-17b41f639810.mp3'),(238,'WORST','static/songs/a964bf14-6e10-4783-8d40-fa2e6761938c.mp3'),(239,'BEST','static/songs/762dd670-2f86-4784-ab69-50ebcc360dc7.mp3'),(239,'WORST','static/songs/97a20afa-7870-4b4b-81e5-b623f8d3441b.mp3'),(240,'BEST','static/songs/0583b349-2d0e-4a17-97b6-a8424ad26b47.mp3'),(240,'WORST','static/songs/406a026c-0cab-486c-83bd-27de7e63e9c6.mp3'),(241,'BEST','static/songs/254c5b72-bf8f-4da2-a8eb-c8b6c21938bb.mp3'),(241,'WORST','static/songs/3cc4bdee-a144-4f7d-906b-a3de1ceda31b.mp3'),(242,'BEST','static/songs/3a2e2711-f46e-4c9a-9363-0842112f5ffd.mp3'),(242,'WORST','static/songs/e18d980b-d489-4b0d-a424-19b7170a69a4.mp3'),(243,'BEST','static/songs/826b89bf-d0b4-4107-a1f8-0e998370a0d2.mp3'),(243,'WORST','static/songs/7e770853-d3a0-4026-b06d-8a2fa9c13ab7.mp3'),(244,'BEST','static/songs/1cf18555-0ea8-4b71-a509-94d1ae3657a4.mp3'),(244,'WORST','static/songs/9b484f81-4bba-4b73-9abf-9b24b108aa8c.mp3'),(245,'BEST','static/songs/307f6c70-a59c-40cd-9d33-af2de9544888.mp3'),(245,'WORST','static/songs/f7737e47-2494-472c-87fe-b3bea5a2dbf3.mp3'),(246,'BEST','static/songs/50db3d01-442a-4121-b200-58f84732df0c.mp3'),(246,'WORST','static/songs/fc4f5f13-4a24-45d6-aa7f-6291dad66740.mp3'),(247,'BEST','static/songs/b5d70a33-76fb-4e04-9b9c-2d1f975652f5.mp3'),(247,'WORST','static/songs/7fc227b6-58d0-41ee-8f84-57ce7af6bb79.mp3'),(248,'BEST','static/songs/50477c75-c5a1-4384-8583-c2e7bf60e6bf.mp3'),(248,'WORST','static/songs/a2ab3913-f510-41fe-81fb-23ca5b48b021.mp3'),(249,'BEST','static/songs/253180e6-30bd-4883-be9a-c9aedc46ae8c.mp3'),(249,'WORST','static/songs/243760dd-fc31-4f6e-880e-9b37de4cc8f5.mp3'),(250,'BEST','static/songs/e249e828-d855-411e-821c-5255d5aeda87.mp3'),(250,'WORST','static/songs/000237c3-c66a-474d-bc63-78e9f6ef623d.mp3'),(251,'BEST','static/songs/7840bd8f-6f3c-4414-920e-a9369e278c48.mp3'),(251,'WORST','static/songs/616e822a-93dd-4b51-b6c5-974e3d2930e5.mp3'),(252,'BEST','static/songs/f9dcab42-96dc-45f3-a95b-628bbaf8c5f8.mp3'),(252,'WORST','static/songs/cd14ea4b-dc79-462d-a775-ae70b35c3b8a.mp3'),(253,'BEST','static/songs/b3d6d2db-d2f7-4b80-bd4a-ce197d6469c8.mp3'),(253,'WORST','static/songs/4c411ebd-776b-4e5c-b616-919a0063d879.mp3'),(254,'BEST','static/songs/c0521aad-0d7c-43fd-822d-8cfac81ee473.mp3'),(254,'WORST','static/songs/91cd103f-9e9a-4512-975d-1ce15516df35.mp3'),(255,'BEST','static/songs/317ce1e4-f924-4ca1-9621-fbcaa6796738.mp3'),(255,'WORST','static/songs/6ae1d8d6-9988-45d1-8e8a-553d06510894.mp3'),(256,'BEST','static/songs/dd259e08-3d3c-4a63-ac6e-02ae0b37abd2.mp3'),(256,'WORST','static/songs/72a2c836-1cf4-4c9f-b286-c3883551627f.mp3'),(257,'BEST','static/songs/bea38166-4875-4a0e-98db-77f002096077.mp3'),(257,'WORST','static/songs/5b7a3f9d-61ea-42ec-b775-0cc411897259.mp3'),(258,'BEST','static/songs/e9b0d9a6-611e-46c5-b76f-a8465666ae9d.mp3'),(258,'WORST','static/songs/8b58d184-63ae-4a0a-8cc8-f39d5095541a.mp3'),(259,'BEST','static/songs/e00a9733-a3eb-4245-910d-8cd258d35a69.mp3'),(259,'WORST','static/songs/17cd411f-dbfb-44c2-8b06-9c0f96c65399.mp3'),(260,'BEST','static/songs/964fc9d5-620f-4572-a31f-7a99ae92c4b5.mp3'),(260,'WORST','static/songs/edb1f51f-551c-4768-ad2f-2dd794bc3b12.mp3'),(261,'BEST','static/songs/b3fe9e39-1aae-4395-9b30-c0f11a3055a6.mp3'),(261,'WORST','static/songs/d08fc8f0-8979-41b6-aff0-c8e1c7961cdf.mp3'),(262,'BEST','static/songs/59605043-2640-4420-ae96-7cb100256ab5.mp3'),(262,'WORST','static/songs/5261bdce-21a1-48ad-b910-9f549a748310.mp3'),(263,'BEST','static/songs/7daab097-fe8a-4bcf-a1ce-50b894c08dbe.mp3'),(263,'WORST','static/songs/a5ed2438-19ca-4a73-98fd-c392cfc81e6c.mp3'),(264,'BEST','static/songs/47492631-9702-4cea-9863-d73f8c4dc5be.mp3'),(264,'WORST','static/songs/5edab320-47f3-42ec-979b-512935ac84ba.mp3'),(265,'BEST','static/songs/1d24cb11-ae7f-4184-938e-f6957c9a781f.mp3'),(265,'WORST','static/songs/e73faa54-7356-4aa9-99d2-dd281dd0a3f5.mp3'),(266,'BEST','static/songs/48f6f31a-49db-4020-9400-ebfc4548e505.mp3'),(266,'WORST','static/songs/b71f077c-cf42-4d92-bb98-642cebf3c0fe.mp3'),(267,'BEST','static/songs/9ebe33f7-45d9-41d1-a650-96ff618f47a0.mp3'),(267,'WORST','static/songs/58a6480d-313d-4269-8296-36aeb5992f5b.mp3'),(268,'BEST','static/songs/c99c426e-00ac-4817-a7cc-039fcd133337.mp3'),(268,'WORST','static/songs/a7936454-3ed5-4ad2-be3b-b63c76ae718a.mp3'),(269,'BEST','static/songs/67ea0c29-caff-46ab-9a33-c296f931477f.mp3'),(269,'WORST','static/songs/1727cd03-2921-4c42-ae7d-cee9bd7d7a21.mp3'),(270,'BEST','static/songs/cd14033e-6cd7-42de-853c-3fda24349cb0.mp3'),(270,'WORST','static/songs/feace032-4581-47bd-bad1-21edda27c0a0.mp3'),(271,'BEST','static/songs/3f97fd9c-d7f3-4315-949f-6b56acb35ac2.mp3'),(271,'WORST','static/songs/b2f53c03-7bb2-49a5-9101-8c78e297e9e6.mp3'),(272,'BEST','static/songs/7508e266-1427-40c6-939a-34f3ffb4a39e.mp3'),(272,'WORST','static/songs/0ce03acd-c1bf-48f2-ad71-8a580276bc79.mp3'),(273,'BEST','static/songs/4f49c56b-147b-42b7-8245-9232f419f2b4.mp3'),(273,'WORST','static/songs/147b43b5-8d66-4215-93b6-44880ee39278.mp3'),(274,'BEST','static/songs/41fa88fb-afff-4dce-83a9-05c124d2c7f9.mp3'),(274,'WORST','static/songs/cc9b6cc2-3a9d-4197-9a87-539463393322.mp3'),(275,'BEST','static/songs/cb941235-8179-4386-991e-59148613b7bf.mp3'),(275,'WORST','static/songs/79d62b26-4aa7-4117-b093-1a284db5c743.mp3'),(276,'BEST','static/songs/2a8535e1-347d-4661-9adb-7df4a48a7227.mp3'),(276,'WORST','static/songs/a46282e4-818b-4e76-bf97-b53808aaa420.mp3'),(277,'BEST','static/songs/6d42eb00-38a1-40e7-9ca3-596ad6c9738f.mp3'),(277,'WORST','static/songs/8f6d2915-f9bd-428d-b358-3db6314272ad.mp3'),(278,'BEST','static/songs/f95af3d3-64c5-4d99-9b0b-592da9c2678f.mp3'),(278,'WORST','static/songs/e61631fa-23ca-4863-ab67-a0bd3ce37986.mp3'),(279,'BEST','static/songs/b141e65b-91d6-4984-adb7-743c3bcfe579.mp3'),(279,'WORST','static/songs/8f8312c7-ec62-488b-9247-74cab844956d.mp3'),(280,'BEST','static/songs/cc5c7885-bfd1-40d6-8ebb-1c325f2145fd.mp3'),(280,'WORST','static/songs/80c8753b-2034-46a5-83c0-f01f2b9d30bc.mp3'),(281,'BEST','static/songs/d2836d3a-c73f-4704-b0ce-171a01bd4667.mp3'),(281,'WORST','static/songs/4ce8a432-c617-40d4-885d-e396fa064e8b.mp3'),(282,'BEST','static/songs/c72c2d20-3df7-4a50-b3bc-aac3d22ede99.mp3'),(282,'WORST','static/songs/049cdc63-104f-411b-ae00-e5cb1c2bc33b.mp3'),(283,'BEST','static/songs/4d42d34d-55f1-4ec2-8d58-dcba4443a03f.mp3'),(283,'WORST','static/songs/7da8415b-eed8-4ace-9563-5259206091a8.mp3'),(284,'BEST','static/songs/61b76733-9707-499e-bcdb-7798315294ee.mp3'),(284,'WORST','static/songs/4a56b908-c121-4d8b-a2c4-5d79b4bf8bce.mp3'),(285,'BEST','static/songs/d5a5a787-ac15-4f81-9adc-5cebc426b973.mp3'),(285,'WORST','static/songs/1d74321e-c474-45a4-97e0-44714839dd48.mp3'),(286,'BEST','static/songs/ef46626d-db00-409a-9954-87b8d20a0701.mp3'),(286,'WORST','static/songs/4742d81e-e8c8-4bd1-b810-becef0201aee.mp3'),(287,'BEST','static/songs/f090f026-df2e-4564-a131-c4aefab76cb6.mp3'),(287,'WORST','static/songs/a1e48819-9969-44fc-813c-178552f28401.mp3'),(288,'BEST','static/songs/11014adb-19ff-4f9a-8064-fb2e3c687dbc.mp3'),(288,'WORST','static/songs/6c81e836-0225-40f6-8e14-bb2df1818e13.mp3'),(289,'BEST','static/songs/1eb03942-8997-486f-a8d1-fddeb3769a47.mp3'),(289,'WORST','static/songs/6ca01993-c8ee-471c-9a05-6db4861249b8.mp3'),(290,'BEST','static/songs/cb23ead9-0b8d-4687-a461-f2860a47a7cc.mp3'),(290,'WORST','static/songs/0fa7e98a-591a-4142-b588-79232a338ea0.mp3'),(291,'BEST','static/songs/fe651500-3b18-4d25-a937-9b956498ae15.mp3'),(291,'WORST','static/songs/d254ed5f-c4da-40bb-b811-cacaf46a82f3.mp3'),(292,'BEST','static/songs/655fd384-8fe3-4cd0-828c-027645fcadce.mp3'),(292,'WORST','static/songs/d07ff658-3073-4e6a-912e-483fccdc559a.mp3'),(293,'BEST','static/songs/a50e1d3c-f3f8-4e45-a409-18ed8aafedf0.mp3'),(293,'WORST','static/songs/0073cacf-16ed-4e8f-86ca-7c4e3a248487.mp3'),(294,'BEST','static/songs/7ef773b0-a1f5-4414-96a4-78094f005179.mp3'),(294,'WORST','static/songs/0bb9d54d-8f19-4917-8b5e-e1c352e8bb5c.mp3'),(295,'BEST','static/songs/21a3fad3-c234-4a01-a6cf-f24b39bfbcec.mp3'),(295,'WORST','static/songs/227c1f0c-fdcd-44b3-be7d-f69ed3ea1ecb.mp3'),(296,'BEST','static/songs/ca125e61-c5c5-46e5-bd7d-cbf9aa8d9ec4.mp3'),(296,'WORST','static/songs/481559cc-141c-481b-8a7a-b368f17621b0.mp3'),(297,'BEST','static/songs/87e145ed-427c-4ef9-9038-236b25484897.mp3'),(297,'WORST','static/songs/aeef8846-17a3-40d2-b2dd-684b41c5daa2.mp3'),(298,'BEST','static/songs/a9d3ba69-4fa0-4913-ae39-8c72de7acf86.mp3'),(298,'WORST','static/songs/a4abb642-d5be-4d76-a3c7-1c7ec03588bb.mp3'),(299,'BEST','static/songs/24fb72e9-d1b9-4b94-b148-f149bf4921d7.mp3'),(299,'WORST','static/songs/eb6cf603-e2a3-4925-b50c-77c28bb50a69.mp3'),(300,'BEST','static/songs/8abffe6b-b409-441b-8e33-254249fafa43.mp3'),(300,'WORST','static/songs/122be364-55cc-416c-b1c1-d543283ada0a.mp3'),(301,'BEST','static/songs/776264db-81dc-4ba4-b55b-803d802c356f.mp3'),(301,'WORST','static/songs/68c9aa8f-cd17-42af-98c0-9d0d4a1f77df.mp3'),(302,'BEST','static/songs/555da0cc-b440-4eb9-924a-cf65f7db38be.mp3'),(302,'WORST','static/songs/fd278d5d-cf91-4232-877e-33bb4fc9b8be.mp3'),(303,'BEST','static/songs/4e15a61b-b867-4550-8ed6-5cb602659cb0.mp3'),(303,'WORST','static/songs/f5ffb37b-ddcb-4b89-8635-a78ff1508caf.mp3'),(304,'BEST','static/songs/0a820742-56f0-4351-afe7-71f8e873c7c2.mp3'),(304,'WORST','static/songs/dee89cd8-650d-489b-8fdd-a840a5f52112.mp3'),(305,'BEST','static/songs/1128833c-0346-42f7-a79b-e2911b0ac7d8.mp3'),(305,'WORST','static/songs/d48b41ce-c3c2-44c3-87fc-cf5b96013777.mp3'),(306,'BEST','static/songs/258709c8-f7c7-4230-ab1a-4c3f99c436a3.mp3'),(306,'WORST','static/songs/b7e38b0f-de02-4a91-b8e9-31e8aeb94a84.mp3'),(307,'BEST','static/songs/6227079a-7aa8-42f6-a8a1-c8d2c9a99d4c.mp3'),(307,'WORST','static/songs/2ba7e9cc-0973-4f1c-a2d3-a19f1bd10fa6.mp3'),(308,'BEST','static/songs/62f07651-2463-400a-bacf-48eed0c05566.mp3'),(308,'WORST','static/songs/dbcce5e2-e8cc-425f-87ce-2bb3c8ed183d.mp3'),(309,'BEST','static/songs/78a772f6-fd2f-4a80-a6da-551dfac088e3.mp3'),(309,'WORST','static/songs/be7ff67c-16bb-4b6f-8a6f-7d841e98eea7.mp3'),(310,'BEST','static/songs/f923ec78-be40-46bc-b418-9dd657383434.mp3'),(310,'WORST','static/songs/8e15ca69-78ea-4e59-ac6e-358df7bbddff.mp3'),(311,'BEST','static/songs/72bc7020-dc95-43c5-a7aa-67c1a3b59749.mp3'),(311,'WORST','static/songs/9a1ba2dd-c90b-455e-8d3c-e2619a1dedb8.mp3'),(312,'BEST','static/songs/d145e2c1-8be3-4942-b04a-3c6b2ba37c7e.mp3'),(312,'WORST','static/songs/3917a661-eb39-46e4-8a42-efd4532f1264.mp3'),(313,'BEST','static/songs/202c121d-411f-4879-a91d-53c558ec0068.mp3'),(313,'WORST','static/songs/41ce60e2-2742-4f45-963c-e7b57ddabce3.mp3'),(314,'BEST','static/songs/3e3782ad-c142-4241-84ec-26de0bc6f3ee.mp3'),(314,'WORST','static/songs/ab3d66e5-4aca-47b1-a2ba-f8cc848f5301.mp3'),(315,'BEST','static/songs/a5ea27a8-de5a-443f-a110-722553b54f82.mp3'),(315,'WORST','static/songs/9eb340d5-387d-405e-a07e-5abcb321d4c1.mp3'),(316,'BEST','static/songs/0013fb9d-3d4c-4abd-a7c4-4bde0107236e.mp3'),(316,'WORST','static/songs/9bba0ea9-e840-4c0e-8a60-31a7573cc474.mp3'),(317,'BEST','static/songs/7d04e5b2-524c-44f3-ab79-16ee21c372ee.mp3'),(317,'WORST','static/songs/1fb59a7e-b9ba-4d81-97d0-5736b1614757.mp3'),(318,'BEST','static/songs/23c5d912-3d24-474c-85ba-8ff613b9ad5c.mp3'),(318,'WORST','static/songs/dbca68d1-99e0-4791-abeb-4db5b13d5286.mp3'),(319,'BEST','static/songs/53b3595a-cca4-4760-a985-ce45c4d354f7.mp3'),(319,'WORST','static/songs/7992a787-4448-4274-b773-12ca7bf15efa.mp3'),(320,'BEST','static/songs/2fe95dd9-fe22-455a-8066-9cdb5435c3be.mp3'),(320,'WORST','static/songs/f016da91-50e2-441f-9b22-050480bd5526.mp3'),(321,'BEST','static/songs/ce0fec19-f1ac-41ff-890f-e5701d9d53e3.mp3'),(321,'WORST','static/songs/13185d2a-6ce3-49b7-b211-00d0a08e801e.mp3'),(322,'BEST','static/songs/f0881a37-d110-4b18-9b77-cc2d989a5266.mp3'),(322,'WORST','static/songs/6be61a57-9c3a-4f11-b3c2-bc9d6cbd9476.mp3'),(323,'BEST','static/songs/f441a144-8def-4e37-a447-c16e238364c6.mp3'),(323,'WORST','static/songs/b5965521-2236-4a99-b3d0-0e32f4c9513f.mp3'),(324,'BEST','static/songs/66f2ff44-8ee9-4757-9aad-747f9f58e739.mp3'),(324,'WORST','static/songs/9db3e64d-3a7a-4959-ba13-d1d02779aa8b.mp3'),(325,'BEST','static/songs/e770a20b-a77d-4478-8660-5fb998d53e06.mp3'),(325,'WORST','static/songs/fad95db7-7a39-421f-b97d-afa3bc0491e0.mp3'),(326,'BEST','static/songs/490bc428-24c3-476d-a56c-0a8ffc81b010.mp3'),(326,'WORST','static/songs/81172f08-ddc6-4186-ae94-03deb6ba6748.mp3'),(327,'BEST','static/songs/1b23fa45-2f52-4b0f-b141-877685ca439e.mp3'),(327,'WORST','static/songs/69772ff8-7547-467c-821b-fe29ac191d89.mp3'),(328,'BEST','static/songs/e5ce84f2-caf1-468b-ad19-191bb7e2f502.mp3'),(328,'WORST','static/songs/7c5feb28-03a1-466b-8b9a-4eee6054ab7c.mp3'),(329,'BEST','static/songs/71e3f9f0-2228-40ee-a212-4c28206e6013.mp3'),(329,'WORST','static/songs/5df449e9-c6c8-4c9b-8948-eaf35bf0f322.mp3'),(330,'BEST','static/songs/e3ca08f3-f884-4f6a-937e-96bb37a36332.mp3'),(330,'WORST','static/songs/e2b3b406-a206-4067-845c-6bb3bf6bc3a8.mp3'),(331,'BEST','static/songs/8ba2dfc9-e36a-48e8-8672-e78fcd3d227d.mp3'),(331,'WORST','static/songs/8fcba8a7-4130-404b-bfe5-319171c707b8.mp3'),(332,'BEST','static/songs/55f63259-ea06-4549-a26c-e26722c3cfb5.mp3'),(332,'WORST','static/songs/1eb029ba-4d8c-4246-8b73-cdd0da6e0137.mp3'),(333,'BEST','static/songs/1a065ee6-6674-4799-aabc-e3ccd6daad6d.mp3'),(333,'WORST','static/songs/b93454b9-d8a8-4c38-b78f-21e647e35e9b.mp3'),(334,'BEST','static/songs/7e54044a-cc9d-4d74-9278-3d0c3e968288.mp3'),(334,'WORST','static/songs/f8b69ba6-d41e-42bb-ba37-8feaebfdf87c.mp3'),(335,'BEST','static/songs/2c12e57a-bc42-44ca-b699-caa61748f4f5.mp3'),(335,'WORST','static/songs/3b1bc616-4f65-4ad5-9bab-d045899e4d7e.mp3'),(336,'BEST','static/songs/ceed9700-f6e4-4d70-97e1-c840a8225857.mp3'),(336,'WORST','static/songs/056a0ad4-db00-408d-b96c-15be26e6e44e.mp3'),(337,'BEST','static/songs/b5c2608e-06e5-4c2b-970d-7f9db2291f0b.mp3'),(337,'WORST','static/songs/0795499a-eb30-43fc-8aea-60dabc293512.mp3'),(338,'BEST','static/songs/ae394c8b-a404-4c2f-89e9-596f823a2149.mp3'),(338,'WORST','static/songs/c4cfc7b4-1b71-4a06-b279-fd3ec0775ad2.mp3'),(339,'BEST','static/songs/2f02f337-dfa7-4914-bdf0-36f40437413b.mp3'),(339,'WORST','static/songs/139783c8-fac0-45a6-be02-28b5d3689a4e.mp3'),(340,'BEST','static/songs/9003a1a6-d0f0-4d79-a436-b2ec02b91e80.mp3'),(340,'WORST','static/songs/38a11b29-c786-4382-b242-131862c139d2.mp3'),(341,'BEST','static/songs/e193573f-beec-4e45-a2b3-51c704640ba9.mp3'),(341,'WORST','static/songs/471cac43-6642-46fb-bbb0-18cacf4abc76.mp3'),(342,'BEST','static/songs/ebc842b7-f32b-4f29-99ca-75600c46f7d7.mp3'),(342,'WORST','static/songs/33110dd2-b3c6-4449-b3c5-f1ffb3a3c103.mp3'),(343,'BEST','static/songs/e3a82d28-724e-437d-9b62-9863c54e4506.mp3'),(343,'WORST','static/songs/1fdd07a2-fdb8-4e05-a4eb-5a820ad0b2c7.mp3'),(344,'BEST','static/songs/14e0fc3c-f562-42bc-b44a-c842b3e57e21.mp3'),(344,'WORST','static/songs/ca8d355f-f263-45a0-b9ba-8efa0d96a26c.mp3'),(345,'BEST','static/songs/47e0b685-794d-49e5-aa9a-3bfcea6726f1.mp3'),(345,'WORST','static/songs/239dd387-108a-47cc-a32a-b6e1b0ac89a6.mp3'),(346,'BEST','static/songs/d45335cf-75e0-4d76-8158-1d95ebfd60d0.mp3'),(346,'WORST','static/songs/62c1eb94-9ec0-42f3-92c1-e66808ea00c9.mp3'),(347,'BEST','static/songs/807a814b-aeed-4d50-ba3c-ea08c43df436.mp3'),(347,'WORST','static/songs/92335093-51f7-46d8-bd22-cda715d23126.mp3'),(348,'BEST','static/songs/d5eac643-fd47-436d-8a43-841b546ca42b.mp3'),(348,'WORST','static/songs/6943ade4-f071-48aa-a815-75750d6a1ab5.mp3'),(349,'BEST','static/songs/d21d96c7-ad1d-4ab7-a930-51b2d3f6237a.mp3'),(349,'WORST','static/songs/26d569b8-5f16-4c81-a1b1-cf0d54ba5e61.mp3'),(350,'BEST','static/songs/87799306-37d9-4b48-8e76-96d2283272d6.mp3'),(350,'WORST','static/songs/87cb37f4-406e-4eac-b482-9a825a7aded7.mp3'),(351,'BEST','static/songs/a33c267f-7f43-4678-9657-bf52eaab1bc6.mp3'),(351,'WORST','static/songs/82c4a7c5-55b5-419a-a6bd-59895b03d473.mp3'),(352,'BEST','static/songs/eed8cb9a-3dee-44d8-a546-810a283e4d47.mp3'),(352,'WORST','static/songs/e4bd3328-9065-4078-be6a-76988a65f657.mp3'),(353,'BEST','static/songs/e9bc2f5f-ef63-4cbc-a8c7-755c48ef86cb.mp3'),(353,'WORST','static/songs/f02fd8d0-84bf-4b59-99d4-582fc8b48b11.mp3'),(354,'BEST','static/songs/1fbc9cec-4c3c-44b4-a8ad-ee06f4b1fcf7.mp3'),(354,'WORST','static/songs/618b2d00-63de-4b5b-be33-c8dd6ba241ad.mp3'),(355,'BEST','static/songs/4f905c8e-f8e1-46d1-9bf6-3c198a594eba.mp3'),(355,'WORST','static/songs/a6d479ea-9602-4ee4-966c-927ab84ae84f.mp3'),(356,'BEST','static/songs/49742007-17d8-4853-bba3-af60c8192694.mp3'),(356,'WORST','static/songs/e2a97154-3299-48d0-bab2-77de877892bd.mp3'),(357,'BEST','static/songs/d4845b5b-435c-4de5-8cf7-a863e5e4f502.mp3'),(357,'WORST','static/songs/436337cb-a5c2-4ea8-935e-b2cfd9ebf321.mp3'),(358,'BEST','static/songs/23a41f64-6028-4a22-9566-cbd58873ad47.mp3'),(358,'WORST','static/songs/836b3131-aa98-43f6-9046-d9bc4254f8be.mp3'),(359,'BEST','static/songs/f8933acb-0787-4eaf-9165-9f7e8f4965cd.mp3'),(359,'WORST','static/songs/54c74cd0-acb2-43c6-82d7-4521cff5603d.mp3'),(360,'BEST','static/songs/303db747-c23f-4273-ae89-d0ca75c58fc9.mp3'),(360,'WORST','static/songs/d5077b0d-4af7-46c3-94a5-9942d1a9b371.mp3'),(361,'BEST','static/songs/e9d75a60-92c3-48b0-8a39-0296e5c2c785.mp3'),(361,'WORST','static/songs/10a526e5-671c-441a-886e-f2fb15a1c2b1.mp3'),(362,'BEST','static/songs/a105782e-70a6-4a3e-9cf9-97f49ddf2783.mp3'),(362,'WORST','static/songs/35ce0313-109c-4e4b-9ec6-ae8736e3afb7.mp3'),(363,'BEST','static/songs/2d616c5b-7470-4426-8d4a-b30062784d92.mp3'),(363,'WORST','static/songs/e7593b29-5ac2-41bc-8d78-00acce51fea5.mp3'),(364,'BEST','static/songs/49be5e7f-502c-49b5-9ed6-cc13a049d9bd.mp3'),(364,'WORST','static/songs/9139d8c5-c8f7-4dee-b60e-0f7caa74da03.mp3'),(365,'BEST','static/songs/0bc7ea5c-906d-46cd-88b7-d59f8a3a84c3.mp3'),(365,'WORST','static/songs/e6f0366f-8632-4bff-b436-cdda24d4c3ef.mp3'),(366,'BEST','static/songs/bd8278b7-a07e-4b32-893e-70aac5e9cb37.mp3'),(366,'WORST','static/songs/853aef5f-9a4d-47b5-85f0-26a850d101be.mp3'),(367,'BEST','static/songs/3f5dcee4-2966-4973-a55f-d3566a6a580f.mp3'),(367,'WORST','static/songs/05856c0a-0e19-47b1-8740-6630406c636d.mp3'),(368,'BEST','static/songs/1c0d1c87-fc8c-45ae-9928-fa5b53823f48.mp3'),(368,'WORST','static/songs/2de8735a-ca04-44cb-8f60-5dba475b09e1.mp3'),(369,'BEST','static/songs/c9cbd1a8-4b87-41dc-ab7c-66db32cca242.mp3'),(369,'WORST','static/songs/31f27218-14b8-4dc3-b6fe-6c7aaaa993c0.mp3'),(370,'BEST','static/songs/2bf87778-1883-490f-9ede-4c76d58f6de4.mp3'),(370,'WORST','static/songs/60c70b7d-1294-4cd0-9098-5739a615c004.mp3'),(371,'BEST','static/songs/d0640e2b-f626-480b-a251-99df3fd92ecb.mp3'),(371,'WORST','static/songs/ea9a402c-3b34-4228-8194-c2f4ea85116b.mp3'),(372,'BEST','static/songs/27ac34c8-9af3-4e85-bb8a-ded71f901a6d.mp3'),(372,'WORST','static/songs/f2cf6a48-9c85-428d-8a96-e083ac93bb0c.mp3'),(373,'BEST','static/songs/87488ef2-154e-47b7-90c8-815452d6d7e3.mp3'),(373,'WORST','static/songs/578fad83-2c26-438b-8a78-9213fd9f0715.mp3'),(374,'BEST','static/songs/b23aa59f-e124-4b9b-abf2-e2b7a454ba57.mp3'),(374,'WORST','static/songs/efd268f0-cd3d-4360-9554-56cb09b0ba86.mp3'),(375,'BEST','static/songs/399d8018-72a2-4d5c-aba4-6939673a5dd7.mp3'),(375,'WORST','static/songs/ddf11504-a00d-452b-afbc-ec0a031eda4d.mp3'),(376,'BEST','static/songs/b710115d-b07c-4e55-b929-7b05f564da81.mp3'),(376,'WORST','static/songs/727b76ca-703c-4518-a415-b64ab4b7a7d1.mp3'),(377,'BEST','static/songs/e8148c92-cb77-46e6-8638-82f033476cc4.mp3'),(377,'WORST','static/songs/af7030d1-a637-4ece-addc-25ee089584e6.mp3'),(378,'BEST','static/songs/9a224b8a-5ecd-403a-be3a-510883ae753b.mp3'),(378,'WORST','static/songs/ef4ffcd7-5aae-4482-a047-d33ea0ad40d2.mp3'),(379,'BEST','static/songs/dab20eca-44ee-435c-90ca-77da2870c8ac.mp3'),(379,'WORST','static/songs/4cd55a86-c32d-4f5d-a8bc-3a4f0399a0a9.mp3'),(380,'BEST','static/songs/68deb347-c3e6-4742-8d52-387b86ae8780.mp3'),(380,'WORST','static/songs/f7ce29fc-341d-4cc3-a214-6069cc564c4f.mp3'),(381,'BEST','static/songs/cd1071a2-7f25-49ec-b7d3-14012348d1b7.mp3'),(381,'WORST','static/songs/0a140f65-d519-4733-b365-59628fc76b00.mp3'),(382,'BEST','static/songs/1f88ea6e-26c8-4d04-a498-1812b07450b0.mp3'),(382,'WORST','static/songs/3642814f-7a48-4fdf-8e23-9c44d58e044b.mp3'),(383,'BEST','static/songs/a8cf1084-3f29-4471-83af-1f9ddb98cff4.mp3'),(383,'WORST','static/songs/8bc20d47-4076-4074-86bb-5367408eda30.mp3'),(384,'BEST','static/songs/313f1828-c853-422a-8ebb-4b46f06262b3.mp3'),(384,'WORST','static/songs/2d0eb7d5-ecc8-4975-8a3a-632a8b95dc1f.mp3'),(385,'BEST','static/songs/5fb2bf81-90f5-4b66-82de-e8f60d01d0f5.mp3'),(385,'WORST','static/songs/640a4e80-9d17-489e-b5a7-9f923ac19ab0.mp3'),(386,'BEST','static/songs/3423583b-4fe6-4f7e-980f-8c29bbbb835d.mp3'),(386,'WORST','static/songs/3cab3ffd-200d-4bf7-8bcd-d27acea6c263.mp3'),(387,'BEST','static/songs/0fb90aae-439a-495b-85c6-47e919189324.mp3'),(387,'WORST','static/songs/2b94c854-0800-4611-a70a-5746f5b22491.mp3'),(388,'BEST','static/songs/630e1e28-ff4f-42db-9378-e33b011b48a4.mp3'),(388,'WORST','static/songs/1c5c911b-c990-4c11-a59c-3328de801a13.mp3'),(389,'BEST','static/songs/4805346f-ae50-4420-8e93-bbae90b91604.mp3'),(389,'WORST','static/songs/b54ab48f-80b8-4b13-bea4-7f6ce1856204.mp3'),(390,'BEST','static/songs/110d0b26-f582-49fd-8b94-722260b82f92.mp3'),(390,'WORST','static/songs/74b23090-b15a-4e31-89a2-6c42b35a84d8.mp3'),(391,'BEST','static/songs/06c288f5-6349-4126-8124-c7c693654400.mp3'),(391,'WORST','static/songs/4d1a1b9d-ae5f-428b-97e4-ad761bf23eed.mp3'),(392,'BEST','static/songs/dddb1ffe-431e-43c3-aeea-f8dc0aca0707.mp3'),(392,'WORST','static/songs/a6a5b878-ab28-4e91-a7c4-3b41e4f7f15a.mp3'),(393,'BEST','static/songs/46b513a6-6787-419d-a46a-ac02dfdcda3f.mp3'),(393,'WORST','static/songs/5110e689-fab4-40ca-9718-1a5727eb31f2.mp3'),(394,'BEST','static/songs/6be67ae0-1e81-4d24-814b-5ce8b85bd39e.mp3'),(394,'WORST','static/songs/9dcc7e86-5a33-49d3-95af-c691f3eb5206.mp3'),(395,'BEST','static/songs/d37385b0-500b-4897-82a3-50dad7a49d4c.mp3'),(395,'WORST','static/songs/d38ce447-157f-4a9a-8b87-3586421a8aaa.mp3'),(396,'BEST','static/songs/020ad827-b03a-4de2-a6b6-74e2423d3610.mp3'),(396,'WORST','static/songs/6c04be87-a3ad-4910-b32b-4f62fb288ac6.mp3'),(397,'BEST','static/songs/e25e6b71-e562-44f0-ae00-db71e7d3fc99.mp3'),(397,'WORST','static/songs/766afd88-0918-4a0f-942b-3cdde76aebf7.mp3'),(398,'BEST','static/songs/4670cf3b-952d-4967-8800-983bf88d0c1f.mp3'),(398,'WORST','static/songs/cf46a351-badc-4e55-819e-140dcbeebec1.mp3'),(399,'BEST','static/songs/a9c9dcf2-52ac-4bc5-933f-9d607fe9b5a4.mp3'),(399,'WORST','static/songs/45b3e07e-c248-4a23-bc0b-4866106b2f6f.mp3'),(400,'BEST','static/songs/0c4980dd-414a-4035-9c18-cd558a226024.mp3'),(400,'WORST','static/songs/67e25834-bfc9-4080-a8bc-ac254d28dd50.mp3'),(401,'BEST','static/songs/db0b41ca-b2c3-4e67-99f4-9a589bbe3cf2.mp3'),(401,'WORST','static/songs/dee43e54-bc43-4d03-8b66-922753fb2d65.mp3'),(402,'BEST','static/songs/b313b236-cc5b-4222-ad4d-4fbeaf512f3a.mp3'),(402,'WORST','static/songs/0a7c8bd7-3a52-4eda-89cc-69043b345611.mp3'),(403,'BEST','static/songs/68c0ec95-8a32-44fa-922f-c2c902412ae2.mp3'),(403,'WORST','static/songs/9f7652a3-a2df-48ab-8b50-9862cea54d88.mp3'),(404,'BEST','static/songs/688f7479-d66d-4490-9dad-2c7d033cd761.mp3'),(404,'WORST','static/songs/c0d10373-0232-4515-a327-321824e8ff35.mp3'),(405,'BEST','static/songs/cc2923c7-fda6-4801-bae2-e283bfc691b2.mp3'),(405,'WORST','static/songs/e1a7b907-e848-46be-ac84-4c8088dbd39a.mp3'),(406,'BEST','static/songs/3755a9b1-2664-44b0-ae33-8d9680f130c4.mp3'),(406,'WORST','static/songs/93f20751-bf18-4d0e-b605-25e5e28a6297.mp3'),(407,'BEST','static/songs/1644b897-14ba-4075-b084-82669de5d82a.mp3'),(407,'WORST','static/songs/f5f4535d-e28d-4d4c-9605-441ed3765939.mp3'),(408,'BEST','static/songs/7c6dbf35-0558-45cd-8268-adc0723f4bf4.mp3'),(408,'WORST','static/songs/c2148e4c-8fcd-40ad-97ac-b1ce12b099c5.mp3'),(409,'BEST','static/songs/5635c6c5-e9eb-46ac-8289-daa7f5b185a8.mp3'),(409,'WORST','static/songs/5519d8ee-3fdc-42b0-a651-00b722e7af86.mp3'),(410,'BEST','static/songs/83f5943d-2814-4ee3-ba90-83219f9fca7b.mp3'),(410,'WORST','static/songs/7619925d-f5f1-4d46-b74b-ff945be0a459.mp3'),(411,'BEST','static/songs/19929f83-c2cc-4b7c-8e20-fa04856db390.mp3'),(411,'WORST','static/songs/1f92bbdc-23e9-430c-bcb2-d3a1cc5f1d32.mp3'),(412,'BEST','static/songs/bb295a76-6738-4230-96cd-157d4006d025.mp3'),(412,'WORST','static/songs/95be9fc8-13f2-4b53-8cf7-122b63626050.mp3'),(413,'BEST','static/songs/9aa00fb7-1289-4c5f-b2c6-d90701f6c418.mp3'),(413,'WORST','static/songs/84ad0356-e311-463f-b7e0-f729d88e008c.mp3'),(414,'BEST','static/songs/098f5169-99c5-489f-8218-9522f05f4435.mp3'),(414,'WORST','static/songs/d63d5b20-a29c-4ad4-8c5b-96d0205eca27.mp3'),(415,'BEST','static/songs/d62e2f02-d76d-47cc-857d-2a4ebda041c2.mp3'),(415,'WORST','static/songs/aa3178dc-aed5-4711-ba5a-6ed8e61895fd.mp3'),(416,'BEST','static/songs/9b252682-0c90-46fa-8c01-1adf58d9e9aa.mp3'),(416,'WORST','static/songs/924bac8a-1e11-4f8c-bfc1-fcd2208870e9.mp3'),(417,'BEST','static/songs/82410b2e-75ac-4111-a7ad-a5f6ca51f674.mp3'),(417,'WORST','static/songs/4b7ab13d-74d2-49f7-bed2-6d3d3b6bb35b.mp3'),(418,'BEST','static/songs/32d6a82c-8dda-43ae-b6cf-03bc1cfb492b.mp3'),(418,'WORST','static/songs/62b765fe-e2e3-4b71-b488-96ad8c16c915.mp3'),(419,'BEST','static/songs/aa25d028-8a42-4b3e-9134-c0d7b90ea7f6.mp3'),(419,'WORST','static/songs/3759240d-db13-4182-b00d-31a2308e44af.mp3'),(420,'BEST','static/songs/791057eb-02b4-4f32-bdcc-cfa6858f63d0.mp3'),(420,'WORST','static/songs/351b4d1e-ddc0-4d89-ad2a-2061c0b1443a.mp3'),(421,'BEST','static/songs/0df0835c-ab7b-41fa-8276-f6fc1d5abeed.mp3'),(421,'WORST','static/songs/3e3b96a7-d7a1-4cfd-9c97-603114261c27.mp3'),(422,'BEST','static/songs/a61b9e2a-5cac-45c2-927e-62c5333f874b.mp3'),(422,'WORST','static/songs/27197019-7fef-446b-a229-9040a97b7c12.mp3'),(423,'BEST','static/songs/ed0b939d-c598-483b-82ba-52858795859a.mp3'),(423,'WORST','static/songs/86485ce7-61cd-423a-9b30-63d13b87d07e.mp3'),(424,'BEST','static/songs/0a3a9316-abaa-4bd3-b59b-ad0f6d4440e4.mp3'),(424,'WORST','static/songs/839d0e2a-02cc-4338-a4f6-44547508b166.mp3'),(425,'BEST','static/songs/d995a8ae-c006-4306-925b-c2c73324fba0.mp3'),(425,'WORST','static/songs/558be827-2486-4778-b740-866c22e8365c.mp3'),(426,'BEST','static/songs/e8d402f2-f57b-470f-87ad-6853eee38f67.mp3'),(426,'WORST','static/songs/a2696ef5-2463-461d-8a29-eb30a50f118a.mp3'),(427,'BEST','static/songs/2bf30c8f-ea3e-4f11-9415-2d62931b34c2.mp3'),(427,'WORST','static/songs/18682cb9-a6ca-42c3-ac7f-fe03086b4e27.mp3'),(428,'BEST','static/songs/5eb7fb93-09b8-4ed8-ba39-925e4d63644a.mp3'),(428,'WORST','static/songs/bb2f04ed-5072-4820-98a3-73b97513ed01.mp3'),(429,'BEST','static/songs/c8de28f3-9512-4179-9789-dd9e3392ce3e.mp3'),(429,'WORST','static/songs/1c8bd415-2953-4138-ad0e-09824275425e.mp3'),(430,'BEST','static/songs/9c9b0b1f-a9fb-47a8-9d55-d0ffd9b2376e.mp3'),(430,'WORST','static/songs/ece52053-40be-4107-af70-3962c23482dd.mp3'),(431,'BEST','static/songs/a7c55c89-dfb8-482e-bfe6-a7f256c5dd9d.mp3'),(431,'WORST','static/songs/3934f28f-173b-445c-a838-5cce7aa6c781.mp3'),(432,'BEST','static/songs/f09db0b7-e425-4f86-9b18-0ab8f260a0b2.mp3'),(432,'WORST','static/songs/3d637080-030f-4d9a-b234-998c31f3e0d3.mp3'),(433,'BEST','static/songs/fa4828b4-853a-4564-9020-53162274de63.mp3'),(433,'WORST','static/songs/9b4f1ff0-08dd-4b7f-b643-ef621863df69.mp3'),(434,'BEST','static/songs/8d1d7293-575f-4c68-aa1f-24e6f6b471b5.mp3'),(434,'WORST','static/songs/fe0fac6b-ba84-483a-93d4-6644807cfc69.mp3'),(435,'BEST','static/songs/56595cfd-44a6-4f78-aa43-d0e2ae28b004.mp3'),(435,'WORST','static/songs/0ab42c8a-12f6-4a15-9fc1-8f63f3a880f5.mp3'),(436,'BEST','static/songs/fc14dceb-3502-4df9-963f-8b0d0ce5b143.mp3'),(436,'WORST','static/songs/a35291f0-3266-4e15-9220-08c06ba3ff13.mp3'),(437,'BEST','static/songs/60eafd61-4b69-43d9-9ae8-e7b3b53acaff.mp3'),(437,'WORST','static/songs/06d258c5-6efe-4519-9c9a-4758426be77f.mp3'),(438,'BEST','static/songs/88c33909-f8da-4d5d-a1de-34a412e2c047.mp3'),(438,'WORST','static/songs/d202ceba-955d-4f1b-9e12-b59c35b5f877.mp3'),(439,'BEST','static/songs/bb8df6fd-3bea-4903-9326-73aafb8f1e41.mp3'),(439,'WORST','static/songs/6a4c2965-cae4-493d-ae78-e5c32f2c9b25.mp3'),(440,'BEST','static/songs/2991737a-2098-4ba0-8246-bbe690468d1f.mp3'),(440,'WORST','static/songs/b0534ab5-7c77-4105-9db9-e4353db7e01e.mp3'),(441,'BEST','static/songs/d5ab6a2e-0a12-47ee-a107-17c1bc068bef.mp3'),(441,'WORST','static/songs/034aa389-7df4-4f01-92de-e67df106a974.mp3'),(442,'BEST','static/songs/7c08af9f-b71b-45d4-90f3-f073d393616d.mp3'),(442,'WORST','static/songs/e08cdcc1-2fac-49b8-aff2-625498b5fe4a.mp3'),(443,'BEST','static/songs/7291f21e-6663-46ef-b579-ae76598ff6b0.mp3'),(443,'WORST','static/songs/4f0f0c07-b202-49ca-8e93-cbc1dee6cb59.mp3'),(444,'BEST','static/songs/28f4f394-9d47-41d5-9100-fec5dd479352.mp3'),(444,'WORST','static/songs/df8deac3-b69f-4ff4-9d05-4a5d51ccf103.mp3'),(445,'BEST','static/songs/b7497af4-2049-4eca-aaa0-832bf1f62ddc.mp3'),(445,'WORST','static/songs/68228e85-5192-4b0d-a819-d8ccd3def61c.mp3'),(446,'BEST','static/songs/06811f34-c737-4a95-b35d-f1e54952e258.mp3'),(446,'WORST','static/songs/97f83d29-5f4a-4a53-b83b-486fc0bd8b5f.mp3'),(447,'BEST','static/songs/327e77dc-8274-45c4-a6ab-1c344ba8bcdb.mp3'),(447,'WORST','static/songs/72c3b909-ae38-4613-997b-badf26bb3f8f.mp3'),(448,'BEST','static/songs/0b65ee0d-fda3-4fc4-9d7f-3dbca89e9cf2.mp3'),(448,'WORST','static/songs/a311749a-4c9b-4575-a2db-047bce843791.mp3'),(449,'BEST','static/songs/3b12c76a-25d5-4b6c-bc52-a2835f33dff1.mp3'),(449,'WORST','static/songs/04c9a5e5-5281-4719-bb11-a7f5f3fd0f41.mp3'),(450,'BEST','static/songs/be0b7277-021d-472b-9644-665e1cc76552.mp3'),(450,'WORST','static/songs/d8a0afda-e0c5-48bb-8606-633526b23fb2.mp3'),(451,'BEST','static/songs/7519f3ba-7b43-4d8a-aba3-dec6fc187309.mp3'),(451,'WORST','static/songs/845092be-4356-4f88-8d3b-45787e136ccd.mp3'),(452,'BEST','static/songs/c3679f7b-f547-49cc-b239-1484aca96f65.mp3'),(452,'WORST','static/songs/5df27338-86e9-4647-bac1-7c95a223bf7a.mp3'),(453,'BEST','static/songs/6d4067a1-921c-436f-a7f1-65f9743bae47.mp3'),(453,'WORST','static/songs/c5d719da-9d4d-4cfa-b5b3-88b55cfc9710.mp3'),(454,'BEST','static/songs/8e7b82ce-9e20-40c7-a2aa-e588b624e7c0.mp3'),(454,'WORST','static/songs/238a2156-0784-4c37-ae21-097ccf548378.mp3'),(455,'BEST','static/songs/42292308-6e65-489a-b6ec-16f7d85f7d08.mp3'),(455,'WORST','static/songs/6accca48-c34e-4184-b66f-69523a15abb3.mp3'),(456,'BEST','static/songs/9e2ba338-7683-4c11-a461-7d3e6dd49856.mp3'),(456,'WORST','static/songs/0e1e2e31-407d-4d79-a2a0-c3b28067dfd6.mp3'),(457,'BEST','static/songs/a281d138-e912-470e-89f1-4425831c3248.mp3'),(457,'WORST','static/songs/8349ead8-64bd-460e-949e-344349b0e6c4.mp3'),(458,'BEST','static/songs/a5e6af0b-365a-49e8-8169-66e8f242833f.mp3'),(458,'WORST','static/songs/ca3f84d4-1f4a-4667-bdf4-45d2fd7a89dc.mp3'),(459,'BEST','static/songs/56c3c2f1-9349-47b0-bcdf-b569905a2b21.mp3'),(459,'WORST','static/songs/f08d9857-bce6-4585-8359-e3a7b042fb85.mp3'),(460,'BEST','static/songs/299f7a18-f7d2-401d-948f-b27c1aa7f6e1.mp3'),(460,'WORST','static/songs/58d99d69-5661-429e-afd6-41101e225a5d.mp3'),(461,'BEST','static/songs/3d34e6da-79e3-4ea9-ac57-7afbfbed13a3.mp3'),(461,'WORST','static/songs/4b7d3d35-52be-4b14-ae06-b1adb7f6be4c.mp3'),(462,'BEST','static/songs/0b1ffe95-1b4a-4e17-a890-5d1e98bde431.mp3'),(462,'WORST','static/songs/f4079112-4672-4294-9255-a3d252f1fe80.mp3'),(463,'BEST','static/songs/caa79c9b-8d58-45ab-813d-765d8361c0ff.mp3'),(463,'WORST','static/songs/2c27c396-5eb0-4195-908f-d562a82f7270.mp3'),(464,'BEST','static/songs/965a9bd5-dc16-4766-8c01-b541e9eacb20.mp3'),(464,'WORST','static/songs/8e1c47a8-2284-4f7d-87f1-444a50c95b94.mp3'),(465,'BEST','static/songs/56448179-ac27-477c-8ac3-2d4203cd8c88.mp3'),(465,'WORST','static/songs/9f1fdbcb-0908-408a-b0b4-9071496ff5d1.mp3'),(466,'BEST','static/songs/5cc7ef6e-25d6-4ba3-909b-4cfdc1b006d3.mp3'),(466,'WORST','static/songs/cc946a9f-e8b8-4c91-a1d3-40e9c6f7e750.mp3'),(467,'BEST','static/songs/f5d219f4-379b-4ca1-88f9-0dc768012f5b.mp3'),(467,'WORST','static/songs/2a50e39e-a61e-46c6-b66f-bea74625ed15.mp3'),(468,'BEST','static/songs/9f6999eb-2e64-4914-87a2-f37f1fb69c83.mp3'),(468,'WORST','static/songs/9f6ec767-0831-4be2-9d22-c0fdb40d80dd.mp3'),(469,'BEST','static/songs/70b4b4f0-11dc-4260-bef4-3a660c50d315.mp3'),(469,'WORST','static/songs/ee69c6eb-72e1-48f9-88e5-4d65e5c072c0.mp3'),(470,'BEST','static/songs/2b534310-5f75-4183-b1aa-8332e3d06fd9.mp3'),(470,'WORST','static/songs/2a425f55-cd0c-4508-aeec-3f168cf74282.mp3'),(471,'BEST','static/songs/6c284539-9dd5-4219-ab73-d611601561bc.mp3'),(471,'WORST','static/songs/9e2dd99c-50f7-479e-895f-d7a786013223.mp3'),(472,'BEST','static/songs/4ab2819f-a971-4813-a801-7301cd4f001e.mp3'),(472,'WORST','static/songs/29ce1683-916a-4ba3-ac22-19c12c0cba71.mp3'),(473,'BEST','static/songs/fcfbc801-8fb8-4e42-b60c-7524b9ff4608.mp3'),(473,'WORST','static/songs/9167fac4-0e1b-49d7-b662-e225cecb0472.mp3'),(474,'BEST','static/songs/773d04fa-711b-4ca1-b99b-33e9e44c97f3.mp3'),(474,'WORST','static/songs/9b944fd2-c192-4ef7-ab19-8fed13d72959.mp3'),(475,'BEST','static/songs/20e8dfa2-f1e6-474d-bf81-5560b1535625.mp3'),(475,'WORST','static/songs/ee6d7d1e-7df2-4dbe-9783-d1cae5164470.mp3'),(476,'BEST','static/songs/406a45ff-e2db-43f3-a5d7-e5840e4f6a01.mp3'),(476,'WORST','static/songs/724f3029-a0d7-4745-9d3b-44e8059ce5ed.mp3'),(477,'BEST','static/songs/242b72e8-1af1-450a-953a-c00864693e44.mp3'),(477,'WORST','static/songs/e14545f9-ce3c-4779-8fcf-0dbfc2bad089.mp3'),(478,'BEST','static/songs/5fb29475-3518-4c7c-a171-459a1cd46973.mp3'),(478,'WORST','static/songs/3681c36e-b7f4-4771-9952-1d8586b48af5.mp3'),(479,'BEST','static/songs/eced7f1c-3b24-4da1-b369-16da28937bed.mp3'),(479,'WORST','static/songs/bbaf6355-4c7b-48c7-8f53-a2616b12be7c.mp3'),(480,'BEST','static/songs/cf97f8cb-8970-405e-b55f-235b8ff6c274.mp3'),(480,'WORST','static/songs/f7d26ef8-f469-4844-a9b4-2c8bb33e3af2.mp3'),(481,'BEST','static/songs/66b9b460-688e-4c96-9d19-d2bb76e16962.mp3'),(481,'WORST','static/songs/c2544dee-14e8-4552-95c1-739beedb4681.mp3'),(482,'BEST','static/songs/9c90ea96-d124-47a1-b42f-669d1c2917cb.mp3'),(482,'WORST','static/songs/e5b6c134-1154-4c94-baae-efbc8cc5d18b.mp3'),(483,'BEST','static/songs/e80249a7-6a7c-4156-a42a-55283dac3b89.mp3'),(483,'WORST','static/songs/21e44689-61b5-4a9e-9a1c-d29516f0c01f.mp3'),(484,'BEST','static/songs/b1ede554-ba3f-44b1-b81c-0b03a54e4b57.mp3'),(484,'WORST','static/songs/5eb0c304-fc44-44d2-b4c0-d600948995c9.mp3'),(485,'BEST','static/songs/9f9132bf-4329-4bba-9e5b-e33cb46515af.mp3'),(485,'WORST','static/songs/28ca0d40-a1b9-4467-a691-0c30218a78b1.mp3'),(486,'BEST','static/songs/ce6ef068-0fd4-4a0a-9c95-50f36c586529.mp3'),(486,'WORST','static/songs/ad9908db-beff-46e8-b2de-a1d6d41cf0d6.mp3'),(487,'BEST','static/songs/00857338-2030-4dab-b6b0-bfe7f3beed6a.mp3'),(487,'WORST','static/songs/97ab0edc-1095-45e3-9e84-6ad6c0aa9056.mp3'),(488,'BEST','static/songs/f55e6b54-0dd8-4d84-abe4-9db0b5018a4c.mp3'),(488,'WORST','static/songs/4707c865-feba-4047-898c-b580c12286a0.mp3'),(489,'BEST','static/songs/f201df43-4077-4448-b708-7a6ba0dfb5b2.mp3'),(489,'WORST','static/songs/69d365af-bb44-4d92-8ae9-de97cd6d5e3d.mp3'),(490,'BEST','static/songs/20486ae5-ea91-4bfb-a743-ebbf7053bb6a.mp3'),(490,'WORST','static/songs/12a50fee-2c94-4484-af24-d5d355b4fd4a.mp3'),(491,'BEST','static/songs/f8ba801c-aa41-412c-924a-1e733c65df3d.mp3'),(491,'WORST','static/songs/26f0d7eb-859e-43b7-95fb-346c38f641bf.mp3'),(492,'BEST','static/songs/539cada3-af2a-402d-96cd-0de50ad83d6a.mp3'),(492,'WORST','static/songs/970c6c4b-4a2f-4e35-a583-5a66ec04a839.mp3'),(493,'BEST','static/songs/52928be7-4742-4164-8602-3da3d71e62ab.mp3'),(493,'WORST','static/songs/2a8bc556-7a30-4eed-ace7-6271dd0b56f6.mp3'),(494,'BEST','static/songs/31c9cec8-8e05-4d19-8833-5dd1c21204f4.mp3'),(494,'WORST','static/songs/4482bd8a-ecc1-4dfa-aa27-5cfd550d4621.mp3'),(495,'BEST','static/songs/adbf8fc2-9278-4a79-ba5f-f1fe01d60ec6.mp3'),(495,'WORST','static/songs/955d24ca-53b6-49af-b85e-c5f31b962709.mp3'),(496,'BEST','static/songs/d4a55644-6ca9-45b2-8b32-46ed1e92cb6a.mp3'),(496,'WORST','static/songs/15298cef-a13e-4fe9-b53b-0f62ef743bbb.mp3'),(497,'BEST','static/songs/13ff6b52-bc91-43d1-b4e9-e23c44030dd9.mp3'),(497,'WORST','static/songs/a7a8aa02-9140-41f4-ac59-45f27ffc5cb2.mp3'),(498,'BEST','static/songs/f162facc-962d-47f7-9838-2ef35a52c8f8.mp3'),(498,'WORST','static/songs/b884c9e6-ac0d-4422-ac01-d8ed2e0fae66.mp3'),(499,'BEST','static/songs/adbac391-9bc4-487c-920d-0e2787ba7659.mp3'),(499,'WORST','static/songs/7c163c17-f729-4319-b691-c7b40b62fdf4.mp3'),(500,'BEST','static/songs/e3ae83f3-570c-4a04-8ca4-407bc5af8c34.mp3'),(500,'WORST','static/songs/0c2ce587-124d-439a-bfbc-fba8a6b73e2b.mp3'),(501,'BEST','static/songs/3d7a80be-4102-4676-91ae-f3b8b10aba4c.mp3'),(501,'WORST','static/songs/0e7dde0f-7841-4cc3-a86f-78e3ac7ccd42.mp3'),(502,'BEST','static/songs/128e99a3-a695-4fbf-ad01-58d971fe64b7.mp3'),(502,'WORST','static/songs/b6fee64c-3959-4db5-80ce-53ed3ef5e525.mp3'),(503,'BEST','static/songs/13f4dc71-8a58-4639-b180-b93ec615d2ba.mp3'),(503,'WORST','static/songs/feabeb4d-5571-4259-8f99-d7616110070d.mp3'),(504,'BEST','static/songs/4ff07d4e-fddc-4929-a332-63cb1937e6ab.mp3'),(504,'WORST','static/songs/801e567b-a0a2-40b2-bf44-b382de1cee9f.mp3'),(505,'BEST','static/songs/26aef27e-cec0-41d0-9098-32bcc76587ef.mp3'),(505,'WORST','static/songs/31926016-bbfa-4a2d-b260-08e1134ab431.mp3'),(506,'BEST','static/songs/75ff2d57-b30d-4670-8b84-3837483a6538.mp3'),(506,'WORST','static/songs/0a54f458-f92d-4802-a0ea-05b0110de216.mp3'),(507,'BEST','static/songs/98bfd606-ec29-439a-a831-cd693e867e48.mp3'),(507,'WORST','static/songs/f8a6b0f9-717c-4ca3-a864-0906bff71057.mp3'),(508,'BEST','static/songs/60e372df-9c8c-490a-b3fe-eb7545e3bbde.mp3'),(508,'WORST','static/songs/c181dafd-b069-4633-ba19-674d1769d2cd.mp3'),(509,'BEST','static/songs/05e730e6-5104-4cd9-8db9-b7b0083d650e.mp3'),(509,'WORST','static/songs/4e1c5672-e261-4b31-83cc-d41b2b90705d.mp3'),(510,'BEST','static/songs/c66791f4-0c2a-417e-8e2f-7fb61f2d687e.mp3'),(510,'WORST','static/songs/9a9f3d37-016b-4d5b-b9d3-88e30a821864.mp3'),(511,'BEST','static/songs/af1918ef-f8f0-47b0-b209-07329287b7ca.mp3'),(511,'WORST','static/songs/922622b4-c283-46a0-a4a0-39a97aaf51d1.mp3'),(512,'BEST','static/songs/25f84aef-d4ab-46ba-926b-dd856637f736.mp3'),(512,'WORST','static/songs/29b188ce-d9df-4c4c-ad59-a08cf2493af8.mp3'),(513,'BEST','static/songs/e33c2250-3eaa-4895-b155-bf551be76ef8.mp3'),(513,'WORST','static/songs/df8a1232-518f-4e9a-9727-db825ea5a9e7.mp3'),(514,'BEST','static/songs/b5c5325f-258c-4a25-9963-89e89e83d0da.mp3'),(514,'WORST','static/songs/10f60114-26df-4c1e-8d9e-54505b836ab4.mp3'),(515,'BEST','static/songs/60b68b1a-66f1-4b10-87ac-7de97650d3b5.mp3'),(515,'WORST','static/songs/61e9b389-e707-40f4-a36d-a831163bd899.mp3'),(516,'BEST','static/songs/c37c0c49-2742-4f99-a2d3-edabbab5c756.mp3'),(516,'WORST','static/songs/d4d99830-3282-49b1-85e2-d4f152d5d016.mp3'),(517,'BEST','static/songs/ecc19992-b27d-429f-b42a-e0243842ba0d.mp3'),(517,'WORST','static/songs/a06433e1-a053-4b23-9664-a538a1569b57.mp3'),(518,'BEST','static/songs/ebeb011d-9a78-4e9e-ab11-eb06ec31d7ac.mp3'),(518,'WORST','static/songs/c73819c7-5b8c-4390-b97a-7baeb8ead9c5.mp3'),(519,'BEST','static/songs/45affe83-6cd1-4859-a7a0-d22d727ed96d.mp3'),(519,'WORST','static/songs/2fda7f57-6b09-48f6-9352-cd741ee28928.mp3'),(520,'BEST','static/songs/0291f045-3c93-4982-a0b1-f1d18699d15d.mp3'),(520,'WORST','static/songs/c306dee5-24f7-4a7f-9346-41d63009463d.mp3'),(521,'BEST','static/songs/515e246c-cdc6-4a74-8855-3e4d4742ae01.mp3'),(521,'WORST','static/songs/b9851cf7-5d1e-4b72-8087-df135077d39c.mp3'),(522,'BEST','static/songs/3bf18427-b993-4a3b-afd9-91985d4f3575.mp3'),(522,'WORST','static/songs/7f39dbe6-fd6c-4cb6-bddb-76f3282c9f65.mp3'),(523,'BEST','static/songs/67513a5b-587e-47c2-b68f-3ba3feec8132.mp3'),(523,'WORST','static/songs/fea1d22e-2f67-4ef0-aff5-05b5dba201cd.mp3'),(524,'BEST','static/songs/59bf8529-e38a-49f8-84bb-f6d636381843.mp3'),(524,'WORST','static/songs/d29eb18a-85ac-4e54-b761-1b988c3c3fab.mp3'),(525,'BEST','static/songs/3fbad4b2-cc20-4e71-8f43-95dfecc2cfe9.mp3'),(525,'WORST','static/songs/23417620-7c0f-48e1-8d78-c7e6dbe68090.mp3'),(526,'BEST','static/songs/c1c14e22-9034-48a9-89ba-29928dc3c025.mp3'),(526,'WORST','static/songs/ebbbc3d0-c834-462f-a41a-6f87cdb3fdd7.mp3'),(527,'BEST','static/songs/f5469dd4-0283-48ef-a1f7-149bef5dcffc.mp3'),(527,'WORST','static/songs/6cd83698-4c01-4470-9fac-9629881c915d.mp3'),(528,'BEST','static/songs/1b98c1cb-195a-4c3b-a310-7e3805cfee15.mp3'),(528,'WORST','static/songs/58f72f04-8830-40f1-a6cf-caf77fc96767.mp3'),(529,'BEST','static/songs/d69bd043-32ab-44ed-8281-4f8a67f5c5cb.mp3'),(529,'WORST','static/songs/b16b26ac-e200-45a2-b860-9349499a94ba.mp3'),(530,'BEST','static/songs/390055c9-01a1-459d-8f55-f110d3632385.mp3'),(530,'WORST','static/songs/e9652eac-2c26-42a8-af4f-66e398b80d5f.mp3'),(531,'BEST','static/songs/16a57b77-b9f5-423d-86d6-e435b933f4bf.mp3'),(531,'WORST','static/songs/d3cee6b5-e49c-4a8c-beed-e72f30a347bb.mp3'),(532,'BEST','static/songs/5eda2294-e6fb-44d1-85c4-e1bf5a0d5197.mp3'),(532,'WORST','static/songs/f7551ff8-a7e7-43b1-8ee8-d52eaeda2f0c.mp3'),(533,'BEST','static/songs/b2c37870-1422-4592-8b1a-04f13c3db68a.mp3'),(533,'WORST','static/songs/5d17f5cd-53cd-4074-a2ec-9b3c969cd984.mp3'),(534,'BEST','static/songs/ea6b81bc-5dfc-4485-9f97-31d53c160a33.mp3'),(534,'WORST','static/songs/2538b2b9-ee11-4577-9163-bd7cdd67cfc9.mp3'),(535,'BEST','static/songs/fa90a685-5371-401b-9c4c-385000fd0b1a.mp3'),(535,'WORST','static/songs/9483262c-4b26-40f4-9341-68ee0d210ef5.mp3'),(536,'BEST','static/songs/d2378d4f-3dfb-428d-8471-d50e985d5c37.mp3'),(536,'WORST','static/songs/2a621c25-b138-4675-a066-075eefaed1a4.mp3'),(537,'BEST','static/songs/f0f6ad0b-28f6-448d-b2ba-199e77cb4e0b.mp3'),(537,'WORST','static/songs/9ffae6b6-cc71-48ea-bc3a-0b4805bd7b8e.mp3'),(538,'BEST','static/songs/cdf665dd-6274-4e38-8ed4-a5a4a761f145.mp3'),(538,'WORST','static/songs/e8b779ed-d5df-41b1-8c1a-a04be7a8da48.mp3'),(539,'BEST','static/songs/08c61ee2-e974-4408-86bf-bed28a582f9f.mp3'),(539,'WORST','static/songs/60f0ea7f-b0d6-4577-859c-befc714bdffd.mp3'),(540,'BEST','static/songs/d9831d3f-441e-4ac1-8f5a-f9e3fed10468.mp3'),(540,'WORST','static/songs/a58fce01-e1bc-4e12-baf8-0764120bcb7a.mp3'),(541,'BEST','static/songs/33532471-5ecc-4f5c-b570-e69f60339e9f.mp3'),(541,'WORST','static/songs/f42433a2-9a61-4731-9fc3-9c6b7325811d.mp3'),(542,'BEST','static/songs/286cd107-b6a8-4b96-b131-cf4ac15bc44b.mp3'),(542,'WORST','static/songs/078e921c-2f34-4f1d-96c7-810ea87b7b6e.mp3'),(543,'BEST','static/songs/e727885c-5642-48a1-9fa7-022b4a779e25.mp3'),(543,'WORST','static/songs/ca135294-43ff-460e-97d8-60f056f5d97f.mp3'),(544,'BEST','static/songs/334a1086-05a0-4b20-879a-061e064321c2.mp3'),(544,'WORST','static/songs/37c216be-9b94-40b9-8d4b-209cd11f4802.mp3'),(545,'BEST','static/songs/a494dab2-0b40-4d0d-a2b7-623009bd19a3.mp3'),(545,'WORST','static/songs/5c116d09-27f7-42b9-be30-e0f12734bbb7.mp3'),(546,'BEST','static/songs/7f8fa6f6-d30f-42c9-94af-d9af4c7263b5.mp3'),(546,'WORST','static/songs/2cab9852-d74c-48ce-928e-b57ba59e1798.mp3'),(547,'BEST','static/songs/9a446e07-7aee-4ef7-b28c-49b579ea1bb4.mp3'),(547,'WORST','static/songs/2e346b46-8929-4be6-a330-5ffd972b86f4.mp3'),(548,'BEST','static/songs/aba7762f-d730-4282-99af-1c8fa147f895.mp3'),(548,'WORST','static/songs/08b8e45d-f1e9-4056-8f58-38e297b8837b.mp3'),(549,'BEST','static/songs/ebbb10c2-a7cb-466b-bde9-3d943202e129.mp3'),(549,'WORST','static/songs/9a6a0bfd-3d44-4a4f-9ba3-19a42c3a5d25.mp3'),(550,'BEST','static/songs/f29ffd5a-056b-46e4-ab08-563907def6da.mp3'),(550,'WORST','static/songs/f92a7724-23c9-4cbd-9b69-56f74cd083f8.mp3'),(551,'BEST','static/songs/aef0cb14-a571-452f-8e7f-9447b06b4c57.mp3'),(551,'WORST','static/songs/cdc5ee89-a56b-4aee-98df-525c5cf0fcb3.mp3'),(552,'BEST','static/songs/31630f11-c8b6-415b-94ac-919648a8a6e6.mp3'),(552,'WORST','static/songs/482cfede-67b2-4f29-889e-d4581d28746b.mp3'),(553,'BEST','static/songs/eed43585-5c30-4689-89c9-000fa4cf740b.mp3'),(553,'WORST','static/songs/7b7e79a8-fb61-46f2-b1eb-b51cd67434a9.mp3'),(554,'BEST','static/songs/d6318385-0c23-4733-bd8b-39789a64677f.mp3'),(554,'WORST','static/songs/1245b81c-c00a-4267-a310-bf9de877b618.mp3'),(555,'BEST','static/songs/03445c06-ec50-482e-a39e-badb72e5e943.mp3'),(555,'WORST','static/songs/f2e29976-24d0-451f-a991-47fd7426e9df.mp3'),(556,'BEST','static/songs/e82b10ac-2555-423d-8eef-c278fa47283f.mp3'),(556,'WORST','static/songs/3845e6d0-f834-490b-8759-1c184af64d48.mp3'),(557,'BEST','static/songs/8763bf71-c9a0-4d9e-ab17-64512b670a06.mp3'),(557,'WORST','static/songs/cdcee580-5542-49f3-b4bc-3ae859ca04f5.mp3'),(558,'BEST','static/songs/9577241e-2907-4371-888b-c4a76b300f60.mp3'),(558,'WORST','static/songs/0eec0ccc-f1e1-470a-a2b6-21324a9baf2f.mp3'),(559,'BEST','static/songs/ec6bf631-9c37-4de7-9a54-d2741e1610d4.mp3'),(559,'WORST','static/songs/b9f75750-853e-47cf-86e6-bf50a2807a87.mp3'),(560,'BEST','static/songs/7cccc2ff-b2ac-4eaf-abe2-b643af4bbbd0.mp3'),(560,'WORST','static/songs/a4040c46-c580-41cb-b94e-c28f78469c00.mp3'),(561,'BEST','static/songs/37f9a5a3-fdb3-44ce-8a23-85532c8e18d5.mp3'),(561,'WORST','static/songs/b4d4272d-a13f-488e-b22a-309f6252901e.mp3'),(562,'BEST','static/songs/798e0e41-9358-46ed-9456-ab13522538d4.mp3'),(562,'WORST','static/songs/4f55b3cc-ab4c-4f21-ba23-3680efffe585.mp3'),(563,'BEST','static/songs/418934b7-9917-48f3-9a78-4c1388c1c64c.mp3'),(563,'WORST','static/songs/5769db34-ae75-4aff-bf9d-12df17d6c582.mp3'),(564,'BEST','static/songs/3f22b158-0c46-460c-8bdc-75b045ff18af.mp3'),(564,'WORST','static/songs/9beb8a9f-3db1-4831-b93a-5b566dd1f1a3.mp3'),(565,'BEST','static/songs/4e44d886-e360-4a4b-9dd4-22817774808c.mp3'),(565,'WORST','static/songs/0e2ed327-4d0b-4d6c-a6d7-ee7e34cb6988.mp3'),(566,'BEST','static/songs/cf4874cb-64af-4764-a5bc-02e3caaa7c18.mp3'),(566,'WORST','static/songs/0b470746-7cd8-4650-afcc-e5f0db97dc80.mp3'),(567,'BEST','static/songs/d9ed925e-26d7-46e9-a95f-4c2344fb7a51.mp3'),(567,'WORST','static/songs/15ffed3b-102a-4348-b455-1081450f2ced.mp3'),(568,'BEST','static/songs/9a65b07c-c8e4-4646-86a0-d7424c996a5e.mp3'),(568,'WORST','static/songs/443f4053-c45a-484b-b2da-10f12e1b9c2b.mp3'),(569,'BEST','static/songs/7dc06621-129e-4dea-8871-a20e247dde99.mp3'),(569,'WORST','static/songs/03cdc4a9-025a-494c-82ba-22345f04db34.mp3'),(570,'BEST','static/songs/9200c881-315e-42b7-b8c6-23c462e1a407.mp3'),(570,'WORST','static/songs/e53410bc-a370-4535-8985-3656736dc8d2.mp3'),(571,'BEST','static/songs/d6729e41-4396-4a22-bc5b-7efaaef035ee.mp3'),(571,'WORST','static/songs/9792eb97-39d8-45a5-9a55-5d512103adc2.mp3'),(572,'BEST','static/songs/5cfca052-952d-4215-9c88-16e85633565d.mp3'),(572,'WORST','static/songs/907b704b-9bd0-444f-a5df-fb272f4f6ae2.mp3'),(573,'BEST','static/songs/064a286d-ac77-4da7-83fd-a79d2cd9a5ae.mp3'),(573,'WORST','static/songs/d20f5d5d-24c2-41bb-bb75-9616f4fe88d4.mp3'),(574,'BEST','static/songs/76ea96d6-a4de-4c82-a661-8bd51c275566.mp3'),(574,'WORST','static/songs/0e0f8a9e-8aab-450a-8faf-579c9bd85701.mp3'),(575,'BEST','static/songs/a66d3db8-abec-427c-93a5-7963911381cc.mp3'),(575,'WORST','static/songs/f757cb26-5a10-4223-bd7d-8e62d6a51b59.mp3'),(576,'BEST','static/songs/818ff177-1e11-4555-b519-1b5a1898004a.mp3'),(576,'WORST','static/songs/7ba52be9-35de-4c32-be41-9488945788fc.mp3'),(577,'BEST','static/songs/dbc7f6f0-f815-4d26-8e34-0ab7161bd20d.mp3'),(577,'WORST','static/songs/79d261e0-073d-491e-b198-5b139b874d18.mp3'),(578,'BEST','static/songs/5e01149c-7b72-499e-b618-0cbbd777e049.mp3'),(578,'WORST','static/songs/9fc16d8a-78cb-4e9f-a9c5-a207652207a8.mp3'),(579,'BEST','static/songs/cabd59f7-2005-4689-9613-912652c3c694.mp3'),(579,'WORST','static/songs/b3321d0e-8661-4d6b-85aa-a42e22b9d92c.mp3'),(580,'BEST','static/songs/dd26b2c3-d15d-4c5e-875b-9e550a6803eb.mp3'),(580,'WORST','static/songs/b5f75033-6695-46a2-9050-8d817428d8a4.mp3'),(581,'BEST','static/songs/cadb6f4b-b623-4acb-be60-547be6a3b8bc.mp3'),(581,'WORST','static/songs/a0b0f4ca-411a-4a3c-960e-3e061cf98aad.mp3'),(582,'BEST','static/songs/92542097-1ce0-49f9-be36-842ae6562127.mp3'),(582,'WORST','static/songs/0cc76c62-a6d5-41db-bf95-997a9828ef0a.mp3'),(583,'BEST','static/songs/86c4bd3a-5d06-41a0-ab67-07ef43d973b7.mp3'),(583,'WORST','static/songs/9a7cf51c-60d3-491c-88d4-ede0ba3809d7.mp3'),(584,'BEST','static/songs/b0e8243b-2b24-4d6b-970c-7c083dcb921b.mp3'),(584,'WORST','static/songs/698c53d0-77b6-43a1-a52c-898f3a2e30f7.mp3'),(585,'BEST','static/songs/c16bf0c0-addb-487d-be5f-a168bc41d5ce.mp3'),(585,'WORST','static/songs/7514c561-055b-48b3-8f87-b20cc02b8355.mp3'),(586,'BEST','static/songs/2d7ac1f7-fd5f-4048-9f1d-9db7d1b61a9a.mp3'),(586,'WORST','static/songs/5e0c4057-e8ab-4c03-b448-fc3d97dc33e6.mp3'),(587,'BEST','static/songs/b2878a64-400e-4049-ba0b-9cf1cabe0df0.mp3'),(587,'WORST','static/songs/e45b0d86-42da-4104-94d6-a38d90cf3209.mp3'),(588,'BEST','static/songs/5676654f-2dfb-4cdd-9430-6d747e9f0022.mp3'),(588,'WORST','static/songs/8fe6cccc-b6dc-4b1a-b437-e3a1e9a776ff.mp3'),(589,'BEST','static/songs/296bf39e-74d4-4356-b521-c10b7756c261.mp3'),(589,'WORST','static/songs/43b0ae46-206d-43d3-9bfd-e5c26ab915af.mp3'),(590,'BEST','static/songs/018a8920-d0fc-4e25-b4bd-c2e5a857d064.mp3'),(590,'WORST','static/songs/4c5f8ebd-477a-4000-ba10-d99175fdd350.mp3'),(591,'BEST','static/songs/d464f8e5-7775-4e95-add6-7d0948642c8a.mp3'),(591,'WORST','static/songs/d79ec4fa-1f03-4d6d-abab-fcc57ddfd74c.mp3'),(592,'BEST','static/songs/7db22463-1e16-40ff-b147-d032f54bd773.mp3'),(592,'WORST','static/songs/557ebebd-cc54-4c85-8feb-a36a402d3f44.mp3'),(593,'BEST','static/songs/11e21777-fb88-4db9-8d83-0682b0ccd0e2.mp3'),(593,'WORST','static/songs/5fc3c91b-3939-4416-8fb3-3511e497429e.mp3'),(594,'BEST','static/songs/df5b42f4-1b8b-4ad0-bf74-7e7e5cc63610.mp3'),(594,'WORST','static/songs/a6afb088-5ace-466d-a7e3-65db65b9e40b.mp3'),(595,'BEST','static/songs/eac28c98-338a-42e2-8a5b-cb5d51ffa869.mp3'),(595,'WORST','static/songs/e3f73145-2957-447f-a512-3f20b610c317.mp3'),(596,'BEST','static/songs/b396eec4-1c51-4d31-86d2-bb01c897b1cf.mp3'),(596,'WORST','static/songs/b5248303-9c8f-4d2f-99e1-6afb9e29b0e8.mp3'),(597,'BEST','static/songs/b15a80ea-b365-461d-80e8-153ee3fc7a67.mp3'),(597,'WORST','static/songs/dd369bf4-0988-4e95-9849-70950c7a57a8.mp3'),(598,'BEST','static/songs/47a0fcd6-bbde-457a-8aff-ddb9e8eedc57.mp3'),(598,'WORST','static/songs/31961bad-515d-4978-a381-ec2d31c94c30.mp3'),(599,'BEST','static/songs/ad311d40-cb57-44a7-96e5-fbef64f450a2.mp3'),(599,'WORST','static/songs/916a5e38-bb05-4c96-9322-cf9913ab83f2.mp3'),(600,'BEST','static/songs/57f0bab5-40be-4696-8f80-094cef007344.mp3'),(600,'WORST','static/songs/25ff8d15-8249-4d90-af9e-0a08f288d68e.mp3'),(601,'BEST','static/songs/886ca775-6d95-4d25-81e8-2cd3b8a8bcb1.mp3'),(601,'WORST','static/songs/451fdcac-5539-4f29-ad47-f9f742f82c38.mp3'),(602,'BEST','static/songs/ee7a4af5-5ad6-4d4f-a78b-c671d4d3127d.mp3'),(602,'WORST','static/songs/d57eed15-8437-4414-820b-d52b2eff3179.mp3'),(603,'BEST','static/songs/70504fca-6964-495c-bf2d-5bd491287c03.mp3'),(603,'WORST','static/songs/adb45757-444b-40b9-9889-af090e2e3c45.mp3'),(604,'BEST','static/songs/441b0c60-4e21-440c-9d34-d95a5598cd32.mp3'),(604,'WORST','static/songs/28610898-0687-42e1-af51-b4167549c56a.mp3'),(605,'BEST','static/songs/9361342a-94fb-4a9c-a33c-34261030434b.mp3'),(605,'WORST','static/songs/7b8a277a-5eea-4391-9a97-4fe27fce9e59.mp3'),(606,'BEST','static/songs/5ddf3f4e-e049-4ba8-b87d-d29c020cae76.mp3'),(606,'WORST','static/songs/e7eedc49-950b-416f-a3b3-51933a87dbf0.mp3'),(607,'BEST','static/songs/0339a40f-90cf-4d40-870f-a039e9521b89.mp3'),(607,'WORST','static/songs/cb8125ca-993f-4690-b327-fcb515b03661.mp3'),(608,'BEST','static/songs/464c5544-355f-4f50-9cbc-d76e580b55f8.mp3'),(608,'WORST','static/songs/50c864d9-a0f0-4686-aa51-7e7e72334753.mp3'),(609,'BEST','static/songs/264239a5-1be8-435d-a3d9-e08f838b42fc.mp3'),(609,'WORST','static/songs/044dae85-3230-4fdd-bd9a-c90dc46613a9.mp3'),(610,'BEST','static/songs/9e77df71-8a8a-41b7-9b70-569a8bceee98.mp3'),(610,'WORST','static/songs/63b1d749-a9b3-4654-8153-57b4c8770400.mp3'),(611,'BEST','static/songs/5be543c7-ae7b-42c7-9e43-068f484b7e9f.mp3'),(611,'WORST','static/songs/473a0e13-c785-4158-8762-42f11b56e456.mp3'),(612,'BEST','static/songs/2f4d63bc-b399-453c-b6d0-60ae941a3028.mp3'),(612,'WORST','static/songs/412dba91-2d56-4b1a-a338-52df49e4c45c.mp3'),(613,'BEST','static/songs/59b6b766-857d-4222-92ac-1fc57badedae.mp3'),(613,'WORST','static/songs/557977d0-1a8c-406c-a660-a6fd79cd3cb5.mp3'),(614,'BEST','static/songs/5ba94fd6-bf65-4a8f-9830-4c32fbf1726b.mp3'),(614,'WORST','static/songs/1ea1f98c-1024-4ecf-80af-c47b0ad86e1e.mp3'),(615,'BEST','static/songs/24ca50fe-5790-4aa2-bc4a-db296d72c742.mp3'),(615,'WORST','static/songs/70798aca-7ad4-4731-9a10-60a589082188.mp3'),(616,'BEST','static/songs/f9fffcee-0b9e-4ddf-9ad1-3623cad6b83e.mp3'),(616,'WORST','static/songs/a69c40ef-4286-4fae-892b-0650d1dccbde.mp3'),(617,'BEST','static/songs/f4a051e8-6157-4168-9078-800707aa4509.mp3'),(617,'WORST','static/songs/e7144118-6948-458c-82be-78c846066517.mp3'),(618,'BEST','static/songs/37913f6d-7595-4265-8c10-597d41c35808.mp3'),(618,'WORST','static/songs/11d8b7f8-3a37-47ee-935b-a61193fa8560.mp3'),(619,'BEST','static/songs/f946c998-fd30-4c76-8b28-3ce4a63f53e7.mp3'),(619,'WORST','static/songs/2995d0e3-7170-4ee4-8e62-56f9e1aa9e53.mp3'),(620,'BEST','static/songs/ec10a6b4-5171-43c8-9fb6-8e1e42f2670d.mp3'),(620,'WORST','static/songs/fd20c950-b2d0-44ef-bf1b-78b96a4ff8de.mp3'),(621,'BEST','static/songs/1f8926d1-0690-4589-93ea-e2aff447366a.mp3'),(621,'WORST','static/songs/b000cfb8-f947-4fad-9073-a4412ccef212.mp3'),(622,'BEST','static/songs/3170c5bd-5b13-449a-bf61-11704582605d.mp3'),(622,'WORST','static/songs/4d8db8ae-4a58-4b37-9f85-cec0e8144c96.mp3'),(623,'BEST','static/songs/9f64ca4e-53ae-4dac-bbca-dc770eefb24b.mp3'),(623,'WORST','static/songs/602d5617-19ba-4ccb-b3af-455830fac5a5.mp3'),(624,'BEST','static/songs/0755603b-ed17-4d7e-888e-6167baf72369.mp3'),(624,'WORST','static/songs/6b5813ad-122b-4544-9244-2be33477cced.mp3'),(625,'BEST','static/songs/ad4349f0-51fe-45b8-b2fc-e456973b8971.mp3'),(625,'WORST','static/songs/4d2317fb-7434-4ba0-8259-62b34c0addda.mp3'),(626,'BEST','static/songs/458abc41-d920-413d-aa42-233b5ecb61ac.mp3'),(626,'WORST','static/songs/b4e5bc57-3f13-412a-b4b9-9b3d10b11ccb.mp3'),(627,'BEST','static/songs/88e3e315-af24-4cfa-8b56-8fece253ae6e.mp3'),(627,'WORST','static/songs/6747d03e-6f47-4390-b4f5-386013a647ce.mp3'),(628,'BEST','static/songs/71864a83-28ac-432a-87e6-d9c9f9b05e47.mp3'),(628,'WORST','static/songs/06c71da7-755d-4844-9b8f-af5258026e5c.mp3'),(629,'BEST','static/songs/e5db45c7-1288-45e4-8bf8-8e7f5c397917.mp3'),(629,'WORST','static/songs/571b2a83-a0b6-4967-87b3-5bc4766c1cfa.mp3'),(630,'BEST','static/songs/389c4ac0-89d5-4ca4-b8a6-16283dc4d45d.mp3'),(630,'WORST','static/songs/b707499f-94ee-4f52-9e68-38b016ed8b2b.mp3'),(631,'BEST','static/songs/8b34d330-7d96-4609-aeb8-7444fc68ce5c.mp3'),(631,'WORST','static/songs/c20667e8-b1c7-42e3-a3ad-6a6bc34dee10.mp3'),(632,'BEST','static/songs/03a92901-9259-4f6a-a3b2-205fb24d540d.mp3'),(632,'WORST','static/songs/1a82c5c6-0fe2-495d-bf7e-965db485d182.mp3'),(633,'BEST','static/songs/0843eda9-9455-43a6-9922-27936be81b2e.mp3'),(633,'WORST','static/songs/103fc799-11ec-41a6-a32f-75f8875a86de.mp3'),(634,'BEST','static/songs/10c0ca3d-cff0-42ed-93cd-fe51fbafdb51.mp3'),(634,'WORST','static/songs/f2d5f6a4-849d-4a00-9259-e466ca8a9e49.mp3'),(635,'BEST','static/songs/56aea072-0e98-4962-af77-1c856d26b840.mp3'),(635,'WORST','static/songs/e0074c95-995a-4695-91d8-ca156220eb07.mp3'),(636,'BEST','static/songs/f9efa3b0-dcac-49e4-9990-c34e6445cd50.mp3'),(636,'WORST','static/songs/c62f9a64-2812-4d11-a2b3-fae33281b3ac.mp3'),(637,'BEST','static/songs/31410e02-7573-4a53-8b19-bf2b0321e784.mp3'),(637,'WORST','static/songs/ec4557a9-3c3d-4821-b872-965d9f78c5f4.mp3'),(638,'BEST','static/songs/d9b97188-4ca0-45f5-a805-5e281762ff73.mp3'),(638,'WORST','static/songs/292f8092-f86e-489c-a7c5-3a1ddffd156f.mp3'),(639,'BEST','static/songs/5e3a8cd6-daa7-42e1-9ad8-5d0fab36a2da.mp3'),(639,'WORST','static/songs/592b84a3-343e-460c-af29-222cd428e573.mp3'),(640,'BEST','static/songs/0cf57bc7-2de0-4858-9eb0-32c92b13dc99.mp3'),(640,'WORST','static/songs/4f73b359-0397-4f8c-92aa-d660a0888e0e.mp3'),(641,'BEST','static/songs/53264a73-9ca0-415d-a209-0020b19f1f57.mp3'),(641,'WORST','static/songs/01653954-c0c4-4ff7-8211-b6b9040ce377.mp3'),(642,'BEST','static/songs/88fdd5da-84ab-492e-8e25-d68ed43ab9c6.mp3'),(642,'WORST','static/songs/ee8a4990-0c00-4139-a503-fb827147889f.mp3'),(643,'BEST','static/songs/4c62e4be-269a-42bb-9764-a0be2a2c8dee.mp3'),(643,'WORST','static/songs/a0e9641c-f67b-4aaa-a844-548e09d2ff5f.mp3'),(644,'BEST','static/songs/26ea1824-51f5-4372-a77f-dc05d1d62b93.mp3'),(644,'WORST','static/songs/983e8299-dba5-40de-b682-0f763b4c8458.mp3'),(645,'BEST','static/songs/da27874e-da05-4d16-9714-57114951c5c1.mp3'),(645,'WORST','static/songs/54ceb3e7-604c-4ee9-818b-dafd7be5ca2e.mp3'),(646,'BEST','static/songs/0eccdb8c-fb58-4739-ae0c-cf102e87c8a7.mp3'),(646,'WORST','static/songs/5022d212-c19b-45ce-9f19-606d8f550d0f.mp3'),(647,'BEST','static/songs/ecab24ac-e796-4c08-9abc-2c94e7fff96e.mp3'),(647,'WORST','static/songs/2b06b6bf-1a38-4065-964e-5ea9c60ef16e.mp3'),(648,'BEST','static/songs/38836d61-3655-41a6-b13c-c7935cc8e44e.mp3'),(648,'WORST','static/songs/e42192d6-f30f-4bb8-abb9-652c7e8fc405.mp3'),(649,'BEST','static/songs/1ba8c0f1-f32e-4c36-bead-9b0d3f26a901.mp3'),(649,'WORST','static/songs/e5c97c16-2b47-4205-a8e3-b298449c4bee.mp3'),(650,'BEST','static/songs/7c0ab94a-7120-4312-913b-f37fed14b970.mp3'),(650,'WORST','static/songs/20ee3569-2480-46bf-ac79-b1215e413ae6.mp3'),(651,'BEST','static/songs/566eb836-b9a8-4be6-af90-41518ea0b8d2.mp3'),(651,'WORST','static/songs/86ca52f5-5bea-430a-9adf-c8a5bf82bcab.mp3'),(652,'BEST','static/songs/dab84de8-b9dc-4a1e-b728-858f16b07530.mp3'),(652,'WORST','static/songs/29890235-6a88-4ad3-b7d3-5d517e490881.mp3'),(653,'BEST','static/songs/377990cd-d1b3-494d-a117-9f4f6282839c.mp3'),(653,'WORST','static/songs/af087019-fa10-45cd-9bb2-008b4964cd54.mp3'),(654,'BEST','static/songs/fa449d4f-fd94-4e33-875c-9d3867bf7d4c.mp3'),(654,'WORST','static/songs/7c7a9847-0977-48fb-bc5f-9c0c98b42084.mp3'),(655,'BEST','static/songs/4ceddda9-4ab8-44b2-bc82-6b10605d5131.mp3'),(655,'WORST','static/songs/61b9db0c-8813-4106-91b4-cb5577cfb40a.mp3'),(656,'BEST','static/songs/b29a2efc-ad92-4c2b-aa3d-0d539c44535c.mp3'),(656,'WORST','static/songs/609a80ce-d3e5-4784-a1f4-3e578053bde1.mp3'),(657,'BEST','static/songs/17ebf94a-c491-42af-98bb-ac5caba9b977.mp3'),(657,'WORST','static/songs/a9fc234f-8a25-4ad0-98c7-bf2527d87242.mp3'),(658,'BEST','static/songs/05c58f5f-4004-47dc-93ef-88dfc5e59ac6.mp3'),(658,'WORST','static/songs/5529fa4a-b46e-4f07-a0fd-4adf5895af59.mp3'),(659,'BEST','static/songs/32e52b81-4ee7-40ae-b994-b5357a0a4ce7.mp3'),(659,'WORST','static/songs/51538679-dac2-4393-83d1-a601f9707918.mp3'),(660,'BEST','static/songs/c3d918ba-5582-4f9c-bcd9-5442b8f8ecd5.mp3'),(660,'WORST','static/songs/2a0430d8-fc7f-47fc-b3a1-62b300fad040.mp3'),(661,'BEST','static/songs/5f205e59-2368-4216-9839-4e15e317788b.mp3'),(661,'WORST','static/songs/382a30fa-ef6a-4c41-b130-5776cd1ef04f.mp3'),(662,'BEST','static/songs/b6a4bfeb-e044-43c4-bfc1-438232b2386b.mp3'),(662,'WORST','static/songs/50355ee3-9bdf-4f8f-b717-0a57649650eb.mp3'),(663,'BEST','static/songs/7f8244ab-9450-48c4-9046-881550d917bb.mp3'),(663,'WORST','static/songs/75c70bd7-35cf-4109-b473-9caa1150c2c4.mp3'),(664,'BEST','static/songs/f976376e-2645-4874-a09a-987baf1e5b6e.mp3'),(664,'WORST','static/songs/d8ea5281-1705-429d-9ec5-b5a9535d059b.mp3'),(665,'BEST','static/songs/f57aeede-d988-4006-8473-ec59518973f3.mp3'),(665,'WORST','static/songs/74fb1c6b-3482-41a5-a1f7-021d1cb72a60.mp3'),(666,'BEST','static/songs/7643d2ed-c837-4e1b-8cf6-e7606518ccee.mp3'),(666,'WORST','static/songs/d52eb642-ae04-4447-aa11-c3fd5bb46898.mp3'),(667,'BEST','static/songs/6cbb1a24-7e10-4820-9edf-bbbcd357467c.mp3'),(667,'WORST','static/songs/035ae762-0352-414a-9119-47ba7be168ad.mp3'),(668,'BEST','static/songs/6544d4cf-bba1-4589-9dcc-e8633be54a06.mp3'),(668,'WORST','static/songs/b0ac5ed5-6a85-4361-bb20-82b3c5355394.mp3'),(669,'BEST','static/songs/8c6efbe5-1fb0-4c4a-8ec8-522d3cc1335d.mp3'),(669,'WORST','static/songs/b8fdcaa5-8c3f-4ab0-9a51-40429e5cc5f9.mp3'),(670,'BEST','static/songs/fa52d483-5cb2-4ec3-a107-db9207f9c221.mp3'),(670,'WORST','static/songs/5f3682b5-972c-4bb2-963d-7ef5eecf6a84.mp3'),(671,'BEST','static/songs/959559d8-3ed0-415d-b890-4258ce0415d8.mp3'),(671,'WORST','static/songs/3f2ffa40-2533-4a66-b7a6-5cb76ccde177.mp3'),(672,'BEST','static/songs/596985a9-ad14-41d2-83a8-6b6f7c785e33.mp3'),(672,'WORST','static/songs/91ef2e1d-26b6-4c6d-a04f-ec27d376b08d.mp3'),(673,'BEST','static/songs/f2375be6-46f6-41d6-9440-939925c53513.mp3'),(673,'WORST','static/songs/8dbb2ae0-bc31-40f3-ac67-56dde48dcf75.mp3'),(674,'BEST','static/songs/d632a145-74be-4d74-b848-a84820bfe8f8.mp3'),(674,'WORST','static/songs/b85ba750-6a68-4489-ab25-94adab621e9b.mp3'),(675,'BEST','static/songs/cf996d2b-5903-40e0-95ec-ccb2fd99fd4f.mp3'),(675,'WORST','static/songs/03571039-c60c-486f-800f-48264e9cd58a.mp3'),(676,'BEST','static/songs/1b2339a4-c9c5-4a82-b343-7d44f9f67d63.mp3'),(676,'WORST','static/songs/09a538f5-0aa1-4035-8b49-ab2cbe9e6528.mp3'),(677,'BEST','static/songs/ca33be6e-bfbf-4d3b-b79c-f7565df0e329.mp3'),(677,'WORST','static/songs/0c95ef01-4f0b-4e2d-9471-ade3812c4f92.mp3'),(678,'BEST','static/songs/b629e000-6325-452f-95f7-61d5f9d53aa9.mp3'),(678,'WORST','static/songs/6563245f-8445-4264-8c20-a2f089d15651.mp3'),(679,'BEST','static/songs/79e28f93-7739-47a7-bae5-23685cf7e10e.mp3'),(679,'WORST','static/songs/50e4a584-9c6f-4616-b736-b7ac34f3c87c.mp3'),(680,'BEST','static/songs/c8c7d138-b52c-4614-bcf2-cf3b56cd5f9a.mp3'),(680,'WORST','static/songs/c50cb27c-9fd1-449e-adc2-6cc23eec86e7.mp3'),(681,'BEST','static/songs/c368c31d-cf04-4068-84c8-99785ee3b983.mp3'),(681,'WORST','static/songs/f9f97abf-fafd-4172-98f1-ed38dd00097d.mp3'),(682,'BEST','static/songs/b461602e-908a-4fd6-9884-de70b7393b58.mp3'),(682,'WORST','static/songs/06cfa430-8d98-4593-992b-1e26e83af9c1.mp3'),(683,'BEST','static/songs/807bf722-eab7-48a6-8c79-ff13f6713d25.mp3'),(683,'WORST','static/songs/896dc190-9610-4f25-a543-328b2911580b.mp3'),(684,'BEST','static/songs/b62814f8-3433-4dc8-bafc-4341ff25cbe7.mp3'),(684,'WORST','static/songs/69a261a3-c8d8-4062-b8d3-3496265c75c9.mp3'),(685,'BEST','static/songs/51b9d970-117b-404e-97e9-e88b7b4bbdf2.mp3'),(685,'WORST','static/songs/f0880d88-08ce-441b-862c-a8b2c4531364.mp3'),(686,'BEST','static/songs/e2b8e78e-af46-4f20-aac8-4d5ec38bc2c9.mp3'),(686,'WORST','static/songs/50fc51c9-4af2-4873-bf0e-5097c65475ba.mp3'),(687,'BEST','static/songs/bf3dfb79-da6b-4a74-97a1-1cc4218a18b5.mp3'),(687,'WORST','static/songs/a2588bca-8af6-4db2-b690-bdda09bd5224.mp3'),(688,'BEST','static/songs/7d037fa0-f64d-4aa8-84c3-b8abbc13181f.mp3'),(688,'WORST','static/songs/3a580c04-9ab5-40b7-8c05-5c724e1cd899.mp3'),(689,'BEST','static/songs/4a1ae71c-b676-40c3-81a8-679094ccbcb8.mp3'),(689,'WORST','static/songs/adcb7188-679e-47d5-87f3-e3259dc44168.mp3'),(690,'BEST','static/songs/ed9934b1-d3bd-4047-9105-55c961c93673.mp3'),(690,'WORST','static/songs/35378cce-3db3-4268-870d-a7d96631a031.mp3'),(691,'BEST','static/songs/7924491f-3c90-4506-9f31-fade527e67d1.mp3'),(691,'WORST','static/songs/839e0ab9-31c1-4f33-8812-725f088a452c.mp3'),(692,'BEST','static/songs/ccdd3c1f-938c-4d37-aa52-5052d4eea541.mp3'),(692,'WORST','static/songs/a2a2ee96-dd08-408d-9f6e-56dac00c6451.mp3'),(693,'BEST','static/songs/6a928d4f-5ef3-4898-84eb-247f6f93b5d6.mp3'),(693,'WORST','static/songs/69785428-f4ac-4998-a731-a1aa5e0a9c47.mp3'),(694,'BEST','static/songs/a2aba48d-1a42-4a21-9834-65b68b4bbcea.mp3'),(694,'WORST','static/songs/1242418c-40a3-47ff-ba88-a63cfd2c3c7a.mp3'),(695,'BEST','static/songs/b38fdb73-b0a8-46ad-b183-fc3d4794f0a0.mp3'),(695,'WORST','static/songs/0cbbd4c1-e587-4143-bfda-2536944f9d1c.mp3'),(696,'BEST','static/songs/53b09824-0081-41b8-ae24-5f29ab4382f4.mp3'),(696,'WORST','static/songs/5e54f02c-b9a0-4136-b72c-0017b12e8b2d.mp3'),(697,'BEST','static/songs/9814da3b-0e5e-4066-9208-e24fd55aea9d.mp3'),(697,'WORST','static/songs/82f6c10a-4594-4c7b-8442-0dede56187a2.mp3'),(698,'BEST','static/songs/14c446ea-c8f7-414f-b7e9-4b0782b9a88d.mp3'),(698,'WORST','static/songs/fe67ba74-9587-4a64-81a0-096d5f9eb063.mp3'),(699,'BEST','static/songs/5a693e1d-ce57-48b0-b987-378c725040d5.mp3'),(699,'WORST','static/songs/104bb4ef-39c4-45cc-9a36-9a82f0c3534f.mp3'),(700,'BEST','static/songs/7931b70e-68d4-4376-b2b1-52262b3ff9cc.mp3'),(700,'WORST','static/songs/1db13eb7-4460-4bc6-b4ed-66040a1cb195.mp3'),(701,'BEST','static/songs/3a3860ae-0948-4585-86da-5f496b624657.mp3'),(701,'WORST','static/songs/0aac2a95-68cc-474d-b296-a76df4d37362.mp3'),(702,'BEST','static/songs/9c5eda84-5747-4b38-badc-7e8f1c2b8d0f.mp3'),(702,'WORST','static/songs/81a175e5-f86d-41a5-bf31-6bb390e949cf.mp3'),(703,'BEST','static/songs/155df966-5327-4496-9e0e-ca2e41c88d69.mp3'),(703,'WORST','static/songs/d02cf3a3-dca0-4b6c-9bb4-6b10bc65c2af.mp3'),(704,'BEST','static/songs/05870394-f72b-4b1e-8cbf-6c8b8d1c8b72.mp3'),(704,'WORST','static/songs/d0ddd748-8522-4047-a611-fa036a818df3.mp3'),(705,'BEST','static/songs/592c6e9e-758f-4a7d-8064-5e8c086de849.mp3'),(705,'WORST','static/songs/0317b3b6-51f0-4f74-8e85-d488927dbcce.mp3'),(706,'BEST','static/songs/854a4c05-a8c3-421a-a16a-a94a9a0340cd.mp3'),(706,'WORST','static/songs/39afa350-39e6-4318-9785-fb8b5eac7d7c.mp3'),(707,'BEST','static/songs/8b451dbf-53fd-4971-92a8-65ab04517fed.mp3'),(707,'WORST','static/songs/cb6d3198-b730-4e60-a285-fbb6ff51821c.mp3'),(708,'BEST','static/songs/df11ef57-931a-4842-a90c-395c2b4421bf.mp3'),(708,'WORST','static/songs/ae2c2ef2-2c44-44ef-9baa-d4e05a0819cf.mp3'),(709,'BEST','static/songs/4ac0e0e1-ae02-4f13-b2ba-0d2158a70da6.mp3'),(709,'WORST','static/songs/3c2027a3-16a8-4141-84b5-011ac75a9efa.mp3'),(710,'BEST','static/songs/8bb6a7d3-02cd-41e4-88c8-85646e58b15c.mp3'),(710,'WORST','static/songs/007c3cec-239a-43aa-acc0-6b10c05dabfb.mp3'),(711,'BEST','static/songs/bdfaa97b-480f-4254-98ac-2f14f80a44fd.mp3'),(711,'WORST','static/songs/d68aae35-91e3-4158-acbf-1f5dd59d1a1a.mp3'),(712,'BEST','static/songs/1f1b5b24-d356-4b8f-88e2-416122763c19.mp3'),(712,'WORST','static/songs/e06393ec-f64b-425c-b0da-7f1cbd1a1303.mp3'),(713,'BEST','static/songs/7b3765f9-80e9-432f-9a63-9db71e79facc.mp3'),(713,'WORST','static/songs/773d1aa2-a134-4a63-b084-f9a0b1b9056d.mp3'),(714,'BEST','static/songs/1a0a08f8-3956-44f9-8b3f-9db81cfd816f.mp3'),(714,'WORST','static/songs/e30261c5-183d-4825-ba7a-bdabc2950f44.mp3'),(715,'BEST','static/songs/b3e4d469-3529-4b19-9ba9-7cd24ccc6fda.mp3'),(715,'WORST','static/songs/b7193939-da4e-48e8-8cb4-e77146f4e99e.mp3'),(716,'BEST','static/songs/77ac8ad0-874d-4c3a-88bf-b0c277ed5f4e.mp3'),(716,'WORST','static/songs/123ae493-5656-42e8-a2bc-e2e0f04bf2ca.mp3'),(717,'BEST','static/songs/b7dfd57c-be75-41e1-9d08-77b912d2ad6f.mp3'),(717,'WORST','static/songs/46f70a20-7ccf-4959-93ed-ba418bf49bc8.mp3'),(718,'BEST','static/songs/a01b673e-2beb-40c2-ab4a-5bc768339ed9.mp3'),(718,'WORST','static/songs/112cea1b-074d-4d2c-b19e-5b8a7456117a.mp3'),(719,'BEST','static/songs/8dbf4c5e-c258-4337-9405-ed53a910845b.mp3'),(719,'WORST','static/songs/68677141-09cf-48dd-a919-64f0e2f13213.mp3'),(720,'BEST','static/songs/023be572-0962-4e8f-b8c4-48f436ece793.mp3'),(720,'WORST','static/songs/53093add-ade9-46ae-8165-c6debad6235c.mp3'),(721,'BEST','static/songs/f89b42fb-4d65-403d-ae4c-ea090c57e639.mp3'),(721,'WORST','static/songs/fb39beda-a7e4-4be0-ac70-69f9c3be38e5.mp3'),(722,'BEST','static/songs/2eb2aba8-5712-46cd-a05f-e7afbbebf497.mp3'),(722,'WORST','static/songs/aaaab95f-48f7-4ec7-8f5c-53289b218c1a.mp3'),(723,'BEST','static/songs/2012b2b1-8bb9-4c80-a2e9-3e6070195487.mp3'),(723,'WORST','static/songs/9afc4ea7-b3cc-4308-a82c-04c9ac9e779d.mp3'),(724,'BEST','static/songs/400eb9e1-a2fa-4a63-bb86-e2c8cc44295a.mp3'),(724,'WORST','static/songs/acd6c0b1-2ffe-4f07-9b82-fefe7edcc474.mp3'),(725,'BEST','static/songs/cfa6c030-a11c-496b-9aae-41fc44777550.mp3'),(725,'WORST','static/songs/1174eae0-5278-4068-a62b-c2784d6b088d.mp3'),(726,'BEST','static/songs/2f843936-be7a-4856-908e-d78df0f968d9.mp3'),(726,'WORST','static/songs/1087dc7f-a4e4-4915-85ef-77d8f1adfc52.mp3'),(727,'BEST','static/songs/261a8fb0-1eab-4b69-a471-32b8208e2e02.mp3'),(727,'WORST','static/songs/4d1f9650-0325-465b-84f4-051b56cf50a0.mp3'),(728,'BEST','static/songs/c3105b8b-7028-4eef-aaf5-97c60003e71f.mp3'),(728,'WORST','static/songs/ac48c219-e9a0-4d94-bb8c-e46e62dc2e49.mp3'),(729,'BEST','static/songs/35747a0a-4002-43f5-9f7e-5a7526d7fb1a.mp3'),(729,'WORST','static/songs/b11b92da-bf60-4749-810d-28262f529f6f.mp3'),(730,'BEST','static/songs/dd0f8685-3f0d-454d-8c23-994b21a10900.mp3'),(730,'WORST','static/songs/1366c544-e83a-462c-926f-ef1f0557e984.mp3'),(731,'BEST','static/songs/a9fe8ea8-1b40-408e-beb6-47cf29ebc41b.mp3'),(731,'WORST','static/songs/732ca807-5229-44a2-ba96-b724f8863e57.mp3'),(732,'BEST','static/songs/11853524-d978-4b0c-a4cb-6a2b3dd4856e.mp3'),(732,'WORST','static/songs/7ec8ccb6-717f-4a92-a102-c24d4594e0a3.mp3'),(733,'BEST','static/songs/701ec502-2ff1-4a3a-b5fa-0edc3e494510.mp3'),(733,'WORST','static/songs/323017db-0b27-43cc-a222-ced520105a4f.mp3'),(734,'BEST','static/songs/b55fa1be-248f-400d-b95a-a0e9b2f668ff.mp3'),(734,'WORST','static/songs/4512260f-4074-426c-9b84-4e707c8b4696.mp3'),(735,'BEST','static/songs/823fcb4c-2558-4f71-b165-3dcddc711269.mp3'),(735,'WORST','static/songs/e6266fa1-2f0f-420a-a42e-8b7cd2ea4868.mp3'),(736,'BEST','static/songs/9acde1e1-5459-430e-9d23-b8f516714f16.mp3'),(736,'WORST','static/songs/53aeb148-9661-4f0d-8836-a41984e1795b.mp3'),(737,'BEST','static/songs/e08729c0-0e0b-407e-803f-d42aafca6490.mp3'),(737,'WORST','static/songs/ae5d2a4d-5668-42a5-933d-23b31ab20d77.mp3'),(738,'BEST','static/songs/7fed8bc0-2d16-4bdc-82c0-adc17f102a26.mp3'),(738,'WORST','static/songs/5932b24e-dab5-40b5-b67c-b6ff9ebd365c.mp3'),(739,'BEST','static/songs/135d75af-8fc7-4697-8453-214305bc510c.mp3'),(739,'WORST','static/songs/60dedc30-bd66-42cb-85cc-2884d28dd6a6.mp3'),(740,'BEST','static/songs/fab16ccc-4c1d-4bbc-802d-b2bc403e29e5.mp3'),(740,'WORST','static/songs/d64d7f7f-a4ba-4309-acaf-fe85fbb4d578.mp3'),(741,'BEST','static/songs/e3232169-5479-4884-a32c-d69a48dd19f9.mp3'),(741,'WORST','static/songs/546dab73-4c0d-466a-9799-3e6391a458fe.mp3'),(742,'BEST','static/songs/46290ab7-0c70-48c4-94a2-b41cc51f1015.mp3'),(742,'WORST','static/songs/7c31b614-0c9e-4de6-a81a-bda1b57f4510.mp3'),(743,'BEST','static/songs/b4d0f6d2-5c2e-49c2-af0c-8ea067fc242f.mp3'),(743,'WORST','static/songs/22b3327b-1fcc-427b-aceb-30550f943298.mp3'),(744,'BEST','static/songs/bb9a3e73-29cc-4889-8fc7-ebe382124435.mp3'),(744,'WORST','static/songs/c00d883b-7c6e-4204-b7ac-39998355238a.mp3'),(745,'BEST','static/songs/56c17a63-e787-43c8-b0e0-9c013b4c3250.mp3'),(745,'WORST','static/songs/e2eba965-b3bf-440c-b567-72fa0953ea1f.mp3'),(746,'BEST','static/songs/3856187b-b175-4fbb-aa85-019346c7a6dc.mp3'),(746,'WORST','static/songs/a5409c16-b539-4236-be65-2a2f448778ed.mp3'),(747,'BEST','static/songs/4e6ea092-5486-41fb-8450-d5d4a5e53dbe.mp3'),(747,'WORST','static/songs/f98940fc-ccda-4802-9db7-7edef7bf0b41.mp3'),(748,'BEST','static/songs/b27a6e4b-bdb7-49fe-a1ca-16be3416709a.mp3'),(748,'WORST','static/songs/8112925e-6ab1-4b63-a9c4-a65c8448cb3a.mp3'),(749,'BEST','static/songs/95ff2bfe-8928-47f3-befc-9afcc5d9ed39.mp3'),(749,'WORST','static/songs/cac810a2-2f46-416d-9284-dda54ab3a290.mp3'),(750,'BEST','static/songs/e147f930-ffba-4559-a70b-b3c92a12eb52.mp3'),(750,'WORST','static/songs/37acb59a-59d7-4c2a-9a3e-1bdb9ba9bfce.mp3'),(751,'BEST','static/songs/bd064678-afe5-46ff-8b8e-1ff1f06619e9.mp3'),(751,'WORST','static/songs/0927cdd2-2d3c-49ef-a954-5fb8078dc139.mp3'),(752,'BEST','static/songs/7e7d81af-cc59-4184-8140-85fd8930204c.mp3'),(752,'WORST','static/songs/2d8312fc-b959-4c3a-91bd-ebbb0a7c4cea.mp3'),(753,'BEST','static/songs/7d787961-1d87-4ef8-af39-6e9d37cda634.mp3'),(753,'WORST','static/songs/aa45de44-dcb5-4df4-ada6-0d68e13f8de4.mp3'),(754,'BEST','static/songs/46988c5d-7125-47fb-8b5f-04319c1fc320.mp3'),(754,'WORST','static/songs/3842cb5b-4597-4520-9c25-c7eb51d17578.mp3'),(755,'BEST','static/songs/c3dfec34-5223-48f6-86b4-52bb65bcc727.mp3'),(755,'WORST','static/songs/23837fc8-3802-410d-b81b-9c639fbdf029.mp3'),(756,'BEST','static/songs/248ff2a5-50f1-4fff-9fb6-ca26f1cb34c0.mp3'),(756,'WORST','static/songs/b334ca64-376c-4ccf-88a9-15cdf049940c.mp3'),(757,'BEST','static/songs/88b89346-2ad0-4b28-911d-2e89bbeb1ad8.mp3'),(757,'WORST','static/songs/36e42699-f883-44fd-8b77-a974ec9c05cb.mp3'),(758,'BEST','static/songs/c778e755-cf7b-44c5-961b-99ff93b50006.mp3'),(758,'WORST','static/songs/84a4398a-1b88-4234-997d-6b5134a51095.mp3'),(759,'BEST','static/songs/df22d64b-592f-4786-b876-21a77cb1cc1e.mp3'),(759,'WORST','static/songs/2f40268d-511b-4cc7-8e23-0ba55e1da1a8.mp3'),(760,'BEST','static/songs/c35f8a5a-2f13-4209-988a-9bd54eb05a6b.mp3'),(760,'WORST','static/songs/18883c86-677c-4200-b961-9f2bda4209ce.mp3'),(761,'BEST','static/songs/8a67ba52-e26a-440d-ac4a-e8603fac0852.mp3'),(761,'WORST','static/songs/4c0adc95-ef01-44a1-a45e-d6269d2736ba.mp3'),(762,'BEST','static/songs/cf89fe9b-9112-4d18-9b2a-5f4345ad4e53.mp3'),(762,'WORST','static/songs/5ef2b42b-0c44-4694-bcd9-82112c11c924.mp3'),(763,'BEST','static/songs/cb56ccda-e3b9-4411-a9cb-360208c8b3d4.mp3'),(763,'WORST','static/songs/cf95fd3c-4327-4bcc-b0f0-e984ea10dcdc.mp3'),(764,'BEST','static/songs/437ca0ce-57f1-440e-91ca-13241356c411.mp3'),(764,'WORST','static/songs/c450f769-98b2-4d03-8303-ab65f8c79b1c.mp3'),(765,'BEST','static/songs/dbd7febc-781c-489e-8449-cb2cd1cf1def.mp3'),(765,'WORST','static/songs/28d3518c-2ea7-4ee2-91d5-80814e78dd25.mp3'),(766,'BEST','static/songs/eaa897c2-4ca6-423d-9aaf-504a719283fa.mp3'),(766,'WORST','static/songs/05bb4d11-eb38-49fd-bf57-526cca62409a.mp3'),(767,'BEST','static/songs/94d4d75b-c882-4a7b-aa50-e657a5ffd1be.mp3'),(767,'WORST','static/songs/5a0a5de7-e889-4122-8669-9e8a7008ef6a.mp3'),(768,'BEST','static/songs/fd2df522-209f-4ad7-8dfd-1a5f4196398a.mp3'),(768,'WORST','static/songs/b12a92b2-3d06-4fad-88e0-3d7a5220f7ca.mp3'),(769,'BEST','static/songs/94c2a2a1-de98-4ba0-a021-f03d76fdbcca.mp3'),(769,'WORST','static/songs/750c4a38-20f7-4aec-bbc0-5381dd8b6402.mp3'),(770,'BEST','static/songs/44f23d76-1fd7-4307-aeed-96bb5866b3e7.mp3'),(770,'WORST','static/songs/0e72e560-f206-4863-8742-bb9958383045.mp3'),(771,'BEST','static/songs/f3784e9b-9bab-448e-9264-40b821abb688.mp3'),(771,'WORST','static/songs/37825bb7-e99d-498e-9ae8-b4f41ca91da8.mp3'),(772,'BEST','static/songs/85e9b76a-7107-4807-accc-d34c10096e67.mp3'),(772,'WORST','static/songs/c75cb2d6-a334-4626-9633-64fa48d71b04.mp3'),(773,'BEST','static/songs/3b51e517-2c0a-4c79-b407-c7d6620165fe.mp3'),(773,'WORST','static/songs/01d2c615-a52b-4f4b-a709-0ecda2ff48d9.mp3'),(774,'BEST','static/songs/34e8d39b-c2f1-4758-a1f2-04510a187c1f.mp3'),(774,'WORST','static/songs/92f74968-5fbc-4b6a-81a1-1e6d904f3c08.mp3'),(775,'BEST','static/songs/a386f77d-a7ac-40b6-852f-7c3673a08e11.mp3'),(775,'WORST','static/songs/d618b146-f8a4-48d3-b4b2-27357d083f65.mp3'),(776,'BEST','static/songs/29931269-8a73-47fb-89a0-49ca9943827d.mp3'),(776,'WORST','static/songs/ca68d715-cb22-42f4-83e3-f51d2e02fba5.mp3'),(777,'BEST','static/songs/5683b909-1bc9-4c8c-b76b-81189df78071.mp3'),(777,'WORST','static/songs/1ce8f374-bc82-440e-bb5c-91bfac51fb8e.mp3'),(778,'BEST','static/songs/eaba4a36-07c3-433c-829a-1d45298a40db.mp3'),(778,'WORST','static/songs/6078b02c-4367-4949-ae88-794f57ab5abb.mp3'),(779,'BEST','static/songs/1906aa0e-dca3-430d-9118-65c1f3b489ec.mp3'),(779,'WORST','static/songs/2ff8cac2-415c-4c64-a9ab-2965fb0d772d.mp3'),(780,'BEST','static/songs/09ff5696-6997-487e-a8f1-f8d7085e28af.mp3'),(780,'WORST','static/songs/25a3d84a-83a1-451f-937b-52be7aadbde2.mp3'),(781,'BEST','static/songs/9d3b7605-5f90-44fc-a7fb-bf5adf7ee897.mp3'),(781,'WORST','static/songs/ba3af8a2-5a76-40f9-ba10-329b83377fa4.mp3'),(782,'BEST','static/songs/eafd509c-15b8-45d0-9715-cc55c3eb13d6.mp3'),(782,'WORST','static/songs/a017b383-0cb6-492f-863c-4adfb41ba344.mp3'),(783,'BEST','static/songs/c14d7fcb-f2fb-496a-a1a3-e6d4140c8213.mp3'),(783,'WORST','static/songs/275953ed-2a1e-4117-8db6-2d4b54039216.mp3'),(784,'BEST','static/songs/253eb384-5e42-4746-8797-c47b627f41d1.mp3'),(784,'WORST','static/songs/23673c4c-d54d-4efa-9dd7-e4d34bd21c9f.mp3'),(785,'BEST','static/songs/ea78745f-b2a9-41d7-983c-5e421d724f9c.mp3'),(785,'WORST','static/songs/fed95f5c-01ef-4f4f-8e7e-fb96a8de7c02.mp3'),(786,'BEST','static/songs/28336aaa-787f-4501-a6f1-9ec14fb911b0.mp3'),(786,'WORST','static/songs/f03d0628-e636-4496-b36c-18f23e9da917.mp3'),(787,'BEST','static/songs/99f7c960-7b11-4e60-bc88-c87f8b4fff97.mp3'),(787,'WORST','static/songs/199b8789-fc47-4759-aa11-321482495c50.mp3'),(788,'BEST','static/songs/7a6ae35b-7f6f-4c6b-aa3d-dcc4158bf254.mp3'),(788,'WORST','static/songs/9d2154fa-3513-41e1-910c-40b538e9fd4f.mp3'),(789,'BEST','static/songs/2a294bd6-c8e4-444e-be86-c4c7ab492427.mp3'),(789,'WORST','static/songs/9ddb95ad-f5d8-40ab-bac1-1855f0a60f4b.mp3'),(790,'BEST','static/songs/5204ae54-dfc5-4aad-be8c-a8f4c3d8f9e5.mp3'),(790,'WORST','static/songs/28afc8a4-584d-40d5-8b56-e2b076b316d3.mp3'),(791,'BEST','static/songs/482a45f2-63b6-4494-99ba-0d703c651e44.mp3'),(791,'WORST','static/songs/6a68eeba-e405-4173-86c1-47d8fffe170d.mp3'),(792,'BEST','static/songs/f897a461-48d6-4c9a-a65e-1d532962254e.mp3'),(792,'WORST','static/songs/3acd1dfa-c912-4ac8-b186-9171b5f53f5c.mp3'),(793,'BEST','static/songs/e572edb5-e840-4b29-a797-7c987656e4cb.mp3'),(793,'WORST','static/songs/c015031d-3627-488f-8071-9bcf79428152.mp3'),(794,'BEST','static/songs/9ebca354-7de9-4b45-9a40-447e46b60ee6.mp3'),(794,'WORST','static/songs/aa727e71-4d93-4c5e-ae2f-df18db1cb6b7.mp3'),(795,'BEST','static/songs/8440db11-c0e8-4668-9b36-0fc24af23bfd.mp3'),(795,'WORST','static/songs/7f78d372-d31d-4c0f-93d4-e32af2cb7296.mp3'),(796,'BEST','static/songs/256ca934-b34f-4db6-9d6f-6522ad1db357.mp3'),(796,'WORST','static/songs/0689f528-20f5-4d6c-99e8-83aa1aa95672.mp3'),(797,'BEST','static/songs/3a4e9737-27e7-4701-bc2a-8648fd4d1976.mp3'),(797,'WORST','static/songs/dd3b5c80-2729-4d5a-9b95-29a01f8265bf.mp3'),(798,'BEST','static/songs/05f5b78d-1d37-44a2-903c-812561ecded5.mp3'),(798,'WORST','static/songs/4bbe2096-d8c7-46c4-9c07-52ebbc6262f3.mp3'),(799,'BEST','static/songs/5ad2bc49-1ff3-4479-a657-b5299edd767d.mp3'),(799,'WORST','static/songs/e5deeda7-d547-4628-941c-3706c0b1a02f.mp3'),(800,'BEST','static/songs/fcbcb673-7155-427b-8453-25002551409b.mp3'),(800,'WORST','static/songs/bec16f10-3ac1-40d9-9795-71cad6b5ec5e.mp3'),(801,'BEST','static/songs/24f10311-0737-4079-91af-005b850f3cd8.mp3'),(801,'WORST','static/songs/e1321ef5-2655-4ad7-a6c8-daaa6adf82bc.mp3'),(802,'BEST','static/songs/b9973519-cc9b-4ebb-aee6-006f15ce0fd8.mp3'),(802,'WORST','static/songs/3f1b4d5e-7ed1-4bc0-86f9-06113bac7d66.mp3'),(803,'BEST','static/songs/2b46b194-b1f8-49cc-904d-9724d9433149.mp3'),(803,'WORST','static/songs/d51eed71-4727-4bef-9645-801bd3c8935b.mp3'),(804,'BEST','static/songs/b8f0f39a-cf36-4bae-8e81-f12a7bcdb525.mp3'),(804,'WORST','static/songs/628d9be9-1aa0-46fb-9eb1-529ef489ff48.mp3'),(805,'BEST','static/songs/44964ec7-4409-44ea-885f-61f3d55c7a66.mp3'),(805,'WORST','static/songs/da70c172-3a9c-4be8-8b04-917d8614d9f9.mp3'),(806,'BEST','static/songs/76d8e2b6-4046-4e90-9e8c-8de4c395c925.mp3'),(806,'WORST','static/songs/3a91320b-43f8-4df0-96a9-a2521af81544.mp3'),(807,'BEST','static/songs/701efef5-6943-48f1-a4d0-fd4e1a500c3b.mp3'),(807,'WORST','static/songs/fc5ec5d4-e197-4581-af6a-2420105fe5fc.mp3'),(808,'BEST','static/songs/cb4e672c-d4cd-497b-a27a-65a5f4225c46.mp3'),(808,'WORST','static/songs/722b4f5f-6d88-4f29-ba39-a00c2f3f67ef.mp3'),(809,'BEST','static/songs/37fccf2a-9e95-4976-9272-7ae2051aad50.mp3'),(809,'WORST','static/songs/f31b4815-3a50-473f-8966-c805286860d0.mp3'),(810,'BEST','static/songs/1baa5b9a-dd04-4d92-a7b2-15b1720b41b7.mp3'),(810,'WORST','static/songs/aad28cc0-a5a8-4680-a84e-13e0dfece808.mp3'),(811,'BEST','static/songs/002c4871-0b98-4b63-b75d-624d77f316ab.mp3'),(811,'WORST','static/songs/1a4e31f6-151a-4d83-bda6-79c135b316e7.mp3'),(812,'BEST','static/songs/1a9a4409-1a60-4261-8ded-6e4a4d74cef1.mp3'),(812,'WORST','static/songs/3937f69e-07e6-41ae-805f-d0f9c9b027fe.mp3'),(813,'BEST','static/songs/6772d0da-dbf2-49cd-90f9-bb0fb885aeac.mp3'),(813,'WORST','static/songs/b32dc994-07cb-4b09-afcc-48d55a1bd2a7.mp3'),(814,'BEST','static/songs/699a1769-e363-4123-983c-d389b625b59c.mp3'),(814,'WORST','static/songs/0cf9956e-2c0c-4c95-b1e0-05d418eb1d4c.mp3'),(815,'BEST','static/songs/c3192797-6018-4695-8595-b26da269641d.mp3'),(815,'WORST','static/songs/04ff586f-997e-4377-bbaa-d6c510700f8b.mp3'),(816,'BEST','static/songs/4d119685-d767-48ab-9b88-31d349cc3ed3.mp3'),(816,'WORST','static/songs/382cffc2-504b-4081-ae50-13674d4328cd.mp3'),(817,'BEST','static/songs/d7f5d8c9-73f7-48a4-8cb7-06dedfd4c0ce.mp3'),(817,'WORST','static/songs/32bc5353-605f-4443-8e4f-d0f5654dc82d.mp3'),(818,'BEST','static/songs/87d72274-a00a-46d9-a396-5c623a9356e2.mp3'),(818,'WORST','static/songs/e54049e2-1daf-4fee-a2ca-94fa50c50eca.mp3'),(819,'BEST','static/songs/709c3501-758f-4b23-9580-3f154617fe5b.mp3'),(819,'WORST','static/songs/cf6deb50-d148-4fe3-9c68-a181905a7941.mp3'),(820,'BEST','static/songs/9fabd7da-76c9-49d9-a038-ff44cd28ed1e.mp3'),(820,'WORST','static/songs/487d0482-86b1-4f24-8862-293619f246d0.mp3'),(821,'BEST','static/songs/59a18eda-a311-49e0-bd29-619f7fdad98b.mp3'),(821,'WORST','static/songs/b1f53178-ffeb-4c80-a993-48cce94a676e.mp3'),(822,'BEST','static/songs/cb455f88-d14b-41ef-bce7-4a2fc8a75895.mp3'),(822,'WORST','static/songs/885e6bfd-1c76-4618-9053-c8fbb180bbff.mp3'),(823,'BEST','static/songs/53239d3a-4430-4d1f-b6b0-ae5946fbbee9.mp3'),(823,'WORST','static/songs/a5a72191-0781-4609-882f-e6f1a91dde13.mp3'),(824,'BEST','static/songs/e464a39e-683d-4c96-af61-8fd6a3c2296e.mp3'),(824,'WORST','static/songs/e9de1bfa-520b-4860-bb7a-ab89d768b0df.mp3'),(825,'BEST','static/songs/926c625e-32ad-4c28-b34b-b1dfee00f09d.mp3'),(825,'WORST','static/songs/03a2bd47-caf7-42fb-9941-c90091123a0b.mp3'),(826,'BEST','static/songs/16306ec3-6c94-46d9-a951-1ec0947fa2b8.mp3'),(826,'WORST','static/songs/14664191-d3a5-4cb9-9f5b-6cfec146ea61.mp3'),(827,'BEST','static/songs/cc1276ec-9b4f-413c-9711-9e24174b3300.mp3'),(827,'WORST','static/songs/4730d91d-cf40-486a-b545-64c9064196f4.mp3'),(828,'BEST','static/songs/05e8589a-7650-43dd-aa3b-875aac131bd5.mp3'),(828,'WORST','static/songs/90363039-e539-4d22-ad5d-60f96f327ab3.mp3'),(829,'BEST','static/songs/02943275-8659-4b25-866e-73f170987336.mp3'),(829,'WORST','static/songs/df4f889b-0c8f-457a-9abe-f3189efecb82.mp3'),(830,'BEST','static/songs/67012bbe-02d1-431b-8c4e-ec6c820391fc.mp3'),(830,'WORST','static/songs/1b5237ae-73ab-4ae7-9ee6-821a976d0e60.mp3'),(831,'BEST','static/songs/c82da13d-bd58-419a-ae51-2b14a6fde9ab.mp3'),(831,'WORST','static/songs/ef69244d-25ae-4711-9ff0-c825b17c49ef.mp3'),(832,'BEST','static/songs/771c3fbc-edaa-4b62-b17c-21a334519981.mp3'),(832,'WORST','static/songs/02403f5c-c1af-4763-90ba-dc1a403a4626.mp3'),(833,'BEST','static/songs/265c7978-df8d-44c8-bb53-ba259aa6845b.mp3'),(833,'WORST','static/songs/9adfdbb8-d8fb-4f91-9793-6906cadc9fb4.mp3'),(834,'BEST','static/songs/ee31bf46-d5df-4499-a197-c2729f0734ba.mp3'),(834,'WORST','static/songs/f904b896-9489-493b-b339-8364294f3113.mp3'),(835,'BEST','static/songs/3510151f-29fa-454d-b551-73f2cccbafb3.mp3'),(835,'WORST','static/songs/6ca00617-8ba0-4b4e-b571-4160b06fa915.mp3'),(836,'BEST','static/songs/dc4dda57-69d1-4e85-9896-02e63ae91e37.mp3'),(836,'WORST','static/songs/719cdf4e-3206-4eef-b824-9ee6c6a6e568.mp3'),(837,'BEST','static/songs/b92f44a6-b0f1-40e6-9436-0b29af219925.mp3'),(837,'WORST','static/songs/1069de6d-19d9-480c-b92a-9504c55009af.mp3'),(838,'BEST','static/songs/a0fc6d4d-c87c-492e-93cb-f3368d467822.mp3'),(838,'WORST','static/songs/644ae652-830b-4175-9f89-5ece7a18a124.mp3'),(839,'BEST','static/songs/d7cc5017-2769-4da4-a778-529c4513a006.mp3'),(839,'WORST','static/songs/4dfc995d-5a35-440b-9546-c44fe0b0df91.mp3'),(840,'BEST','static/songs/2e1fcacc-bcc5-4b14-b96f-714357fd9599.mp3'),(840,'WORST','static/songs/8ef3455c-806b-41a1-b989-09015d95ffc3.mp3'),(841,'BEST','static/songs/993f4bc8-9fc6-4084-b5cb-4727bac1f5bf.mp3'),(841,'WORST','static/songs/63baa456-290c-4bd8-a5e5-dc205fa22ca0.mp3'),(842,'BEST','static/songs/5ac8eb6f-7f3d-4a84-91bb-95a2948270f0.mp3'),(842,'WORST','static/songs/1b74870e-ce16-4e66-b40e-d5ea14ac41d2.mp3'),(843,'BEST','static/songs/cf4b116a-bcbb-49c1-97ad-e3e5f7b34b6e.mp3'),(843,'WORST','static/songs/ae72f43b-30f1-4e7d-ad8f-455de34f0a4b.mp3'),(844,'BEST','static/songs/ce51281a-95f6-41a7-9742-d6d538c69498.mp3'),(844,'WORST','static/songs/3e368b0b-14e9-44e6-8573-2a383dc81e4f.mp3'),(845,'BEST','static/songs/bf6421d6-439a-49e8-98da-cf054fd1eaca.mp3'),(845,'WORST','static/songs/1d5c69e5-c5fe-4408-bc09-e72cab8e3259.mp3'),(846,'BEST','static/songs/83bf572d-76a0-45c6-a03c-e65e05fa37bd.mp3'),(846,'WORST','static/songs/836c55f3-f31f-40ee-b554-31291a4e9789.mp3'),(847,'BEST','static/songs/26fc8dfe-4a80-4dbc-9c68-9680d89a28b8.mp3'),(847,'WORST','static/songs/988973e3-88ff-4de8-b7db-d579705b14c4.mp3'),(848,'BEST','static/songs/e246700c-c51e-4c96-9a81-bffac0ad9222.mp3'),(848,'WORST','static/songs/0c8e6bb8-9f0a-4ba8-9d06-de304d12cb17.mp3'),(849,'BEST','static/songs/b2a60cc0-aad5-4b45-ae7d-bba9622e7da8.mp3'),(849,'WORST','static/songs/86d272ed-0790-4c2e-b9ff-a80c642db4d5.mp3');
/*!40000 ALTER TABLE `song_files` ENABLE KEYS */;
UNLOCK TABLES;

--
-- Table structure for table `song_genres`
--

DROP TABLE IF EXISTS `song_genres`;
/*!40101 SET @saved_cs_client     = @@character_set_client */;
/*!40101 SET character_set_client = utf8 */;
CREATE TABLE `song_genres` (
  `song_id` int(11) NOT NULL,
  `genre_id` int(11) NOT NULL,
  PRIMARY KEY (`song_id`,`genre_id`),
  KEY `genre_id` (`genre_id`),
  CONSTRAINT `song_genres_ibfk_1` FOREIGN KEY (`song_id`) REFERENCES `song` (`id`),
  CONSTRAINT `song_genres_ibfk_2` FOREIGN KEY (`genre_id`) REFERENCES `genre` (`id`)
) ENGINE=InnoDB DEFAULT CHARSET=utf8;
/*!40101 SET character_set_client = @saved_cs_client */;

--
-- Dumping data for table `song_genres`
--

LOCK TABLES `song_genres` WRITE;
/*!40000 ALTER TABLE `song_genres` DISABLE KEYS */;
INSERT INTO `song_genres` VALUES (214,837),(217,838),(218,838),(222,838),(499,838),(730,838),(731,838),(732,838),(733,838),(734,838),(735,838),(736,838),(737,838),(738,838),(739,838),(740,838),(741,838),(742,838),(260,840),(307,840),(308,840),(309,840),(310,840),(311,840),(313,840),(314,840),(315,840),(316,840),(317,840),(516,840),(517,840),(518,840),(519,840),(520,840),(521,840),(522,840),(523,840),(524,840),(525,840),(550,840),(553,840),(577,840),(147,841),(278,841),(382,841),(383,841),(384,841),(385,841),(386,841),(387,841),(388,841),(389,841),(390,841),(391,841),(759,841),(846,842),(121,845),(169,845),(615,845),(782,845),(274,846),(275,846),(276,846),(278,846),(279,846),(280,846),(281,846),(282,846),(213,847),(385,847),(386,847),(387,847),(495,847),(536,847),(537,847),(538,847),(539,847),(540,847),(541,847),(542,847),(543,847),(544,847),(594,847),(595,847),(596,847),(597,847),(598,847),(599,847),(600,847),(601,847),(602,847),(603,847),(604,847),(834,847),(219,848),(846,848),(123,849),(129,849),(132,849),(133,849),(243,850),(274,850),(275,850),(276,850),(278,850),(279,850),(280,850),(281,850),(282,850),(274,851),(275,851),(276,851),(279,851),(280,851),(281,851),(282,851),(382,851),(383,851),(384,851),(385,851),(386,851),(387,851),(388,851),(389,851),(390,851),(391,851),(846,851),(157,854),(160,854),(594,854),(595,854),(596,854),(598,854),(599,854),(601,854),(602,854),(603,854),(228,855),(265,855),(266,855),(267,855),(268,855),(269,855),(270,855),(271,855),(272,855),(273,855),(319,855),(320,855),(321,855),(322,855),(323,855),(324,855),(325,855),(326,855),(337,855),(500,855),(502,855),(503,855),(504,855),(506,855),(507,855),(508,855),(511,855),(512,855),(561,855),(594,855),(595,855),(596,855),(597,855),(598,855),(599,855),(600,855),(601,855),(602,855),(603,855),(604,855),(785,855),(786,855),(787,855),(788,855),(789,855),(790,855),(109,857),(114,857),(664,857),(843,857),(2,858),(3,858),(4,858),(5,858),(6,858),(8,858),(9,858),(10,858),(11,858),(12,858),(13,858),(14,858),(15,858),(16,858),(17,858),(18,858),(19,858),(20,858),(21,858),(22,858),(23,858),(24,858),(25,858),(26,858),(27,858),(28,858),(29,858),(30,858),(31,858),(32,858),(33,858),(34,858),(35,858),(36,858),(37,858),(38,858),(39,858),(40,858),(41,858),(42,858),(43,858),(44,858),(45,858),(46,858),(47,858),(48,858),(49,858),(50,858),(51,858),(52,858),(53,858),(54,858),(55,858),(56,858),(57,858),(58,858),(59,858),(60,858),(61,858),(62,858),(63,858),(64,858),(65,858),(66,858),(67,858),(69,858),(70,858),(71,858),(72,858),(73,858),(74,858),(76,858),(77,858),(79,858),(80,858),(82,858),(83,858),(84,858),(85,858),(86,858),(87,858),(88,858),(89,858),(90,858),(91,858),(92,858),(93,858),(94,858),(96,858),(97,858),(98,858),(99,858),(100,858),(101,858),(102,858),(103,858),(104,858),(107,858),(108,858),(110,858),(115,858),(118,858),(119,858),(120,858),(122,858),(124,858),(125,858),(126,858),(127,858),(128,858),(130,858),(131,858),(134,858),(135,858),(136,858),(137,858),(138,858),(142,858),(143,858),(144,858),(145,858),(156,858),(158,858),(159,858),(161,858),(162,858),(163,858),(164,858),(165,858),(166,858),(167,858),(168,858),(170,858),(171,858),(172,858),(173,858),(174,858),(175,858),(176,858),(177,858),(178,858),(180,858),(181,858),(182,858),(183,858),(184,858),(185,858),(186,858),(187,858),(188,858),(189,858),(190,858),(191,858),(192,858),(193,858),(194,858),(195,858),(196,858),(197,858),(198,858),(199,858),(200,858),(201,858),(202,858),(211,858),(212,858),(215,858),(216,858),(223,858),(224,858),(225,858),(226,858),(227,858),(229,858),(230,858),(231,858),(232,858),(233,858),(234,858),(235,858),(236,858),(237,858),(238,858),(239,858),(240,858),(241,858),(242,858),(244,858),(245,858),(246,858),(247,858),(248,858),(249,858),(250,858),(251,858),(252,858),(253,858),(254,858),(255,858),(256,858),(257,858),(258,858),(259,858),(261,858),(262,858),(263,858),(264,858),(277,858),(283,858),(284,858),(285,858),(286,858),(287,858),(288,858),(289,858),(290,858),(291,858),(292,858),(293,858),(294,858),(295,858),(296,858),(312,858),(318,858),(327,858),(328,858),(329,858),(330,858),(331,858),(332,858),(333,858),(334,858),(335,858),(336,858),(338,858),(339,858),(340,858),(341,858),(342,858),(343,858),(344,858),(345,858),(346,858),(347,858),(348,858),(349,858),(350,858),(351,858),(352,858),(353,858),(354,858),(355,858),(356,858),(357,858),(358,858),(359,858),(360,858),(361,858),(362,858),(363,858),(364,858),(365,858),(366,858),(367,858),(368,858),(369,858),(370,858),(371,858),(372,858),(373,858),(374,858),(375,858),(376,858),(377,858),(378,858),(379,858),(380,858),(381,858),(392,858),(393,858),(394,858),(395,858),(396,858),(397,858),(398,858),(399,858),(400,858),(401,858),(402,858),(403,858),(404,858),(405,858),(406,858),(407,858),(408,858),(409,858),(410,858),(411,858),(412,858),(413,858),(414,858),(415,858),(416,858),(417,858),(418,858),(419,858),(420,858),(421,858),(422,858),(423,858),(424,858),(425,858),(426,858),(427,858),(428,858),(429,858),(442,858),(443,858),(444,858),(445,858),(446,858),(447,858),(448,858),(449,858),(450,858),(451,858),(452,858),(453,858),(454,858),(455,858),(460,858),(462,858),(463,858),(464,858),(466,858),(467,858),(469,858),(470,858),(471,858),(472,858),(473,858),(474,858),(475,858),(476,858),(477,858),(478,858),(479,858),(480,858),(481,858),(482,858),(483,858),(484,858),(485,858),(486,858),(487,858),(488,858),(489,858),(490,858),(501,858),(505,858),(509,858),(510,858),(513,858),(514,858),(515,858),(545,858),(546,858),(547,858),(562,858),(564,858),(565,858),(566,858),(567,858),(568,858),(569,858),(570,858),(572,858),(574,858),(575,858),(576,858),(578,858),(579,858),(580,858),(581,858),(582,858),(583,858),(605,858),(606,858),(607,858),(608,858),(609,858),(610,858),(611,858),(613,858),(614,858),(616,858),(617,858),(618,858),(619,858),(620,858),(621,858),(622,858),(623,858),(624,858),(625,858),(626,858),(627,858),(628,858),(629,858),(630,858),(631,858),(632,858),(633,858),(634,858),(635,858),(636,858),(637,858),(638,858),(639,858),(651,858),(652,858),(653,858),(654,858),(655,858),(656,858),(657,858),(658,858),(659,858),(660,858),(661,858),(662,858),(663,858),(665,858),(678,858),(679,858),(680,858),(681,858),(682,858),(683,858),(684,858),(685,858),(686,858),(687,858),(688,858),(689,858),(690,858),(691,858),(692,858),(693,858),(694,858),(695,858),(697,858),(698,858),(699,858),(701,858),(702,858),(703,858),(704,858),(705,858),(706,858),(707,858),(708,858),(709,858),(710,858),(711,858),(712,858),(713,858),(714,858),(715,858),(716,858),(717,858),(718,858),(719,858),(720,858),(721,858),(722,858),(723,858),(724,858),(725,858),(726,858),(727,858),(728,858),(729,858),(743,858),(744,858),(745,858),(746,858),(747,858),(748,858),(749,858),(750,858),(751,858),(752,858),(753,858),(754,858),(755,858),(756,858),(757,858),(758,858),(760,858),(761,858),(762,858),(763,858),(764,858),(765,858),(766,858),(767,858),(768,858),(769,858),(770,858),(771,858),(772,858),(773,858),(774,858),(775,858),(776,858),(777,858),(778,858),(779,858),(780,858),(781,858),(783,858),(784,858),(791,858),(792,858),(793,858),(794,858),(795,858),(796,858),(797,858),(798,858),(799,858),(800,858),(801,858),(802,858),(803,858),(804,858),(816,858),(817,858),(818,858),(819,858),(820,858),(821,858),(822,858),(823,858),(824,858),(825,858),(826,858),(827,858),(828,858),(829,858),(833,858),(842,858),(68,861),(75,861),(78,861),(81,861),(105,861),(106,861),(109,861),(112,861),(113,861),(117,861),(121,861),(139,861),(141,861),(146,861),(147,861),(148,861),(149,861),(150,861),(151,861),(152,861),(153,861),(154,861),(155,861),(203,861),(204,861),(205,861),(206,861),(207,861),(208,861),(209,861),(210,861),(213,861),(274,861),(276,861),(278,861),(279,861),(305,861),(382,861),(383,861),(384,861),(385,861),(386,861),(387,861),(388,861),(389,861),(390,861),(391,861),(430,861),(431,861),(432,861),(433,861),(434,861),(435,861),(436,861),(437,861),(438,861),(439,861),(440,861),(441,861),(456,861),(457,861),(458,861),(459,861),(461,861),(468,861),(491,861),(492,861),(493,861),(494,861),(495,861),(496,861),(497,861),(498,861),(499,861),(516,861),(517,861),(518,861),(519,861),(520,861),(521,861),(522,861),(523,861),(524,861),(525,861),(526,861),(527,861),(528,861),(529,861),(530,861),(531,861),(532,861),(533,861),(534,861),(535,861),(536,861),(537,861),(538,861),(539,861),(540,861),(541,861),(542,861),(543,861),(544,861),(552,861),(571,861),(573,861),(577,861),(585,861),(586,861),(589,861),(590,861),(591,861),(592,861),(593,861),(640,861),(641,861),(642,861),(643,861),(644,861),(645,861),(646,861),(647,861),(648,861),(649,861),(650,861),(664,861),(666,861),(670,861),(676,861),(805,861),(806,861),(807,861),(812,861),(815,861),(830,861),(832,861),(834,861),(835,861),(836,861),(837,861),(839,861),(843,861),(844,861),(845,861),(847,861),(848,861),(849,861),(109,864),(111,864),(274,864),(275,864),(276,864),(279,864),(280,864),(281,864),(282,864),(846,864),(7,866),(75,866),(78,866),(95,866),(109,866),(113,866),(116,866),(117,866),(121,866),(139,866),(140,866),(141,866),(147,866),(148,866),(149,866),(152,866),(153,866),(179,866),(217,866),(218,866),(219,866),(220,866),(221,866),(222,866),(297,866),(298,866),(299,866),(300,866),(301,866),(302,866),(303,866),(304,866),(305,866),(306,866),(383,866),(431,866),(438,866),(439,866),(456,866),(457,866),(458,866),(459,866),(461,866),(465,866),(517,866),(519,866),(520,866),(521,866),(522,866),(524,866),(525,866),(526,866),(527,866),(528,866),(529,866),(530,866),(531,866),(532,866),(533,866),(534,866),(535,866),(548,866),(549,866),(550,866),(551,866),(552,866),(553,866),(554,866),(555,866),(556,866),(557,866),(558,866),(559,866),(560,866),(563,866),(571,866),(584,866),(586,866),(587,866),(588,866),(590,866),(592,866),(612,866),(640,866),(641,866),(642,866),(643,866),(644,866),(645,866),(646,866),(647,866),(648,866),(649,866),(666,866),(667,866),(668,866),(669,866),(670,866),(671,866),(672,866),(673,866),(674,866),(675,866),(676,866),(677,866),(696,866),(700,866),(742,866),(805,866),(806,866),(807,866),(808,866),(809,866),(810,866),(811,866),(812,866),(813,866),(814,866),(815,866),(830,866),(831,866),(832,866),(834,866),(835,866),(836,866),(838,866),(839,866),(840,866),(841,866),(843,866),(845,866),(109,869),(111,869),(140,869),(147,869),(148,869),(149,869),(150,869),(152,869),(153,869),(243,869),(274,869),(275,869),(276,869),(278,869),(279,869),(280,869),(281,869),(282,869),(846,869);
/*!40000 ALTER TABLE `song_genres` ENABLE KEYS */;
UNLOCK TABLES;

--
-- Table structure for table `stream`
--

DROP TABLE IF EXISTS `stream`;
/*!40101 SET @saved_cs_client     = @@character_set_client */;
/*!40101 SET character_set_client = utf8 */;
CREATE TABLE `stream` (
  `id` int(11) NOT NULL AUTO_INCREMENT,
  `premium` bit(1) NOT NULL,
  `time` datetime NOT NULL,
  `customer_id` int(11) DEFAULT NULL,
  `playlist_id` int(11) DEFAULT NULL,
  `song_id` int(11) NOT NULL,
  PRIMARY KEY (`id`),
  KEY `FKbnhx4dknfan9ht1gq30ta241f` (`customer_id`),
  KEY `FK1rscd8rh4d8fwwdob25kncn4n` (`playlist_id`),
  KEY `FKqs0bap23gyohv733875udt0f2` (`song_id`),
  CONSTRAINT `FK1rscd8rh4d8fwwdob25kncn4n` FOREIGN KEY (`playlist_id`) REFERENCES `playlist` (`id`),
  CONSTRAINT `FKbnhx4dknfan9ht1gq30ta241f` FOREIGN KEY (`customer_id`) REFERENCES `customer` (`id`),
  CONSTRAINT `FKqs0bap23gyohv733875udt0f2` FOREIGN KEY (`song_id`) REFERENCES `song` (`id`)
) ENGINE=InnoDB AUTO_INCREMENT=3380 DEFAULT CHARSET=utf8;
/*!40101 SET character_set_client = @saved_cs_client */;

--
-- Dumping data for table `stream`
--

LOCK TABLES `stream` WRITE;
/*!40000 ALTER TABLE `stream` DISABLE KEYS */;
INSERT INTO `stream` VALUES (3326,'\0','2017-12-07 22:40:59',1,NULL,140),(3331,'\0','2017-12-07 22:41:39',1,NULL,141),(3333,'\0','2017-12-07 22:43:37',1,NULL,139),(3336,'\0','2017-12-07 22:44:07',1,NULL,140),(3338,'\0','2017-12-07 22:46:29',1,NULL,139),(3344,'\0','2017-12-07 22:55:30',1,NULL,139),(3348,'\0','2017-12-07 22:57:47',1,NULL,139),(3350,'\0','2017-12-07 22:58:03',1,NULL,140),(3352,'\0','2017-12-07 22:58:11',1,NULL,141),(3356,'\0','2017-12-07 23:28:21',1,NULL,139),(3358,'\0','2017-12-07 23:28:27',1,NULL,142),(3360,'\0','2017-12-07 23:28:33',1,NULL,143),(3361,'\0','2017-12-07 23:28:35',1,NULL,145),(3363,'\0','2017-12-07 23:34:51',1,NULL,139),(3365,'\0','2017-12-07 23:35:22',1,NULL,142),(3367,'\0','2017-12-07 23:50:10',1,NULL,139),(3369,'\0','2017-12-07 23:50:20',1,NULL,142),(3371,'\0','2017-12-07 23:50:25',1,NULL,143),(3373,'\0','2017-12-08 00:06:29',1,NULL,139),(3375,'\0','2017-12-08 00:06:44',1,NULL,142),(3377,'\0','2017-12-08 00:54:33',1,NULL,142),(3379,'\0','2017-12-08 00:54:35',1,NULL,143);
/*!40000 ALTER TABLE `stream` ENABLE KEYS */;
UNLOCK TABLES;

--
-- Table structure for table `stream_time_ranges`
--

DROP TABLE IF EXISTS `stream_time_ranges`;
/*!40101 SET @saved_cs_client     = @@character_set_client */;
/*!40101 SET character_set_client = utf8 */;
CREATE TABLE `stream_time_ranges` (
  `id` int(11) NOT NULL,
  `end` double NOT NULL,
  `start` double NOT NULL,
  `stream_id` int(11) NOT NULL,
  PRIMARY KEY (`id`),
  KEY `FKaoit7stwtwn3axe39fdq0yqum` (`stream_id`),
  CONSTRAINT `stream_time_ranges_ibfk_1` FOREIGN KEY (`stream_id`) REFERENCES `stream` (`id`)
) ENGINE=InnoDB DEFAULT CHARSET=utf8;
/*!40101 SET character_set_client = @saved_cs_client */;

--
-- Dumping data for table `stream_time_ranges`
--

LOCK TABLES `stream_time_ranges` WRITE;
/*!40000 ALTER TABLE `stream_time_ranges` DISABLE KEYS */;
INSERT INTO `stream_time_ranges` VALUES (3327,6.481253,0,3326),(3328,16.485512,14.641292,3326),(3329,24.688543,23.321486,3326),(3330,30.066939,27.557003,3326),(3332,30.066939,0,3331),(3334,2.907265,0,3333),(3335,30.066939,26.615777,3333),(3337,30.066939,0,3336),(3339,1.574205,0,3338),(3340,10.582381,9.307678,3338),(3341,17.549169,16.523743,3338),(3342,27.182853,24.785615,3338),(3343,30.066939,29.178003,3338),(3345,2.515339,0,3344),(3346,23.502146,22.223389,3344),(3347,30.066939,27.609293,3344),(3349,3.209372,0,3348),(3351,15.354331,0,3350),(3353,6.866623,0,3352),(3357,3.348574,0,3356),(3359,6.639416,0,3358),(3362,1.829461,0,3361),(3364,30.066939,0,3363),(3366,30.066939,0,3365),(3368,8.62511,0,3367),(3370,9.839507,0,3369),(3374,30.066939,0,3373),(3376,14.100161,0,3375),(3378,1.509298,0,3377);
/*!40000 ALTER TABLE `stream_time_ranges` ENABLE KEYS */;
UNLOCK TABLES;

--
-- Table structure for table `subscription`
--

DROP TABLE IF EXISTS `subscription`;
/*!40101 SET @saved_cs_client     = @@character_set_client */;
/*!40101 SET character_set_client = utf8 */;
CREATE TABLE `subscription` (
  `id` int(11) NOT NULL AUTO_INCREMENT,
  `end` datetime DEFAULT NULL,
  `start` datetime NOT NULL DEFAULT CURRENT_TIMESTAMP,
  `stripe_id` varchar(255) NOT NULL,
  PRIMARY KEY (`id`),
  UNIQUE KEY `UK_lh45n72a8s6l55lm924ddamxr` (`stripe_id`)
) ENGINE=InnoDB DEFAULT CHARSET=utf8;
/*!40101 SET character_set_client = @saved_cs_client */;

--
-- Dumping data for table `subscription`
--

LOCK TABLES `subscription` WRITE;
/*!40000 ALTER TABLE `subscription` DISABLE KEYS */;
/*!40000 ALTER TABLE `subscription` ENABLE KEYS */;
UNLOCK TABLES;

--
-- Table structure for table `user`
--

DROP TABLE IF EXISTS `user`;
/*!40101 SET @saved_cs_client     = @@character_set_client */;
/*!40101 SET character_set_client = utf8 */;
CREATE TABLE `user` (
  `user_type` varchar(31) NOT NULL,
  `id` int(11) NOT NULL AUTO_INCREMENT,
  `email` varchar(255) NOT NULL,
  `password` varchar(255) NOT NULL,
  `token` varchar(255) DEFAULT NULL,
  PRIMARY KEY (`id`),
  UNIQUE KEY `UK_ob8kqyqqgmefl0aco34akdtpe` (`email`)
) ENGINE=InnoDB AUTO_INCREMENT=3501 DEFAULT CHARSET=utf8;
/*!40101 SET character_set_client = @saved_cs_client */;

--
-- Dumping data for table `user`
--

LOCK TABLES `user` WRITE;
/*!40000 ALTER TABLE `user` DISABLE KEYS */;
INSERT INTO `user` VALUES ('Customer',1,'sbuify+a@gmail.com','$2a$10$21UVzQBJfblG0NdJ4jS7EODzrFQ9casN7z9OqpZfvZyMabFdmdp5e',NULL),('Customer',2,'sbuify+b@gmail.com','$2a$10$jHYp1iO0SlOLR0WdoMPhdeFLcWL/PtC1B5nbNGnbF0bO2y2GeoZEe',NULL),('Customer',3,'sbuify+c@gmail.com','$2a$10$fBgnuGdCez4miyWfegJ9o.CKXhkAak1ZRXquNchroulkKcDV5N4KG',NULL),('Admin',4,'sbuify+admin@gmail.com','$2a$10$UeuOatqlhQnbSeeqvHV.MOIFP3sNdrY204Ab7irDCILaTOQOJKy/y',NULL),('Customer',853,'186531000@test.com','$2a$10$xv1jgVdzVLrTzistn7/w5.oSEe/l9ElVGxRtRflq/ISz0N4l4se92',NULL),('Customer',856,'766506600@test.com','$2a$10$y1MU7b/TSPtjV2oglOUUJuafYwFN5g8HCH3J954Vg7VZ1HuCMj8lG',NULL),('Admin',859,'86942500@test.com','$2a$10$S0DgCaGz4luWxjROqqV05u3/46YIEZapvJ4AyhSV1Gu9wpjl7sNNC',NULL),('Customer',860,'260491400@test.com','$2a$10$ApI3A7GF4xcnno0FR3VL/uXkgYdLGshj9a3bmZIKDsEyWlyPjbPcy',NULL),('Customer',869,'359584500@test.com','$2a$10$dBWnoPopNQgPIMOzTCrXde/u1Kb/LvoNghhG5QGgeW7V1o6YGsATa',NULL),('Customer',872,'365227400@test.com','$2a$10$5xLcDmHxlNdA8ZH2r0kD6uFcrW2.tsnWem28xGQy0YM5cwUN4Ahfa',NULL),('Admin',875,'688847400@test.com','$2a$10$gkhA6UEphsM0g34NVjbnsOfjHZ4aqkVnnJo3RmFsj8XFkOBqXpkRa',NULL),('Customer',876,'453276900@test.com','$2a$10$JNwb5oqtN5DnpwmMQohC1uFM0uks1my/WR0rFs.10vzutU7s6jiRa',NULL),('Customer',879,'brettporcelli+test@gmail.com','$2a$10$7LYNrmnmUY1BogjBMZGqEOnjuu3mvdqd/Bz1w.jZx9nD8kq1e7u6W',NULL),('Customer',882,'brettporcelli+tester@gmail.com','$2a$10$e1OUbv2BFQuAkPr6.NkvHOwUtsXHnOJh12cuea21VEuswxUIIh3Im',NULL),('Customer',932,'684819300@test.com','$2a$10$A41MfopvAuIwphLhEm3ZlubZplKExmyfjdY8lNWUd0ostIP/uLmEm',NULL),('Customer',935,'415523600@test.com','$2a$10$vADSWJswf8JgunjysAe6L.t2QaSjha6oBar9PqNNwEDAdGPiR4pHW',NULL),('Admin',938,'418117800@test.com','$2a$10$boroqz1qui3afdh8L1ceWOcDPTtTQgAdgipL1UwL3eXDRtt7nMJCK',NULL),('Customer',939,'491673100@test.com','$2a$10$/j.N1gtUkbWVn0crInT.pOLwUKo.zxXQ5l4Asrl3J0KeRe2CjyXxm',NULL),('Customer',964,'725485400@test.com','$2a$10$gp/5JPcpkj06X3lvd.dZcetEUdf3gWR5bSZh5YaelOA.TreTH5HiW',NULL),('Customer',967,'880487300@test.com','$2a$10$TEm8TJEPCQqw8JEF.yZBEe1kM0zwTEMT8d0shtiNuXub2EoEqcdtG',NULL),('Admin',970,'788590200@test.com','$2a$10$eAcOaGpu9SKdS.q4/NeKeu20sCocwmBxCBplUHitBmdyWMvkSTlkK',NULL),('Customer',971,'527674900@test.com','$2a$10$K3xw7hvb9SGHE61CK5mAjOnZmXNAmZZ52usEIvpFHiEis/B7wifDS',NULL),('Customer',996,'631454400@test.com','$2a$10$pLKBPIjBwKPzK6XDxdU2Feh5F0ATDiq2f8h38jDE.g5maluUkBJrS',NULL),('Customer',999,'820765300@test.com','$2a$10$mFUiRE7.IVko1R0Zg99Oeu7H3x3YIAK6n9ZHMmHjnq7VlC70yaAvq',NULL),('Admin',1002,'171486100@test.com','$2a$10$qONWQrcwZpwHDuEn0CGO5uBj83Ned0E8v5ueXnrPWrb7w8a51m7VG',NULL),('Customer',1003,'382811000@test.com','$2a$10$Qa0DkgNIk8/GAQlCS37mzuXqoXHjaKL1yEeH/j6NMSH/FiImBzxqK',NULL),('Customer',1028,'764515400@test.com','$2a$10$Yzpxz4lwamrNDQ29uKzv.OKkU3BP/x5wSwxu2m8IZjmwAFnYu554C',NULL),('Customer',1031,'189903100@test.com','$2a$10$qK3Ssz3lEq5EqU72wEpqb.O6KmkktgzizGGngjzD2r1Dtpmyaz4Gu',NULL),('Admin',1034,'252505800@test.com','$2a$10$.poOfJAPrpA4vNeC1B3cleRuUgXP10evOL810pJmB7al1kLWrESjy',NULL),('Customer',1035,'346216100@test.com','$2a$10$gn7emEC0x9LAecvPDoOWg.RvUpRIxQXGDtO0Ca5JF.fiQL70KA2/2',NULL),('Customer',1728,'347975500@test.com','$2a$10$kxFbw.RNf2ej.D.sERe86eytF9rETMCzIKwjoeHglRosFU0Gdt2pG',NULL),('Customer',1731,'522584000@test.com','$2a$10$f2FzfkriTuisMe1LzCIxEeRLlx/.Y.QLje7spVm5GNVd4ab0j4gUO',NULL),('Admin',1734,'515325000@test.com','$2a$10$YzBSgeol3/Uwk1zf4WfTcens7XLnzMscO3wgZ.9YJ0BjXFts94Vuy',NULL),('Customer',1735,'415180600@test.com','$2a$10$UrAuToi44nk92iaMtp4m.OFIux7AR/DQitED2vl.1Qs4CB114/AHW',NULL),('Customer',1999,'442022100@test.com','$2a$10$HQLfjjfVU2jIEw4MEtYzKeGg.6UajMgdAtx.Rd7W0a0sCLGT2e9hW',NULL),('Customer',2002,'346502200@test.com','$2a$10$XVhCkFmytLNusj84kb.9fuoJ2XzBosLUviL/ntUBlRxkaZ2ISj2QS',NULL),('Admin',2005,'416188900@test.com','$2a$10$e1NegEf3KOMo/a9dk2OQR.MZmivuTovxhTlpsLBf6Z9V7B6mWRrIW',NULL),('Customer',2006,'87929100@test.com','$2a$10$B//wakWUFVICYSuyQY53telgKFRHGJTj//cTPzXG1LscYu3o0IGdm',NULL),('Customer',2009,'185037300@test.com','$2a$10$WIdBKN8dUfirTw2nwtW5z.eenL4Xkz6UQulrQSbDNBGYULbVu8CGG',NULL),('Customer',2012,'193185400@test.com','$2a$10$AG.YZOuJdYlzs6Ttblo1/uZz13K56HXA0Kh3qfimMgYK0Yr.QD6hu',NULL),('Admin',2015,'96851500@test.com','$2a$10$BDcnhi.7zXPZSaGUHk1nleirR.ZkddgZLyD5OhX6F2sYNhsBQCpz6',NULL),('Customer',2016,'801449300@test.com','$2a$10$OEevp90uw3e7kZQpV8ogcujxNAcwcgpf94IljTYbt1frf.aoqqjXC',NULL),('Customer',2019,'229013000@test.com','$2a$10$ZNBhhuxoT/jdljVpx6mF/eH71DcpVqcG8SMq5xjhMUPzIbmXeFMqG',NULL),('Customer',2022,'878821300@test.com','$2a$10$PUKT7tc7JIwIvrrb8FgYRexdyT7g/adEYzMbHveLDLjK5n9lBtepm',NULL),('Admin',2025,'966862500@test.com','$2a$10$XaaQGHnkAHhh5PsEz54UJ.xdNzytLof1kTiYelff1MkrCSt5qiM7W',NULL),('Customer',2026,'624638600@test.com','$2a$10$F9r5O1GuztpuaS5ayluM3elTfuJ3OxD/.Gi7He1truuTdnwttvVQe',NULL),('Customer',2029,'470060800@test.com','$2a$10$GU10NEeqysAid0FT7Ie4y.WTbFu8VBL/Qftv9QHMGRQHOgqWK/bU.',NULL),('Customer',2032,'965093800@test.com','$2a$10$z5Q5gxMEwWrAwlwZoRe98.NRr00pfCRGiNsjOG3wUCDJq8AiFpndy',NULL),('Admin',2035,'74937600@test.com','$2a$10$wMPrddW.uAmOf7H4BnF4Ku0DASLBH0Dg59hrDGDHMjJTLsDTA7hc6',NULL),('Customer',2036,'711411300@test.com','$2a$10$2gc3/mlykHEFtNuk5uUuTeEANb5mo.H8Fwub05AGFBMtKdvYEXcUK',NULL),('Customer',2039,'377972200@test.com','$2a$10$ZIx5JNYjED2OBB2Zhvh2BOu.H/YLQy1pQygqgDIa0pS/OpYevi1/6',NULL),('Customer',2042,'151395000@test.com','$2a$10$Pmhy24TnJHH9XzyoT9HiP.teMI6kc0Y2sXJ7CMfKDH24j4tJH7js2',NULL),('Admin',2045,'353504000@test.com','$2a$10$bT/P456hECoQFc6DOIvhu.HR9M/8i7Q8Ma3X3HyLxIGehTbfwMdjG',NULL),('Customer',2046,'349657700@test.com','$2a$10$GLqSBOu4DftGCEhLu.s4luDyX3frPTdC4vzGW9CMFuu3RSOi5GotW',NULL),('Customer',2049,'129785600@test.com','$2a$10$v.OMJMfqoudwFbeX2LGETe0ve5gBeEef5YcvNUETtQHO.ztWgUkJW',NULL),('Customer',2052,'316078700@test.com','$2a$10$LVROffMTgq9RuIxkAucDhek64W56.Bj5G/saRgXC/gxZZoHz/xagq',NULL),('Admin',2055,'53357400@test.com','$2a$10$2Byt12fPF8uoqtuM/7lTg.Xoj0bToOehQjqP1hvkQHFqNsfEHMYS6',NULL),('Customer',2056,'921086400@test.com','$2a$10$7CkmyyEX5xFbubsT9G56Y.rfZJRy0pV.EtyunbzM9l8CrbbHzvGjC',NULL),('Customer',2061,'332857300@test.com','$2a$10$MeYKVhIZB3ZEkQZboXjEnecfzKArYV3hGbq9StYBPHyK.daEh4TjS',NULL),('Customer',2064,'776811700@test.com','$2a$10$mZnKjhp.fzhHfyHm8W0TxOQEKX6WHLPLQ0lzbNfhLRiAtKcPSJioa',NULL),('Admin',2067,'32893700@test.com','$2a$10$cJxPQ5f.ARNR6etW6GH2Kuf32jxfLXmyHGlIRvFVhsFskcz8m6iKG',NULL),('Customer',2068,'720677300@test.com','$2a$10$ZOS0XLhWpl0.yIIDHu/enuZ5XHClqTYtyl8hhNmJiqR4kaOmiu8ty',NULL),('Customer',2075,'180334400@test.com','$2a$10$AIWAle1X7PmHxtr5ZWrg2O9HvP95RLXMd3GxwgUG2mbWbMitF.A9K',NULL),('Customer',2078,'927255800@test.com','$2a$10$wvKT5VdFnXl01aswWYhK2OfVE5SQ0Ulus5d3HrOMNFp0HOGGd.RUu',NULL),('Admin',2081,'175021600@test.com','$2a$10$vNqAtn2YnxKYnjmrrgARZuhr/keZYHpD5i.usZNBGh6GyWq/x9Pz6',NULL),('Customer',2082,'51935800@test.com','$2a$10$m7ieqQcG3WjZw.yDNTRw3OGmX63Vc7PO06ysuFrOBplLW0OqVtLs.',NULL),('Customer',2087,'126241200@test.com','$2a$10$mcgUb8jmTNeNldicMkLaNOG1dZ5gjkPK9M5/BQqosRoSNfivb2mwW',NULL),('Customer',2090,'274663800@test.com','$2a$10$CXiVxA16NgLT2PVoS44V0uYhMsIFy3hBactc33xKuRffjHZBQKBku',NULL),('Admin',2093,'895683300@test.com','$2a$10$ZXbdVVYze/BIe/QyFYCO4ufizFb94j3F37ybysPMAZXSSFKeFdWcq',NULL),('Customer',2094,'995926800@test.com','$2a$10$nUNAI.OGPJl8lNFX15JY1O9gBdMTXj1cf.tV4yp40TKMSeCeHFEx6',NULL),('Customer',2099,'537934700@test.com','$2a$10$XGFMX.rxNacCjJP/UoTUKuWeTW8857zZFrk5sCW.UUgLZuC8qxXhS',NULL),('Customer',2102,'179065100@test.com','$2a$10$NBKlmyDFt1s9mojK17Wo0.CxrRtnlK4lNvE2VYfMjr5mR/psQC1Yy',NULL),('Admin',2105,'217375200@test.com','$2a$10$zH8ILSOoMrQ0By6hp5sUHu1HMmhj/ZvurSQ8fVMNWTKGZxVpxv.a.',NULL),('Customer',2106,'121543400@test.com','$2a$10$.PcyLi622jJ5qrMCFuAvquvnZsrL6QgQBrESHWK/yOe0V0Cl3LdT6',NULL),('Customer',2111,'430417200@test.com','$2a$10$d2zh1luLYglZMXbHGL4/mO3dTnvf.y89wiu3l/Am3ctApp2.8yYCO',NULL),('Customer',2114,'820570600@test.com','$2a$10$wtvCN4VV78znWkh05G8bxeYURmuC.ebOJsOEcVj.zcBUOVZ95Oj9C',NULL),('Admin',2117,'237401400@test.com','$2a$10$pn2FlcbfNw3oNoPJOxVkr.R4bH37PRO87XFQ0LTNwq9xswRk9nvLm',NULL),('Customer',2118,'337061100@test.com','$2a$10$k3w.2jEv1l9.00jlNT1YDOqDEpl4Unxl9Mons21MPEwnPSW3xdQQC',NULL),('Customer',2123,'604849100@test.com','$2a$10$RYBB269fxUDbOX0vSd/yUenYqmpHNsW6zVEZMXFCR7GEDcWbSu46C',NULL),('Customer',2126,'331525300@test.com','$2a$10$B7ZaDmmf/edSy.0eO6MSnegqkKTblKYfVfC.b2xZPBUv5cqhnPzze',NULL),('Admin',2129,'425252300@test.com','$2a$10$AqP5GKEqhngOVngE/jeate90AFcEA4LMrm/yF6KaV29YzbUnOMWCq',NULL),('Customer',2130,'350345100@test.com','$2a$10$d./fI6J8P4Bkc1POtVR.KOX3Q5AHhNs0ChyIgDXJ9ChjMj7l37Vy.',NULL),('Customer',2135,'578703900@test.com','$2a$10$RRLQNK8SDhbZk7wT44zUC.K8oxctStlDXDqeTquuAyXPnIwV6sbTS',NULL),('Customer',2138,'122385300@test.com','$2a$10$Rh5jd1KyMcDwyQm4JolknOnn2TRhqFcXj0P0w5.bEPNf7NkWtAfiW',NULL),('Admin',2141,'191064500@test.com','$2a$10$2oEsnFK/wM3kRhiQb9b7A.nr0HjjillIr1M/5uuV5eJjnfLVZYXT6',NULL),('Customer',2142,'811449700@test.com','$2a$10$3h3hoaNvtSr4ObzhATshyuIwtuguoAi7Jr.r29Cmni.uUCzBeaV2.',NULL),('Customer',2147,'160350400@test.com','$2a$10$1ZSEdFaBmFjfIFG9OuQHx.mEOt.vGrbOavfesVRslO93TBOtsN40a',NULL),('Customer',2150,'146734700@test.com','$2a$10$8PZYFK4MY8BDGfXoj5Lqae64fm.Kx9j0.LB8iobI40MqPa4ZIpWfG',NULL),('Admin',2153,'417527600@test.com','$2a$10$PxxI.PaUaLFykIQFhcBLoe59ZnPRcTEho9DP.sshLScfdrNAgJw/K',NULL),('Customer',2154,'478001400@test.com','$2a$10$Y2zk28eIXcw3uOwCmcaaqeMnPspJefzFDZwttjRwZfOOXQFmk8i0u',NULL),('Customer',2159,'493969900@test.com','$2a$10$Occ/DrZXVT4/ZH2i3kZwZultytCtguNoyB7L9H9pqUjrK4dx51kQa',NULL),('Customer',2162,'16317700@test.com','$2a$10$uN9lvCLWPlVczyF2QNYKQ.lZSZdrQ8RhNyY5N0wnhsq2B4f8IlwUu',NULL),('Admin',2165,'81125400@test.com','$2a$10$EjiBz3x.s/zFcC4GifKJ3eE2NX2qYPdtWzwEHv/7VWVBaf8gpLlFW',NULL),('Customer',2166,'788074800@test.com','$2a$10$M44XlndVslFBB/Cms/X8fecfCiIdpWtSPCZgYWYZTPoYc3yahwPOm',NULL),('Customer',2171,'929283600@test.com','$2a$10$GOvywYzBm7Hc4JA9DByVz.UutDiKkVKyFdTHjw4n0kaMlNTX7aB02',NULL),('Customer',2174,'682903300@test.com','$2a$10$WN87GpYLQyq7X.Qbf0Uwr.Ung./hVM0SrXx5M2UNXltB6taeKGRWO',NULL),('Admin',2177,'298402500@test.com','$2a$10$bdguD2BlrCfb.4x6.5EUveBKeC7Eijzfsa5XGtugqUz9D4yccBm6C',NULL),('Customer',2178,'547001000@test.com','$2a$10$D0ffqTszGWbUuRcKhtsUPOlFNE5wIWkaTRY3B1bEFWR89fKoet4Iy',NULL),('Customer',2183,'716621800@test.com','$2a$10$RWKzKEH0CRCfTdPto95vvuejBfwCaC4PYY/4RBx9ghxKJdwLgryHO',NULL),('Customer',2186,'821560700@test.com','$2a$10$jmWj5Dhdr3jVmRmpjp4xB.4Up2wZmDORq7bZCFvrN.r67PxAB/KD2',NULL),('Admin',2189,'780169600@test.com','$2a$10$llwsGHvJiR6YUjdELrbjv.nMN0.allJ7tNAtgHlK06jPkjlwotCWG',NULL),('Customer',2190,'511087800@test.com','$2a$10$BbMd8..4Xq1bKRYVuITbB.iPVK3TrZ/ICsO7ff2a2ao5kEbuoX8zG',NULL),('Customer',2195,'959087300@test.com','$2a$10$imaqHjGo9b2za9N/B.V47.9BruoqAB1zLfFUGZPP6YU6pGvAOym12',NULL),('Customer',2198,'224549000@test.com','$2a$10$K7X7HWIHFT5owDg8Ky31juUPFt87Uu0ABdkOYfJzVChMucfArzT7i',NULL),('Admin',2201,'659013200@test.com','$2a$10$NwACEWRhjGLGY4ytqKCwyuQ8c0.Xf1yvOtpYCeWzF54FoQMjyni6G',NULL),('Customer',2202,'551527300@test.com','$2a$10$dHMGWTVFvt6xI2kUVOYQSOZ0OFxvuUa9kIklretq2FTnpKk8TVjVu',NULL),('Customer',2207,'358151500@test.com','$2a$10$RFZZzgdr7eGOJ8zyG37mK./l98fcyYMoU6OnyIxnsj.1KJFF9SWI.',NULL),('Customer',2210,'13183900@test.com','$2a$10$kzZ3GlRUPV6knKkryW8nGege8lw65/1IR3mFH8dA0wSAMqbSXh8kC',NULL),('Admin',2213,'359550800@test.com','$2a$10$Brp4GPzq4YQCZtHKOKggcuCXkZ5moYspY1vZ8zxZBabRdR3wNFuI6',NULL),('Customer',2214,'297179000@test.com','$2a$10$uJoKV2iXC1hbbIvmGHNyB.w1AR5KKNhQb5T.bQFGvHGRj4oK3hr.2',NULL),('Customer',2221,'657412300@test.com','$2a$10$huM1QdmPQ0Qin.x8hKAL.ezHQBYkEiIPmyeR48UGINn.vJ0ADq2QG',NULL),('Customer',2224,'356157900@test.com','$2a$10$9ZSUNhEgV4y.u41YdAs5zuLcigWGGtEtiGZHKChTdqQZ00kHd.nci',NULL),('Admin',2227,'656177600@test.com','$2a$10$QNwudMSiIB3HuDzqyymJyucYveoossqJvx53PY0eWWlp6PtxO92Ji',NULL),('Customer',2228,'525245100@test.com','$2a$10$nYmJrpoVgAo8rxNz2Dvs6eM6hCZPn0EAltz2c57J7cPfjgoiowyW.',NULL),('Customer',3024,'386687700@test.com','$2a$10$HgQSwOOGQoLG849QJwXexOruIa8mq76C6nZifE.ilC6clxiPwjnr6',NULL),('Customer',3027,'812682600@test.com','$2a$10$RSAFrfOX4ncQ2RhvrU143OM3jrLV8N0Eh/PNoLOGPIzbrv05RJOcW',NULL),('Admin',3030,'342372300@test.com','$2a$10$HrmhHMuu3XIx7xkGByE1QuQl42tZk6tD41.DdEeqrrp6n7dbi6uwK',NULL),('Customer',3031,'525371100@test.com','$2a$10$.T1KfeF8zKIf1UTCfWtYYuz4fs5QC4yytL0BL2xCrMZbXcW/WmWSm',NULL),('Customer',3072,'796699300@test.com','$2a$10$yVyIWPTN9Lmf7R7WrZXZNekwfbjdjRuEja8tPFDhOz5ZE2siG7PUW',NULL),('Customer',3075,'297116500@test.com','$2a$10$sITqZP/TTWuzCYaSibLhreA05wkYHvkn3BFBQI525IW1QvJ7vwaPK',NULL),('Admin',3078,'654915400@test.com','$2a$10$vdLbkQdXvNosBjEw/GgTUOg/WWiD14FiqbZggDscAU8HtFnzKDTs.',NULL),('Customer',3079,'555253000@test.com','$2a$10$PDhJSR5FKgiP3VY3iVgHJOPY76uStlcWa1WJwRSHaf8VOu7Q/xye2',NULL),('Customer',3104,'485944200@test.com','$2a$10$R7qEOHbvyXrrDyC3K2uzteXfEIx/TWkCRGpnCDI/zBuuRyJYb/zLq',NULL),('Customer',3107,'360871800@test.com','$2a$10$leOy5/ORUuyNN8sPC13q0.BpJfy6fUzisanX5jBT./7oDBHXPueJ6',NULL),('Admin',3110,'488812900@test.com','$2a$10$p3D2KsUQkeADK98rHkBnIOLmhkFZu9UlQdpeLoSM1tuP3oR7cfDei',NULL),('Customer',3111,'234238000@test.com','$2a$10$FHSmS81DYlArSW3aiEt0jeHqgqPyJxrN5fjMdTJ8eydo5v.FtG2em',NULL),('Customer',3144,'450037400@test.com','$2a$10$ujSY9AT85o2a.NiS4QgS/ejPClbWX0WXS.xkqNYSkg/UhadnjoY7O',NULL),('Customer',3147,'247853600@test.com','$2a$10$UB7RfH0Qti7UwvckTTRnGeAPlu6SvBIkaYf/Ao2IEQbqFvEy3Mqt.',NULL),('Admin',3150,'347348000@test.com','$2a$10$YSVNcJK6cQnJ1la4IXT66OhK88wRk2pYnf2bh2MBGkVtmd6UH9E3u',NULL),('Customer',3151,'282988500@test.com','$2a$10$hFoPpZBNiMknaaEwJGnrVe1YKnpl9dINo4NJkKinSwIUAEf1s3gq.',NULL),('Customer',3183,'434750700@test.com','$2a$10$NyjsutSNCQJiLQzw2Onvh.dGZTcIZDfolVQsRT7gxB8Sw7LKibhUq',NULL),('Customer',3186,'409345800@test.com','$2a$10$H9JeZGViwQGH.deyFKCKUuxKgLf3MIsxZCnRs7x/OAIt0kPu9ikeG',NULL),('Admin',3189,'617727600@test.com','$2a$10$ne82DjypSA1ZIJ6Bly18XuakKMMJNOiVJ.TnDDZnsBWVcVOvYPtf2',NULL),('Customer',3190,'772947600@test.com','$2a$10$pD1AXK0L1bjvDlWPHkF1wu/wATKNr2e49QUEZVzbzz6rgA10mCuX.',NULL),('Customer',3215,'940176600@test.com','$2a$10$FOXJ1LzGCQcLJY3HaULMY.jRx2DZVpfX3IthGfLdyryttBi/zAdzW',NULL),('Customer',3218,'129056000@test.com','$2a$10$DZBFcBSNDtvU6YJiFbJ46eH4GGgWwEicsXOqIinB4rA.28bU0PhU2',NULL),('Admin',3221,'666228400@test.com','$2a$10$nmW9Suyuul9J0MzN38pRv.KlAwSmcjw0ugU3KXfA34.kleu0IqPS2',NULL),('Customer',3222,'488158000@test.com','$2a$10$w23hgXaQSq32CfbHXfD3m.puQyfH6YXmRNd2leFz9xN9bhhcKQHTO',NULL),('Customer',3247,'40702400@test.com','$2a$10$uE7farG3HipZFmZ/4jJA7OxSBTd7yCEzA5IHO4.ZgFIRGOcEUV8WS',NULL),('Customer',3250,'367331700@test.com','$2a$10$5dZhWkQ5MAP6P7JjyC8L7OqkWyIu55XzxDO6ejFYJv/N0afxzJWRy',NULL),('Admin',3253,'782604000@test.com','$2a$10$T5IGjE6.1XVBEcrff/QTw.bvJjx7P3ZeWvdGpYzfqYBuLnCrTDGNu',NULL),('Customer',3254,'685223600@test.com','$2a$10$2jOVKkFvTt82YfYq0l9mdujl679Uqcx0ofFTXgNscvhNGaiUPJQL.',NULL),('Customer',3313,'666303900@test.com','$2a$10$bwN8waIkRP5IlFrdnUAVT.FrEA.6sccDWiPr6M3yZx6MQ7BAIcnHi',NULL),('Customer',3316,'251151400@test.com','$2a$10$FvBlL6e7QnQJwj8FWIiG6uH2fqGrhIio1CmHQzbYVU5P.Ap12uEaa',NULL),('Admin',3319,'439299500@test.com','$2a$10$S.jsMCnZ7rInh1pOwia8dOhh.yaZ03sh.Wkua0kGPMMZ8P6kwJy86',NULL),('Customer',3320,'629161200@test.com','$2a$10$R2ChrGOyNWWfxytUb.j6Ke90mLR8dYVAYIIFgm6ckcxTR6NnBXUye',NULL),('Customer',3382,'702351800@test.com','$2a$10$SsqQX4xPhcm0wOihYgWpUOK0qGAwoafPSUvcJfBqdxH5YvbDFyEuG',NULL),('Customer',3385,'696934700@test.com','$2a$10$DJCbJW7kyMOuPmOxJ6AO5uFzTWQvcolCDwYgLhvS5Abd20k/Nqmce',NULL),('Admin',3388,'802969700@test.com','$2a$10$iK9lOFwiU8fr.dzlQ.2PneVlcr26DMjaDAnDrhg4c1GPEbEalpDRO',NULL),('Customer',3389,'828463100@test.com','$2a$10$KxBDJy2VL35SEHG8XpystOobWGN.smC7YigviQyfOXSLY9NDOIUOC',NULL),('Customer',3397,'722545300@test.com','$2a$10$jhW1jf5R8MVu0R.NzZFpZ.5rWckp66nY4iye0g8RJdQWEEfTQml6m',NULL),('Customer',3400,'41913800@test.com','$2a$10$RILZmvba3Jic5lVVynB8MezB4J13YPrdPQDiq9N8sxQ6No0owse2S',NULL),('Admin',3403,'537583200@test.com','$2a$10$59qI0PV1SbWtUrK9PgzYcOUmZvMvAhFsQE.Mrw00aJ9R/iycUniQG',NULL),('Customer',3404,'464268100@test.com','$2a$10$swps7SS0vMk.sW.41c064OAeJXOg9tRZcjuYugpur9NTSLfF7f1bq',NULL),('Customer',3412,'158575100@test.com','$2a$10$qvHWNWpzihltA9EFmeDfFu8iWC.8OmZr6vrAr53D.TF74wMO8Lkom',NULL),('Customer',3415,'927846200@test.com','$2a$10$S7X2bx1c6ue/BZLiegBJP.mB07KWxNpqdyuHSa5JDHHzkftZal6T6',NULL),('Admin',3418,'601072900@test.com','$2a$10$OYMC/YVfNOmPqoooS/kVZuZSW/J5c8/mc6iyLHOw3adWVfApXAHK.',NULL),('Customer',3419,'760108800@test.com','$2a$10$CfW.iaFKaIW4qTKtTtV2LuYYgagFjTUJtrJ70tt0uOcQxFByGdKFO',NULL),('Customer',3460,'194594400@test.com','$2a$10$t4rmmMIO7RSgmtux2/rr/utaM/GEhjZVGjF8cppzhjLWwIA0JDexe',NULL),('Customer',3463,'60105900@test.com','$2a$10$Wp7k4ud7fHF5AGCb/AaweubVL2LPaj2Y8wyYSfcgCN8WxEZD5sty2',NULL),('Admin',3466,'587901900@test.com','$2a$10$mBTZzhT4PhJzMTV/3B.SzehWLHExjhc.hXMc8XYkLwaKhVKkbabFS',NULL),('Customer',3467,'422956700@test.com','$2a$10$CMjtfDcpQGiVtR/YyIAyU.XgHmGdNFRhzbuSpD4Eod7fHqxKL8uuC',NULL),('Customer',3493,'9187600@test.com','$2a$10$IqAcHqHs45IU1tabUtQJf.Kxi50YBQsuiVzIv7sYXzuQxcCRgfSQq',NULL),('Customer',3496,'927412600@test.com','$2a$10$regh6LiGDjQjFHvg1cPpguxVwUZciBqGirzWGyidOUY.Y2pFlOZXG',NULL),('Admin',3499,'866288700@test.com','$2a$10$w6Wdc/ggjdJKi6T02SLW6emL2KqdiC06FbX7jbeiA9WYKA2tVunra',NULL),('Customer',3500,'830495300@test.com','$2a$10$nrlhDioKokuAckjLk0z7leJ7eMpS4AANXzuFFuyLqhAzzogQmZBTS',NULL);
/*!40000 ALTER TABLE `user` ENABLE KEYS */;
UNLOCK TABLES;

--
-- Table structure for table `venue`
--

DROP TABLE IF EXISTS `venue`;
/*!40101 SET @saved_cs_client     = @@character_set_client */;
/*!40101 SET character_set_client = utf8 */;
CREATE TABLE `venue` (
  `id` int(11) NOT NULL,
  `name` varchar(255) NOT NULL,
  `address_id` int(11) NOT NULL,
  PRIMARY KEY (`id`),
  UNIQUE KEY `address_id` (`address_id`),
  CONSTRAINT `venue_ibfk_1` FOREIGN KEY (`address_id`) REFERENCES `address` (`id`)
) ENGINE=InnoDB DEFAULT CHARSET=utf8;
/*!40101 SET character_set_client = @saved_cs_client */;

--
-- Dumping data for table `venue`
--

LOCK TABLES `venue` WRITE;
/*!40000 ALTER TABLE `venue` DISABLE KEYS */;
/*!40000 ALTER TABLE `venue` ENABLE KEYS */;
UNLOCK TABLES;

--
-- Dumping routines for database 'test'
--
/*!50003 DROP PROCEDURE IF EXISTS `update_album_length` */;
/*!50003 SET @saved_cs_client      = @@character_set_client */ ;
/*!50003 SET @saved_cs_results     = @@character_set_results */ ;
/*!50003 SET @saved_col_connection = @@collation_connection */ ;
/*!50003 SET character_set_client  = utf8 */ ;
/*!50003 SET character_set_results = utf8 */ ;
/*!50003 SET collation_connection  = utf8_general_ci */ ;
/*!50003 SET @saved_sql_mode       = @@sql_mode */ ;
/*!50003 SET sql_mode              = 'STRICT_TRANS_TABLES,NO_AUTO_CREATE_USER,NO_ENGINE_SUBSTITUTION' */ ;
DELIMITER ;;
CREATE DEFINER=`root`@`localhost` PROCEDURE `update_album_length`(IN album_id int,
                 IN old_song_length int,
                 IN new_song_length int)
UPDATE album
SET length = length - old_song_length + new_song_length
WHERE id = album_id ;;
DELIMITER ;
/*!50003 SET sql_mode              = @saved_sql_mode */ ;
/*!50003 SET character_set_client  = @saved_cs_client */ ;
/*!50003 SET character_set_results = @saved_cs_results */ ;
/*!50003 SET collation_connection  = @saved_col_connection */ ;
/*!50003 DROP PROCEDURE IF EXISTS `update_album_song_count` */;
/*!50003 SET @saved_cs_client      = @@character_set_client */ ;
/*!50003 SET @saved_cs_results     = @@character_set_results */ ;
/*!50003 SET @saved_col_connection = @@collation_connection */ ;
/*!50003 SET character_set_client  = utf8 */ ;
/*!50003 SET character_set_results = utf8 */ ;
/*!50003 SET collation_connection  = utf8_general_ci */ ;
/*!50003 SET @saved_sql_mode       = @@sql_mode */ ;
/*!50003 SET sql_mode              = 'STRICT_TRANS_TABLES,NO_AUTO_CREATE_USER,NO_ENGINE_SUBSTITUTION' */ ;
DELIMITER ;;
CREATE DEFINER=`root`@`localhost` PROCEDURE `update_album_song_count`(IN album_id int,
                 IN delta int)
UPDATE album
SET num_songs = num_songs + delta
WHERE id = album_id ;;
DELIMITER ;
/*!50003 SET sql_mode              = @saved_sql_mode */ ;
/*!50003 SET character_set_client  = @saved_cs_client */ ;
/*!50003 SET character_set_results = @saved_cs_results */ ;
/*!50003 SET collation_connection  = @saved_col_connection */ ;
/*!50003 DROP PROCEDURE IF EXISTS `update_playlists_with_song` */;
/*!50003 SET @saved_cs_client      = @@character_set_client */ ;
/*!50003 SET @saved_cs_results     = @@character_set_results */ ;
/*!50003 SET @saved_col_connection = @@collation_connection */ ;
/*!50003 SET character_set_client  = utf8 */ ;
/*!50003 SET character_set_results = utf8 */ ;
/*!50003 SET collation_connection  = utf8_general_ci */ ;
/*!50003 SET @saved_sql_mode       = @@sql_mode */ ;
/*!50003 SET sql_mode              = 'STRICT_TRANS_TABLES,NO_AUTO_CREATE_USER,NO_ENGINE_SUBSTITUTION' */ ;
DELIMITER ;;
CREATE DEFINER=`root`@`localhost` PROCEDURE `update_playlists_with_song`(IN song_id int)
UPDATE playlist p
LEFT JOIN (
	SELECT p.playlist_id AS playlist_id, SUM(s.length) AS length
    FROM playlist_songs p, song s
    WHERE p.song_id = s.id
    GROUP BY p.playlist_id
) pl
ON pl.playlist_id = p.id
SET p.length = IF(ISNULL(pl.length), 0, pl.length)
WHERE p.id > 0
AND EXISTS (
	SELECT *
    FROM playlist_songs ps
    WHERE ps.playlist_id = p.id
    AND ps.song_id = song_id
) ;;
DELIMITER ;
/*!50003 SET sql_mode              = @saved_sql_mode */ ;
/*!50003 SET character_set_client  = @saved_cs_client */ ;
/*!50003 SET character_set_results = @saved_cs_results */ ;
/*!50003 SET collation_connection  = @saved_col_connection */ ;
/*!50003 DROP PROCEDURE IF EXISTS `update_playlist_length` */;
/*!50003 SET @saved_cs_client      = @@character_set_client */ ;
/*!50003 SET @saved_cs_results     = @@character_set_results */ ;
/*!50003 SET @saved_col_connection = @@collation_connection */ ;
/*!50003 SET character_set_client  = utf8 */ ;
/*!50003 SET character_set_results = utf8 */ ;
/*!50003 SET collation_connection  = utf8_general_ci */ ;
/*!50003 SET @saved_sql_mode       = @@sql_mode */ ;
/*!50003 SET sql_mode              = 'STRICT_TRANS_TABLES,NO_AUTO_CREATE_USER,NO_ENGINE_SUBSTITUTION' */ ;
DELIMITER ;;
CREATE DEFINER=`root`@`localhost` PROCEDURE `update_playlist_length`(IN playlist_id int)
UPDATE playlist p
LEFT JOIN (
	SELECT p.playlist_id AS playlist_id, SUM(s.length) AS length
    FROM playlist_songs p, song s
    WHERE p.song_id = s.id
    GROUP BY p.playlist_id
) pl
ON pl.playlist_id = p.id
SET p.length = IF(ISNULL(pl.length), 0, pl.length)
WHERE p.id = playlist_id ;;
DELIMITER ;
/*!50003 SET sql_mode              = @saved_sql_mode */ ;
/*!50003 SET character_set_client  = @saved_cs_client */ ;
/*!50003 SET character_set_results = @saved_cs_results */ ;
/*!50003 SET collation_connection  = @saved_col_connection */ ;
/*!50003 DROP PROCEDURE IF EXISTS `update_playlist_song_count` */;
/*!50003 SET @saved_cs_client      = @@character_set_client */ ;
/*!50003 SET @saved_cs_results     = @@character_set_results */ ;
/*!50003 SET @saved_col_connection = @@collation_connection */ ;
/*!50003 SET character_set_client  = utf8 */ ;
/*!50003 SET character_set_results = utf8 */ ;
/*!50003 SET collation_connection  = utf8_general_ci */ ;
/*!50003 SET @saved_sql_mode       = @@sql_mode */ ;
/*!50003 SET sql_mode              = 'STRICT_TRANS_TABLES,NO_AUTO_CREATE_USER,NO_ENGINE_SUBSTITUTION' */ ;
DELIMITER ;;
CREATE DEFINER=`root`@`localhost` PROCEDURE `update_playlist_song_count`(IN playlist_id int,
                 IN delta int)
UPDATE playlist
SET num_songs = num_songs + delta
WHERE id = playlist_id ;;
DELIMITER ;
/*!50003 SET sql_mode              = @saved_sql_mode */ ;
/*!50003 SET character_set_client  = @saved_cs_client */ ;
/*!50003 SET character_set_results = @saved_cs_results */ ;
/*!50003 SET collation_connection  = @saved_col_connection */ ;

--
-- Final view structure for view `playlist_albums`
--

/*!50001 DROP VIEW IF EXISTS `playlist_albums`*/;
/*!50001 SET @saved_cs_client          = @@character_set_client */;
/*!50001 SET @saved_cs_results         = @@character_set_results */;
/*!50001 SET @saved_col_connection     = @@collation_connection */;
/*!50001 SET character_set_client      = utf8 */;
/*!50001 SET character_set_results     = utf8 */;
/*!50001 SET collation_connection      = utf8_general_ci */;
/*!50001 CREATE ALGORITHM=UNDEFINED */
/*!50013 DEFINER=`root`@`localhost` SQL SECURITY DEFINER */
/*!50001 VIEW `playlist_albums` AS select `ps`.`playlist_id` AS `playlist_id`,`s`.`album_id` AS `album_id`,min(`ps`.`date_saved`) AS `date_saved` from (`playlist_songs` `ps` join `song` `s`) where (`ps`.`song_id` = `s`.`id`) group by `ps`.`playlist_id`,`s`.`album_id` */;
/*!50001 SET character_set_client      = @saved_cs_client */;
/*!50001 SET character_set_results     = @saved_cs_results */;
/*!50001 SET collation_connection      = @saved_col_connection */;

--
-- Final view structure for view `playlist_artists`
--

/*!50001 DROP VIEW IF EXISTS `playlist_artists`*/;
/*!50001 SET @saved_cs_client          = @@character_set_client */;
/*!50001 SET @saved_cs_results         = @@character_set_results */;
/*!50001 SET @saved_col_connection     = @@collation_connection */;
/*!50001 SET character_set_client      = utf8 */;
/*!50001 SET character_set_results     = utf8 */;
/*!50001 SET collation_connection      = utf8_general_ci */;
/*!50001 CREATE ALGORITHM=UNDEFINED */
/*!50013 DEFINER=`root`@`localhost` SQL SECURITY DEFINER */
/*!50001 VIEW `playlist_artists` AS select `ps`.`playlist_id` AS `playlist_id`,`a`.`artist_id` AS `artist_id`,min(`ps`.`date_saved`) AS `date_saved` from ((`playlist_songs` `ps` join `song` `s`) join `album` `a`) where ((`ps`.`song_id` = `s`.`id`) and (`s`.`album_id` = `a`.`id`)) group by `ps`.`playlist_id`,`a`.`artist_id` */;
/*!50001 SET character_set_client      = @saved_cs_client */;
/*!50001 SET character_set_results     = @saved_cs_results */;
/*!50001 SET collation_connection      = @saved_col_connection */;
/*!40103 SET TIME_ZONE=@OLD_TIME_ZONE */;

/*!40101 SET SQL_MODE=@OLD_SQL_MODE */;
/*!40014 SET FOREIGN_KEY_CHECKS=@OLD_FOREIGN_KEY_CHECKS */;
/*!40014 SET UNIQUE_CHECKS=@OLD_UNIQUE_CHECKS */;
/*!40101 SET CHARACTER_SET_CLIENT=@OLD_CHARACTER_SET_CLIENT */;
/*!40101 SET CHARACTER_SET_RESULTS=@OLD_CHARACTER_SET_RESULTS */;
/*!40101 SET COLLATION_CONNECTION=@OLD_COLLATION_CONNECTION */;
/*!40111 SET SQL_NOTES=@OLD_SQL_NOTES */;

-- Dump completed on 2017-12-08 15:28:02
