-- MySQL dump 10.13  Distrib 5.7.17, for Win64 (x86_64)
--
-- Host: localhost    Database: test
-- ------------------------------------------------------
-- Server version	5.7.18-log

/*!40101 SET @OLD_CHARACTER_SET_CLIENT=@@CHARACTER_SET_CLIENT */;
/*!40101 SET @OLD_CHARACTER_SET_RESULTS=@@CHARACTER_SET_RESULTS */;
/*!40101 SET @OLD_COLLATION_CONNECTION=@@COLLATION_CONNECTION */;
/*!40101 SET NAMES utf8 */;
/*!40103 SET @OLD_TIME_ZONE=@@TIME_ZONE */;
/*!40103 SET TIME_ZONE='+00:00' */;
/*!40014 SET @OLD_UNIQUE_CHECKS=@@UNIQUE_CHECKS, UNIQUE_CHECKS=0 */;
/*!40014 SET @OLD_FOREIGN_KEY_CHECKS=@@FOREIGN_KEY_CHECKS, FOREIGN_KEY_CHECKS=0 */;
/*!40101 SET @OLD_SQL_MODE=@@SQL_MODE, SQL_MODE='NO_AUTO_VALUE_ON_ZERO' */;
/*!40111 SET @OLD_SQL_NOTES=@@SQL_NOTES, SQL_NOTES=0 */;

--
-- Table structure for table `address`
--

DROP TABLE IF EXISTS `address`;
/*!40101 SET @saved_cs_client     = @@character_set_client */;
/*!40101 SET character_set_client = utf8 */;
CREATE TABLE `address` (
  `id` int(11) NOT NULL AUTO_INCREMENT,
  `address_line1` varchar(255) NOT NULL,
  `address_line2` varchar(255) DEFAULT NULL,
  `city` varchar(255) NOT NULL,
  `country` varchar(255) NOT NULL,
  `postcode` varchar(255) NOT NULL,
  `state` varchar(255) NOT NULL,
  PRIMARY KEY (`id`)
) ENGINE=InnoDB AUTO_INCREMENT=6 DEFAULT CHARSET=utf8;
/*!40101 SET character_set_client = @saved_cs_client */;

--
-- Dumping data for table `address`
--

LOCK TABLES `address` WRITE;
/*!40000 ALTER TABLE `address` DISABLE KEYS */;
INSERT INTO `address` VALUES (1,'550 Madison Ave.','6th Fl.','New York City','US','10022','NY'),(2,'550 Madison Ave.','24th Fl.','New York City','US','10022','NY'),(3,'2100 Colorado Ave.','','Santa Monica','US','90404','CA'),(4,'3300 Warner Blvd.','3rd Fl.','Burbank','US','91505','CA'),(5,'1290 Ave. Of The Americas','','New York City','US','10104','NY');
/*!40000 ALTER TABLE `address` ENABLE KEYS */;
UNLOCK TABLES;

--
-- Table structure for table `admin`
--

DROP TABLE IF EXISTS `admin`;
/*!40101 SET @saved_cs_client     = @@character_set_client */;
/*!40101 SET character_set_client = utf8 */;
CREATE TABLE `admin` (
  `first_name` varchar(255) NOT NULL,
  `last_name` varchar(255) NOT NULL,
  `super_admin` bit(1) NOT NULL,
  `id` int(11) NOT NULL,
  PRIMARY KEY (`id`),
  CONSTRAINT `FK1ja8rua032fgnk9jmq7du3b3a` FOREIGN KEY (`id`) REFERENCES `user` (`id`)
) ENGINE=InnoDB DEFAULT CHARSET=utf8;
/*!40101 SET character_set_client = @saved_cs_client */;

--
-- Dumping data for table `admin`
--

LOCK TABLES `admin` WRITE;
/*!40000 ALTER TABLE `admin` DISABLE KEYS */;
INSERT INTO `admin` VALUES ('John','Doe','\0',4);
/*!40000 ALTER TABLE `admin` ENABLE KEYS */;
UNLOCK TABLES;

--
-- Table structure for table `album`
--

DROP TABLE IF EXISTS `album`;
/*!40101 SET @saved_cs_client     = @@character_set_client */;
/*!40101 SET character_set_client = utf8 */;
CREATE TABLE `album` (
  `id` int(11) NOT NULL AUTO_INCREMENT,
  `active` bit(1) NOT NULL DEFAULT b'1',
  `created_date` datetime NOT NULL DEFAULT CURRENT_TIMESTAMP,
  `name` varchar(255) NOT NULL,
  `mbid` char(36) NOT NULL,
  `num_songs` int(11) NOT NULL DEFAULT '0',
  `release_date` datetime DEFAULT NULL,
  `image_id` int(11) DEFAULT NULL,
  `owner_id` int(11) DEFAULT NULL,
  `artist_id` int(11) NOT NULL,
  `length` int(11) NOT NULL DEFAULT '0',
  `type` varchar(255) NOT NULL,
  PRIMARY KEY (`id`),
  UNIQUE KEY `UK_driqobnir6h5lpxjh3tp9wl60` (`mbid`),
  KEY `FKrso6yh9eofot314029iyqpvqx` (`image_id`),
  KEY `FKb30xrq6mdr8pv80vafw2fvdam` (`owner_id`),
  KEY `FKmwc4fyyxb6tfi0qba26gcf8s1` (`artist_id`),
  CONSTRAINT `FKb30xrq6mdr8pv80vafw2fvdam` FOREIGN KEY (`owner_id`) REFERENCES `user` (`id`),
  CONSTRAINT `FKmwc4fyyxb6tfi0qba26gcf8s1` FOREIGN KEY (`artist_id`) REFERENCES `artist` (`id`),
  CONSTRAINT `FKrso6yh9eofot314029iyqpvqx` FOREIGN KEY (`image_id`) REFERENCES `image` (`id`)
) ENGINE=InnoDB AUTO_INCREMENT=220 DEFAULT CHARSET=utf8;
/*!40101 SET character_set_client = @saved_cs_client */;

--
-- Dumping data for table `album`
--

LOCK TABLES `album` WRITE;
/*!40000 ALTER TABLE `album` DISABLE KEYS */;
INSERT INTO `album` VALUES (1,'','2017-11-19 21:19:04','Live at the Sydney Opera House','178be4e1-5f1c-3a03-93b5-c26a5ca083cd',12,'1978-01-01 00:00:00',NULL,NULL,1,2874998,'ALBUM'),(2,'','2017-11-19 21:19:16','Invenzioni','232a3b5c-2079-3404-92f1-281970b1c8a2',10,'1978-01-01 00:00:00',NULL,NULL,2,2116571,'ALBUM'),(3,'','2017-11-19 21:19:28','Yes Sir, I Can Boogie','27b49d42-c617-43b8-8a23-07c501ab4db2',12,'1978-01-01 00:00:00',1317,NULL,3,2740372,'ALBUM'),(4,'','2017-11-19 21:19:37','Macho Man','35142777-6e4a-3693-ba91-380f6974fd91',5,'1978-01-01 00:00:00',NULL,NULL,4,1650000,'ALBUM'),(5,'','2017-11-19 21:19:43','Mr. Music','84829396-71ea-4f65-96b1-02cc45193b59',11,'1978-01-01 00:00:00',1318,NULL,5,2318386,'ALBUM'),(6,'','2017-11-19 21:19:58','Hawaiian Guitar Wizard','a5d6531e-df4a-4d27-8100-889de5bef63d',16,'1978-01-01 00:00:00',NULL,NULL,6,3053000,'ALBUM'),(7,'','2017-11-19 21:20:22','Unchained Melody','d2ff1b2b-72f5-4fda-8354-b0813f859c59',2,'1978-01-01 00:00:00',1319,NULL,7,386000,'SINGLE'),(8,'','2017-11-19 21:20:32','Il giorno aveva cinque teste','e113b703-5da2-4fa5-8739-d84471c42621',10,'1978-01-01 00:00:00',1320,NULL,8,2242557,'ALBUM'),(9,'','2017-11-19 21:20:48','From Elvis With Love','ee4ea818-37a9-453a-8cb0-419b3a7ad28f',10,'1978-01-01 00:00:00',NULL,NULL,7,1599264,'ALBUM'),(10,'','2017-11-19 21:20:53','Swing Sessions','f5692e7e-1b2b-436d-b778-15ab52456fce',8,'1978-01-01 00:00:00',NULL,NULL,10,0,'ALBUM'),(11,'','2017-11-19 21:21:28','Francesco De Gregori','0bbe3af4-f5da-4432-9acf-4286f959e6a5',11,'2015-01-01 00:00:00',1321,NULL,11,2162999,'ALBUM'),(12,'','2017-11-19 21:21:37','2015-07-26: DMB Live Trax, Volume 36: Alpine Valley Music Theatre, Elkhorn, Wisconsin + Encore Trax 8-Track Bonus CD','1cdc4cbe-3290-45e9-a0f1-395bced40bb8',10,'2015-01-01 00:00:00',NULL,NULL,12,3546000,'ALBUM'),(13,'','2017-11-19 21:21:55','Coney Island Baby','1f5718e3-9122-4414-a1c8-9435bdefb4ce',8,'2015-01-01 00:00:00',NULL,NULL,13,2129360,'ALBUM'),(14,'','2017-11-19 21:22:07','Ouroboros','360342bd-e562-434c-a7d2-3383defae8a5',8,'2015-01-01 00:00:00',1322,NULL,14,2382743,'ALBUM'),(15,'','2017-11-19 21:22:20','Alice non lo sa','692eaeca-9fe9-4bdc-ba31-d60dcae65bc2',12,'2015-01-01 00:00:00',1323,NULL,11,2447996,'ALBUM'),(16,'','2017-11-19 21:22:38','Breathe In. Breathe Out.','86127a99-9c7b-46c4-b35b-1125fc087932',14,'2015-01-01 00:00:00',1324,NULL,15,2951000,'ALBUM'),(17,'','2017-11-19 21:22:56','Berlin','c392e3db-ed43-45ee-81db-7a8b80445ce1',10,'2015-01-01 00:00:00',NULL,NULL,13,2972863,'ALBUM'),(18,'','2017-11-19 21:23:08','Rimmel','c88e63ce-324e-47f0-b528-ac35d006fb91',9,'2015-01-01 00:00:00',1325,NULL,11,1782836,'ALBUM'),(19,'','2017-11-19 21:23:21','White Rabbit: The Ultimate Collection','e691289f-8d6d-4db2-9afe-8176d765673a',15,'2015-01-01 00:00:00',1326,NULL,17,0,'ALBUM'),(20,'','2017-11-19 21:23:29','Belafonte at Carnegie Hall','f576102e-205b-492a-9639-d99da4561fe7',19,'2015-01-01 00:00:00',NULL,NULL,18,5748000,'ALBUM'),(21,'','2017-11-19 21:23:49','The Sweetest Thing','2dd39578-1e07-43d1-9784-c0e0d339ca94',10,'1976-01-01 00:00:00',1327,NULL,19,1845000,'ALBUM'),(22,'','2017-11-19 21:24:04','I Don\'t Want to Have to Marry You','2ffc4267-c5b4-4272-b2d6-d9db1c13e29c',2,'1976-01-01 00:00:00',NULL,NULL,20,362000,'SINGLE'),(23,'','2017-11-19 21:24:07','Teddy Bear','9527daf7-fc46-4a98-b217-d5ed48333b8b',11,'1976-01-01 00:00:00',1328,NULL,22,0,'ALBUM'),(24,'','2017-11-19 21:24:22','Stadaconé','a5274462-1daf-45b6-ae1a-c92db1b76007',6,'1976-01-01 00:00:00',NULL,NULL,23,2391998,'ALBUM'),(25,'','2017-11-19 21:24:30','Blue Christmas','aa3940d1-df60-430f-87db-08c45817feca',14,'1976-01-01 00:00:00',NULL,NULL,7,2134000,'ALBUM'),(26,'','2017-11-19 21:24:51','Early Riser','b2e4e26c-7af0-42aa-ae3e-6ad4be397ea5',9,'1976-01-01 00:00:00',1329,NULL,24,2289000,'ALBUM'),(27,'','2017-11-19 21:25:03','Tutti i successi di Gianni Morandi, Volume 1','e872886d-2e9e-3144-a31d-a798706a6d08',12,'1976-01-01 00:00:00',NULL,NULL,25,2033000,'ALBUM'),(28,'','2017-11-19 21:25:21','4 marzo e altre storie','ebf1abd3-aa01-45c5-9c7a-35c8fbb49d50',10,'1976-01-01 00:00:00',1330,NULL,8,2061000,'ALBUM'),(29,'','2017-11-19 21:25:34','Nous nous sommes tant aimés','f717bfea-bef7-4619-b2da-e9146c0f3a08',2,'1976-01-01 00:00:00',1331,NULL,26,395000,'SINGLE'),(30,'','2017-11-19 21:25:36','Il mondo di Francesco De Gregori','fe6f3067-7d9a-44bc-b37b-bdd6f0d72022',10,'1976-01-01 00:00:00',1332,NULL,11,2143597,'ALBUM'),(31,'','2017-11-19 21:25:41','The Sleazy Remix','0539d6be-f095-45a4-895a-e21c615d80d2',1,'2011-01-17 00:00:00',1333,NULL,27,228000,'SINGLE'),(32,'','2017-11-19 21:25:43','The Black Cat Neighbourhood','2a8201de-6b28-46a1-bad1-da6eb764e7e0',14,'2011-01-14 00:00:00',NULL,NULL,29,2632316,'ALBUM'),(33,'','2017-11-19 21:26:08','We R Who We R','46701a4f-9746-47ed-9fc2-284bb6faef78',4,'2011-01-23 00:00:00',1334,NULL,27,942000,'SINGLE'),(34,'','2017-11-19 21:26:17','What the Hell','76cbcc56-63ca-49a5-acae-e51dbdffc21a',3,'2011-02-02 00:00:00',1335,NULL,30,738000,'SINGLE'),(35,'','2017-11-19 21:26:23','Original Album Classics','7f563874-2621-462e-a0c1-46f1725d6a9c',15,'2011-01-28 00:00:00',1336,NULL,17,4202000,'ALBUM'),(36,'','2017-11-19 21:26:43','Animal + Cannibal','ac76fe4f-80db-488e-89c9-825a7b3e9820',26,'2011-01-31 00:00:00',1337,NULL,27,5365000,'ALBUM'),(37,'','2017-11-19 21:27:18','Rockstar','bc921af7-34df-47fc-9e41-eb0413bca4aa',12,'2011-02-04 00:00:00',1338,NULL,33,2406823,'ALBUM'),(38,'','2017-11-19 21:27:31','Rockstar','ebe59b9e-0bf2-46d2-b732-f0fd6cbb2a9a',3,'2011-01-14 00:00:00',1339,NULL,33,538986,'SINGLE'),(39,'','2017-11-19 21:27:38','Playlist: The Very Best of Tyrese','fe7fd865-96d2-42a9-b37c-bc5539e81619',14,'2011-01-25 00:00:00',1340,NULL,34,0,'ALBUM'),(40,'','2017-11-19 21:27:56','Living Out Loud (KDA remix)','1121b0f1-7190-4a30-9561-b2dfe466bf7c',1,'2016-12-16 00:00:00',1341,NULL,38,221658,'SINGLE'),(41,'','2017-11-19 21:27:57','Insecure (Music from the HBO Original Series)','2f72c2ae-d2e2-4792-a9ed-b5f5910934df',16,'2016-12-16 00:00:00',NULL,NULL,40,3716000,'ALBUM'),(42,'','2017-11-19 21:28:21','Human Touch (acoustic version)','696447ce-1077-45d9-88cd-0943136fba61',1,'2016-12-09 00:00:00',1342,NULL,46,251530,'SINGLE'),(43,'','2017-11-19 21:28:22','Kerosene','83725415-a820-49b3-bfd9-c0fec530d856',1,'2016-12-16 00:00:00',NULL,NULL,48,193000,'SINGLE'),(44,'','2017-11-19 21:28:24','New Dawns','b14a0996-c0a4-476c-9de0-3bad6c2b158b',6,'2016-12-09 00:00:00',1343,NULL,49,1169000,'EP'),(45,'','2017-11-19 21:28:34','She\'s Like a Star','c21a44b8-89b8-4a5e-aeb4-fe7521e1ece7',6,'2016-12-09 00:00:00',1344,NULL,50,1238000,'EP'),(46,'','2017-11-19 21:28:42','Lone Wolf','c3989b39-d37c-4553-9c83-73cf6a8bc56e',4,'2016-12-09 00:00:00',1345,NULL,51,779000,'EP'),(47,'','2017-11-19 21:28:46','Going In','c9aac11a-8080-47a0-987e-12be0e0f0084',1,'2016-12-09 00:00:00',NULL,NULL,51,210000,'SINGLE'),(48,'','2017-11-19 21:28:52','Vengeance on My Mind','ce945939-b04b-4d3f-9782-c234c5381123',1,'2016-12-09 00:00:00',1346,NULL,52,207907,'SINGLE'),(49,'','2017-11-19 21:28:55','What U Do to Me','fe2eb072-1e1a-4d35-aeb8-2441e04452d8',6,'2016-12-09 00:00:00',1347,NULL,53,1274000,'EP'),(50,'','2017-11-19 21:29:06','Summer','1d140716-b5fc-44cf-831b-8271d48004eb',1,'2014-04-27 00:00:00',1348,NULL,54,224000,'SINGLE'),(51,'','2017-11-19 21:29:10','The Amazing Spider-Man 2','3f7d4f7d-58e3-4af1-aac7-2a42f83b1a6f',20,'2014-04-22 00:00:00',1349,NULL,55,3410681,'ALBUM'),(52,'','2017-11-19 21:29:38','American Beauty','401ff4fb-85b3-4266-8e65-12169b99cc3b',4,'2014-04-19 00:00:00',1350,NULL,57,884000,'EP'),(53,'','2017-11-19 21:29:44','Budapest','5348a906-cf0c-4d6b-9ae7-d63a545535bb',2,'2014-04-18 00:00:00',1351,NULL,58,452000,'SINGLE'),(54,'','2017-11-19 21:29:58','Santana','b93b5e57-2e24-4445-bf0b-3c143e2dcfce',9,'2014-04-25 00:00:00',1352,NULL,59,2472508,'ALBUM'),(55,'','2017-11-19 21:30:09','Holding On for Life','e534e42c-ad2b-4316-8b36-43cc407f33e4',6,'2014-04-19 00:00:00',NULL,NULL,60,1497000,'SINGLE'),(56,'','2017-11-19 21:30:21','Abraxas','e91c52c3-5cb5-43ad-91df-16edeb97ded5',9,'2014-04-25 00:00:00',1353,NULL,59,2247840,'ALBUM'),(57,'','2017-11-19 21:30:31','The Reason / When the Funk Hits the Fan','06788028-e679-4855-b388-13203092feb7',7,'1996-01-01 00:00:00',1354,NULL,61,2453000,'SINGLE'),(58,'','2017-11-19 21:30:42','Ascension (Don\'t Ever Wonder): The Tribute','1df1b16e-8df5-47b3-a040-e12d3cf476d3',6,'1996-01-01 00:00:00',1355,NULL,63,1679999,'SINGLE'),(59,'','2017-11-19 21:30:50','…Til the Cops Come Knockin’: The Opus','3f32f050-abc3-4c41-a820-2ca80e8d0788',5,'1996-01-01 00:00:00',NULL,NULL,63,1770825,'SINGLE'),(60,'','2017-11-19 21:30:55','Η επόμενη κίνηση','5edbbd02-1f9e-4057-817f-acccb402d4d8',10,'1996-01-01 00:00:00',1356,NULL,64,2275000,'ALBUM'),(61,'','2017-11-19 21:30:56','Are You There?','8ba146ae-65dc-447e-9495-ba95cfdac04d',6,'1996-01-01 00:00:00',NULL,NULL,65,2428000,'SINGLE'),(62,'','2017-11-19 21:31:00','Shout','a0b0dcf7-3dcb-4b93-ad5e-b201b156e0a5',5,'1996-01-01 00:00:00',NULL,NULL,66,2040000,'ALBUM'),(63,'','2017-11-19 21:31:05','Always Be My Baby','a568448f-b976-441f-83bf-9aeeec260194',3,'1996-01-01 00:00:00',1357,NULL,67,811999,'SINGLE'),(64,'','2017-11-19 21:31:08','I Like It','be105f53-4e33-48ad-9671-e842affc7b5a',2,'1996-01-01 00:00:00',NULL,NULL,70,674000,'SINGLE'),(65,'','2017-11-19 21:31:10','Ζητάτε να σας πω','d1899886-72be-3336-abde-0dcface85fb1',12,'1996-01-01 00:00:00',NULL,NULL,74,2009000,'ALBUM'),(66,'','2017-11-19 21:31:13','I Finally Found Someone','f1080872-2c17-4fec-9543-5593609210c3',3,'1996-01-01 00:00:00',1358,NULL,75,790026,'SINGLE'),(67,'','2017-11-19 21:31:17','Italian Love Song','1eb24f7e-3bcb-4d85-b695-c9384050b0a8',3,'2004-11-08 00:00:00',1359,NULL,77,747452,'SINGLE'),(68,'','2017-11-19 21:31:21','Comme vous...','2a7d117c-29f9-3e78-93b8-249ac201799d',14,'2004-11-08 00:00:00',1360,NULL,78,3587183,'ALBUM'),(69,'','2017-11-19 21:31:30','Alive at Last','2c1a120f-3fb7-489c-985e-805ea2903131',16,'2004-11-02 00:00:00',1361,NULL,79,4582823,'ALBUM'),(70,'','2017-11-19 21:31:46','Lose My Breath','5a22957a-b993-4c38-9925-61ef397ddbb4',3,'2004-11-01 00:00:00',NULL,NULL,80,878000,'SINGLE'),(71,'','2017-11-19 21:31:49','Rio I.','6422a47f-9a5f-44e3-bfc8-1688d924676b',10,'2004-11-01 00:00:00',NULL,NULL,81,2572731,'ALBUM'),(72,'','2017-11-19 21:31:56','Santana','6f212ef3-9c1a-3b84-abf0-26b6d6789ed0',12,'2004-11-08 00:00:00',NULL,NULL,59,3372996,'ALBUM'),(73,'','2017-11-19 21:32:04','Bridging the Gap','7b702639-50d7-4846-a690-ff1013208932',4,'2004-11-08 00:00:00',NULL,NULL,82,1022399,'SINGLE'),(74,'','2017-11-19 21:32:08','Love, God, Murder','c58e30a7-d7d1-4072-a83d-f27a03513b0c',16,'2004-11-08 00:00:00',NULL,NULL,84,2392000,'ALBUM'),(75,'','2017-11-19 21:32:28','Down By The Riverside','e92c1b83-d097-437b-84c6-673d9cada0e3',1,'2004-11-09 00:00:00',1362,NULL,85,216000,'SINGLE'),(76,'','2017-11-19 21:32:30','Nick Lowe & His Cowboy Outfit','48870234-ac65-45e1-98ca-3e8b0e810a2f',11,'1984-01-01 00:00:00',NULL,NULL,86,2241569,'ALBUM'),(77,'','2017-11-19 21:32:49','Goodbye Cruel World','533ecce7-1325-4cce-8250-40ecdfefe301',13,'1984-01-01 00:00:00',1363,NULL,87,2657756,'ALBUM'),(78,'','2017-11-19 21:33:00','Snap','592bf731-9058-4cb4-8242-2d61dee70feb',9,'1984-01-01 00:00:00',NULL,NULL,88,2336000,'ALBUM'),(79,'','2017-11-19 21:33:07','Let\'s Hear It for the Boy','6d9c35c3-d73f-4246-b8ec-a9b033e7ea45',10,'1984-01-01 00:00:00',NULL,NULL,89,2517998,'ALBUM'),(80,'','2017-11-19 21:33:22','Orion','7d533516-1d3e-4381-b1a8-2e4c4758e0a2',8,'1984-01-01 00:00:00',1364,NULL,90,2744000,'ALBUM'),(81,'','2017-11-19 21:33:33','Sound-System','7d80f486-dc83-40e0-be75-64446680fb9b',6,'1984-01-01 00:00:00',NULL,NULL,92,2035691,'ALBUM'),(82,'','2017-11-19 21:33:41','Make It Big','8587cf6d-3761-4cae-9acc-78770a13c758',8,'1984-01-01 00:00:00',1365,NULL,93,2298158,'ALBUM'),(83,'','2017-11-19 21:33:55','White Zone','c8908ec7-d566-4f94-a8fd-7fbb85d42ff4',10,'1984-01-01 00:00:00',1366,NULL,94,0,'ALBUM'),(84,'','2017-11-19 21:34:10','Disguise','e93063b0-f330-46b4-b489-710ba18bc040',7,'1984-01-01 00:00:00',1367,NULL,95,2358997,'ALBUM'),(85,'','2017-11-19 21:34:19','About Face','f1220935-a7ad-4a70-9492-db03e8b7feb1',10,'1984-01-01 00:00:00',1368,NULL,96,2774000,'ALBUM'),(86,'','2017-11-19 21:34:34','Devils & Dust','6bc10aa8-bf4f-3d8a-9d04-5c1a43577b59',12,'2005-04-26 00:00:00',1369,NULL,57,3051197,'ALBUM'),(87,'','2017-11-19 21:34:54','Times Like These','a5b1a7ef-871f-4779-b2ef-4fda6d4d1093',11,'2005-04-26 00:00:00',1370,NULL,97,2413998,'ALBUM'),(88,'','2017-11-19 21:35:08','Jazz Moods - Hot','b575718f-905e-4e21-8f98-685248493186',14,'2005-04-19 00:00:00',NULL,NULL,98,3896000,'ALBUM'),(89,'','2017-11-19 21:35:26','The Essential Dion','ccf80817-eba3-4fe3-84f6-75acca279616',14,'2005-04-19 00:00:00',1371,NULL,99,2238461,'ALBUM'),(90,'','2017-11-19 21:35:45','Touch','e11c356e-3538-45cf-82d0-e4faff6dbd08',13,'2005-04-26 00:00:00',NULL,NULL,100,3014995,'ALBUM'),(91,'','2017-11-19 21:36:01','Issues','1fd72388-0ff7-44da-820f-d19f057b3956',16,'2011-08-03 00:00:00',NULL,NULL,103,3195022,'ALBUM'),(92,'','2017-11-19 21:36:17','Heart Skips a Beat','41a87c18-ac45-4d91-9fbc-d53d61f968a8',4,'2011-08-21 00:00:00',NULL,NULL,104,890000,'SINGLE'),(93,'','2017-11-19 21:36:24','She Makes Me Wanna','524bee76-daad-403d-8948-e159ebfaeae5',2,'2011-07-25 00:00:00',NULL,NULL,106,220000,'SINGLE'),(94,'','2017-11-19 21:36:26','If Not Now, When?','7563db17-f230-4e95-94cd-969a9f1d8141',17,'2011-07-15 00:00:00',NULL,NULL,108,4739000,'ALBUM'),(95,'','2017-11-19 21:36:41','Call My Name','9f2f00ec-7f0d-45f4-92d3-afbe2b5df2e1',3,'2011-08-22 00:00:00',1372,NULL,109,806000,'SINGLE'),(96,'','2017-11-19 21:36:44','Propeller Seeds','aedd8d1f-433a-4986-8c7d-e58f602bfa30',1,'2011-07-17 00:00:00',NULL,NULL,110,232000,'SINGLE'),(97,'','2017-11-19 21:36:46','Hi Infidelity','ba5b07f1-b994-4ff9-9272-86163c7e8f8b',10,'2011-07-15 00:00:00',1373,NULL,111,2074000,'ALBUM'),(98,'','2017-11-19 21:36:56','Original Album Classics','f607b61f-0d09-4e38-bae4-a811d6d8db0f',11,'2011-08-01 00:00:00',NULL,NULL,112,3015000,'ALBUM'),(99,'','2017-11-19 21:37:13','XSCAPE','11628a0e-99ad-433b-9259-6de49e72ca24',17,'2014-05-13 00:00:00',1374,NULL,113,4396000,'ALBUM'),(100,'','2017-11-19 21:37:38','Redeemer of Souls','1364f8b8-fd5a-4a08-a8d7-cc636ec894a0',1,'2014-04-29 00:00:00',1375,NULL,115,240000,'SINGLE'),(101,'','2017-11-19 21:37:41','Corazon','1bc3040c-4734-4594-ae14-38d4d6778327',13,'2014-05-02 00:00:00',1376,NULL,116,3060693,'ALBUM'),(102,'','2017-11-19 21:38:05','Time to Burn','0aacc19b-edb8-4713-98f1-757246d06e3c',12,'1992-03-31 00:00:00',1377,NULL,117,3494330,'ALBUM'),(103,'','2017-11-19 21:38:16','360 Degrees of Power','16289ba5-d209-4dfc-9636-41c2e923a4c0',13,'1992-03-17 00:00:00',NULL,NULL,118,2795000,'ALBUM'),(104,'','2017-11-19 21:38:39','Geography','1bad8b09-7c49-44a4-a2bf-15bfe91d296c',15,'1992-04-28 00:00:00',1378,NULL,122,2654000,'ALBUM'),(105,'','2017-11-19 21:39:01','Rites of Passage','2c677cfb-022a-4167-8838-7ac2dc092db8',13,'1992-05-12 00:00:00',1379,NULL,123,3364022,'ALBUM'),(106,'','2017-11-19 21:39:16','Intoxifornication','6d2143b8-3fc4-40d8-a6dd-7127c9317de6',11,'1992-05-05 00:00:00',1380,NULL,124,2712998,'ALBUM'),(107,'','2017-11-19 21:39:29','Nicky Holland','b187b9b5-3bd3-4abe-83a4-06582e284aa3',11,'1992-05-05 00:00:00',NULL,NULL,125,2788997,'ALBUM'),(108,'','2017-11-19 21:39:39','New Teeth','cfcc68d3-ba69-4c46-b24f-e7ed4d07a557',18,'1992-05-05 00:00:00',NULL,NULL,126,3169995,'ALBUM'),(109,'','2017-11-19 21:40:07','Solo Para Ti','dc370d16-e137-439b-9f6c-81d002dddd81',14,'1992-03-24 00:00:00',1381,NULL,127,3409462,'ALBUM'),(110,'','2017-11-19 21:40:20','Fear of the Dark','e8e5ce3a-4adf-3c55-951f-e536105da7a2',12,'1992-05-12 00:00:00',1382,NULL,128,3519289,'ALBUM'),(111,'','2017-11-19 21:40:38','Coma of Souls','267d87a9-e5b9-4b2a-955e-eb6a9fe0f209',10,'1990-01-01 00:00:00',NULL,NULL,129,2681000,'ALBUM'),(112,'','2017-11-19 21:40:49','Mucho Sabina','35414738-cc00-4848-8a77-57320fd8e0ab',18,'1990-01-01 00:00:00',1383,NULL,130,4419023,'ALBUM'),(113,'','2017-11-19 21:40:53','Homenaje','4e004dcb-571f-4c74-88b1-183d6575f9f7',10,'1990-01-01 00:00:00',NULL,NULL,131,2180000,'ALBUM'),(114,'','2017-11-19 21:41:05','Kâma-Sûtra','59784801-bfe5-47c5-85c3-18f953932efb',10,'1990-01-01 00:00:00',1384,NULL,132,3286463,'ALBUM'),(115,'','2017-11-19 21:41:13','Staying a Life','6a2d48f0-29e4-4824-b989-4bfbdebf3ef9',15,'1990-01-01 00:00:00',NULL,NULL,133,4585328,'ALBUM'),(116,'','2017-11-19 21:41:30','Hymns Just for You','8cd24b36-9269-4b13-9cf6-5bd717d8bdd1',10,'1990-01-01 00:00:00',1385,NULL,134,2706531,'ALBUM'),(117,'','2017-11-19 21:41:54','Circle Slide','8d6966f8-55d4-38f9-8db6-8ea5c4d7092c',9,'1990-01-01 00:00:00',NULL,NULL,135,2364998,'ALBUM'),(118,'','2017-11-19 21:42:06','No Prayer for the dying','973d40b5-f3e1-4be5-b398-765a389f7edb',10,'1990-01-01 00:00:00',NULL,NULL,128,2646426,'ALBUM'),(119,'','2017-11-19 21:42:23','Brave New Hope','e83ad386-ad2f-4492-b71b-3a65965aa1cd',9,'1990-01-01 00:00:00',1386,NULL,136,2524000,'EP'),(120,'','2017-11-19 21:42:37','He Ain’t Heavy, He’s My Brother','04effa6b-75cc-4c67-8f2d-45685cfb3648',11,'1969-01-01 00:00:00',NULL,NULL,137,2162504,'ALBUM'),(121,'','2017-11-19 21:42:51','Words and Music by Bob Dylan','5cdcbf50-1c3c-4773-b165-acff5f1e738c',12,'1969-01-01 00:00:00',NULL,NULL,137,2264000,'ALBUM'),(122,'','2017-11-19 21:43:06','Supersnazz','6c57a332-f84a-48f8-87c6-a7c84ca67f38',11,'1969-01-01 00:00:00',NULL,NULL,138,2078000,'ALBUM'),(123,'','2017-11-19 21:43:29','Argent','8ea23590-5eb9-49bf-9f1e-2b553fd65615',10,'1969-01-01 00:00:00',1387,NULL,139,2419157,'ALBUM'),(124,'','2017-11-19 21:43:39','Terry Reid','9045c845-ef2f-40ba-ae23-7ecceadbf494',9,'1969-01-01 00:00:00',NULL,NULL,140,2254000,'ALBUM'),(125,'','2017-11-19 21:43:52','Gunsight','b2fbf0ee-c734-30d1-a28b-2b7f04d0d231',10,'1969-01-01 00:00:00',NULL,NULL,141,2226690,'ALBUM'),(126,'','2017-11-19 21:44:04','Birthday','bd30f9a0-52cd-3058-a1ce-b2901ba768d5',9,'1969-01-01 00:00:00',NULL,NULL,142,2335000,'ALBUM'),(127,'','2017-11-19 21:44:15','Jo-Ann Kelly','c7d46605-0662-45a7-b1d5-27d0d7e742c7',11,'1969-01-01 00:00:00',NULL,NULL,143,1972997,'ALBUM'),(128,'','2017-11-19 21:44:30','Incredible Kaleidoscope','ca35e9b9-4344-4568-b5b3-90b98a0c9dfd',7,'1969-01-01 00:00:00',1388,NULL,144,1853000,'ALBUM'),(129,'','2017-11-19 21:44:37','Knight of the Blue Communion','f3841533-629f-470a-a14d-e74094f4c637',10,'1969-01-01 00:00:00',NULL,NULL,145,2883000,'ALBUM'),(130,'','2017-11-19 21:44:53','Go Robot','020d8635-fff4-4faa-9dfd-26c59003e8f1',2,'2017-04-22 00:00:00',NULL,NULL,146,725000,'SINGLE'),(131,'','2017-11-19 21:44:56','Lost in Your Light','1413f97d-a3dd-4a69-b484-52719a59c4f8',1,'2017-04-21 00:00:00',1389,NULL,147,203000,'SINGLE'),(132,'','2017-11-19 21:44:59','Stinson Beach Sessions','360ac453-9573-4e05-80c0-4ad3fce0d6ef',8,'2017-04-22 00:00:00',1390,NULL,149,1985638,'ALBUM'),(133,'','2017-11-19 21:45:12','This Must Be the Place (Naïve Melody)','6882b740-180a-476b-aca6-8c8a7e92b4cf',2,'2017-04-22 00:00:00',NULL,NULL,150,568000,'SINGLE'),(134,'','2017-11-19 21:45:14','Humanz','7d192da4-1427-4ca9-baa4-38c78ce25db0',20,'2017-04-28 00:00:00',1391,NULL,151,2978000,'ALBUM'),(135,'','2017-11-19 21:45:47','The Only EP','899215cd-1944-4309-8aae-2749db2a1a49',5,'2017-04-21 00:00:00',1392,NULL,147,1058000,'EP'),(136,'','2017-11-19 21:45:55','Little Red Corvette / 1999','b7283105-ad94-4c08-bc40-1b89264728c6',2,'2017-04-22 00:00:00',NULL,NULL,168,402667,'SINGLE'),(137,'','2017-11-19 21:45:59','Heavy (Disero remix)','c4775afd-8643-401c-a01b-71b5193efdea',1,'2017-04-28 00:00:00',1393,NULL,169,208800,'SINGLE'),(138,'','2017-11-19 21:46:02','Phases','ca9f0d5a-31ce-4fd3-9979-8e2818421d3d',1,'2017-04-28 00:00:00',1394,NULL,171,217678,'SINGLE'),(139,'','2017-11-19 21:46:06','Heavy (Nicky Romero remix)','da587dd2-667f-4ae5-ba7d-75e671c12d1c',1,'2017-04-21 00:00:00',1395,NULL,169,209600,'SINGLE'),(140,'','2017-11-19 21:46:16','All Fly Home','28782d56-c517-428f-bd1a-5ce6d519e66e',9,'1978-01-01 00:00:00',1396,NULL,172,2356130,'ALBUM'),(141,'','2017-11-19 21:46:27','Da Ya Think I\'m Sexy? (Special Disco Mix)','2c93c874-fe0f-40cb-b791-cd2427208ec9',2,'1978-01-01 00:00:00',NULL,NULL,173,679000,'SINGLE'),(142,'','2017-11-19 21:46:32','From the Inside','3905bcb2-f1da-3cff-a459-5e97f0fc50b1',10,'1978-01-01 00:00:00',1397,NULL,174,2346770,'ALBUM'),(143,'','2017-11-19 21:46:34','Sultans of Swing','442c7e52-7a41-40bb-be5a-0353bfd4b759',2,'1978-01-01 00:00:00',1398,NULL,175,527000,'SINGLE'),(144,'','2017-11-19 21:46:35','Kiss You All Over','455a3414-d879-4622-a089-58ab063f2b37',2,'1978-01-01 00:00:00',NULL,NULL,176,497000,'SINGLE'),(145,'','2017-11-19 21:46:39','Blondes Have More Fun','6a1ac41b-1a81-475f-883d-d3e966f2157a',10,'1978-01-01 00:00:00',1399,NULL,173,2592222,'ALBUM'),(146,'','2017-11-19 21:46:39','One Nation Under a Groove','72d0322b-23a6-4eb9-812d-953f4ca88ff1',2,'1978-01-01 00:00:00',NULL,NULL,177,1034000,'SINGLE'),(147,'','2017-11-19 21:46:42','The Last Waltz','d6cbb463-9a69-4919-b625-109bfff217fc',9,'1978-01-01 00:00:00',NULL,NULL,178,2606037,'ALBUM'),(148,'','2017-11-19 21:46:43','What a Fool Believes','eeb3372c-4000-4cb0-b8b6-5afa8d8ed754',2,'1978-01-01 00:00:00',NULL,NULL,184,537000,'SINGLE'),(149,'','2017-11-19 21:46:49','Feel Who I Am','29a32b7e-1d5c-4d60-89cb-0a4aa7b91536',13,NULL,NULL,NULL,185,2732450,'ALBUM'),(150,'','2017-11-19 21:47:12','Electric Warrior','6e1104e2-77d6-306d-9871-1d0ce2f8518c',11,NULL,1400,NULL,186,2376291,'ALBUM'),(151,'','2017-11-19 21:47:24','Echo','7fa957a8-0dd7-4934-acd3-d2e2f60b886e',15,NULL,1401,NULL,187,3725994,'ALBUM'),(152,'','2017-11-19 21:47:46','Fleetwood Mac','9eab5478-7264-407b-a587-b67ceea31ccf',11,NULL,1402,NULL,188,2574307,'ALBUM'),(153,'','2017-11-19 21:48:05','Flush the Fashion','b48c5087-bc54-4750-880f-4554c109e5a6',10,NULL,1403,NULL,174,1719956,'ALBUM'),(154,'','2017-11-19 21:48:16','Express Ready Mix \'97','b5178069-47fb-4dea-88a3-db78ededbf7d',12,NULL,NULL,NULL,40,2517000,'ALBUM'),(155,'','2017-11-19 21:48:31','Freedom','be76322c-a6fa-488b-acf5-24e26d79d213',12,NULL,1404,NULL,180,3662088,'ALBUM'),(156,'','2017-11-19 21:48:48','Europe \'72 (disc 1)','d980ce66-1437-488f-8865-bbf281464b45',13,NULL,NULL,NULL,189,4411729,'ALBUM'),(157,'','2017-11-19 21:49:03','Faith and Values','f3dfa77f-69be-4243-bffe-664e28280f31',11,NULL,NULL,NULL,190,2248000,'ALBUM'),(158,'','2017-11-19 21:49:17','Secret Combination','14b62f03-1c81-4b05-9d24-cf86234e8365',10,'1981-01-01 00:00:00',NULL,NULL,191,2367729,'ALBUM'),(159,'','2017-11-19 21:49:32','Three Quartets','1b21fc8b-fa59-442e-91e8-0cf59e28dd36',4,'1981-01-01 00:00:00',1405,NULL,192,2318000,'ALBUM'),(160,'','2017-11-19 21:49:38','Evangeline','23acc595-03b7-4093-b850-823e76fa65cd',10,'1981-01-01 00:00:00',1406,NULL,193,2056997,'ALBUM'),(161,'','2017-11-19 21:49:54','Code Blue','ccf82abb-7f57-434e-a97a-6b3a2bcf225c',11,'1981-01-01 00:00:00',NULL,NULL,197,2075000,'ALBUM'),(162,'','2017-11-19 21:50:07','Arthur: The Album','dcf0a8dc-d062-471c-a9d3-ee7b772a7e73',9,'1981-01-01 00:00:00',1407,NULL,40,1752000,'ALBUM'),(163,'','2017-11-19 21:50:16','Controversy','e9c281ee-4685-349c-bda7-d6f13f3717fa',8,'1981-01-01 00:00:00',NULL,NULL,168,2235999,'ALBUM'),(164,'','2017-11-19 21:50:28','Still Feels Good','ecc4181f-e391-4632-a5ba-e2248dfec58d',8,'1981-01-01 00:00:00',1408,NULL,198,2025998,'ALBUM'),(165,'','2017-11-19 21:50:42','Force 10','f135ccf1-396c-4b94-849c-9b11f9d98cdb',9,'1981-01-01 00:00:00',1409,NULL,199,2206000,'ALBUM'),(166,'','2017-11-19 21:50:53','Carryin’ On the Family Names','f8727c73-06ad-455b-b41b-c1fbe0e4b32c',10,'1981-01-01 00:00:00',1410,NULL,200,0,'ALBUM'),(167,'','2017-11-19 21:51:12','Live','fae16ee8-615a-4b55-87f3-6959a3eaea65',8,'1981-01-01 00:00:00',1411,NULL,202,2446999,'ALBUM'),(168,'','2017-11-19 21:51:14','Strictly Hip-Hop-Reggae Fusion','00a42252-1310-4def-8939-b7360d491dd3',10,'1989-01-01 00:00:00',NULL,NULL,204,2855024,'ALBUM'),(169,'','2017-11-19 21:51:30','Storyteller: The Complete Anthology','1ab7c3cb-7fa7-427b-96de-9b173829d540',17,'1989-01-01 00:00:00',1412,NULL,173,4424568,'ALBUM'),(170,'','2017-11-19 21:51:49','Last Exit to Brooklyn','28f59a93-d86c-48e7-b80c-7710ff8978d1',9,'1989-01-01 00:00:00',NULL,NULL,205,2491996,'ALBUM'),(171,'','2017-11-19 21:51:57','Tokyo Rose','63e68938-1412-4741-87dd-30ca3e793a7f',10,'1989-01-01 00:00:00',NULL,NULL,206,2804000,'ALBUM'),(172,'','2017-11-19 21:52:12','Batman (Motion Picture Soundtrack)','6b90f48f-f22a-422d-a122-94337cc85fce',9,'1989-01-01 00:00:00',1413,NULL,168,2551904,'ALBUM'),(173,'','2017-11-19 21:52:27','On the Mark','8815ba87-4dbd-4f12-9f9b-18d3612a2a6a',11,'1989-01-01 00:00:00',NULL,NULL,208,2334571,'ALBUM'),(174,'','2017-11-19 21:52:43','Paint The Town','90df4cb0-dbb0-48ee-8710-25ecda4955f4',10,'1989-01-01 00:00:00',1414,NULL,209,2001756,'ALBUM'),(175,'','2017-11-19 21:53:19','Desert Wind','c282593d-557b-4bea-b7d5-751a5722f7da',11,'1989-01-01 00:00:00',1415,NULL,210,2958997,'ALBUM'),(176,'','2017-11-19 21:53:22','No Holdin\' Back','fcdd3488-7f86-4dfb-8831-5e269be80fb0',10,'1989-01-01 00:00:00',1416,NULL,211,1897930,'ALBUM'),(177,'','2017-11-19 21:53:41','The Best of The Manhattan Transfer','06ee6840-0af2-3e2a-90c5-224a9d103112',12,'1981-01-01 00:00:00',1417,NULL,212,2613929,'ALBUM'),(178,'','2017-11-19 21:54:02','Take It Off','06f7db00-f2e3-4879-a8bd-3bc6d0e47971',10,'1981-11-16 00:00:00',1418,NULL,213,2431666,'ALBUM'),(179,'','2017-11-19 21:54:15','Best of the Blues Brothers','1a367c34-a523-41a9-842a-5d7e27a8e0c2',10,'1981-11-30 00:00:00',NULL,NULL,214,2125000,'ALBUM'),(180,'','2017-11-19 21:54:25','For Those About to Rock (We Salute You)','324db7a0-9a11-4116-861c-5d14851e25b5',10,'1981-11-23 00:00:00',1419,NULL,215,2404903,'ALBUM'),(181,'','2017-11-19 21:54:42','Classic Yes','42c9a194-f28a-4328-b96d-38cec60c5ea5',9,'1981-01-01 00:00:00',1420,NULL,216,3916864,'ALBUM'),(182,'','2017-11-19 21:54:53','Blue Tattoo','6c8e27ae-6e07-4c43-94a3-98efbc760265',8,'1981-01-01 00:00:00',1421,NULL,217,2248569,'ALBUM'),(183,'','2017-11-19 21:55:03','Face Value','bb2f077c-fc44-41f8-85e1-2fc8072d8009',12,'1981-01-01 00:00:00',1422,NULL,218,2868556,'ALBUM'),(184,'','2017-11-19 21:55:21','Run With the Fox','be5cf4da-6780-4068-9a81-066adac50617',2,'1981-12-01 00:00:00',NULL,NULL,219,249000,'SINGLE'),(185,'','2017-11-19 21:55:24','Dim All the Lights','4e0a7a90-b28c-4571-b610-6a918f0b4689',2,'1995-01-01 00:00:00',NULL,NULL,221,532000,'SINGLE'),(186,'','2017-11-19 21:55:27','Brokenhearted','4fe3b84c-4fcf-425f-977a-74edd13e73b5',4,'1995-01-01 00:00:00',NULL,NULL,222,1245572,'SINGLE'),(187,'','2017-11-19 21:55:32','The Rose','5a3b382b-c1c4-4b33-a018-275948f5bd77',12,'1996-01-02 00:00:00',1423,NULL,223,2608998,'ALBUM'),(188,'','2017-11-19 21:55:41','Caught a Lite Sneeze','63817afc-0200-462c-a635-c44c6ed498cd',5,'1996-01-04 00:00:00',NULL,NULL,224,796332,'SINGLE'),(189,'','2017-11-19 21:55:51','Victor','a67e79c3-72ae-3fcc-a491-c54b7cd79efa',11,'1996-01-09 00:00:00',1424,NULL,225,3046996,'ALBUM'),(190,'','2017-11-19 21:56:11','Boys for Pele','ca519b2d-5fd3-4d7b-a537-2d39da5d5018',18,'1996-01-01 00:00:00',1425,NULL,224,4341000,'ALBUM'),(191,'','2017-11-19 21:56:14','Voices','cb6b3db1-8285-3de4-9f90-420471d8b0ae',9,'1996-01-09 00:00:00',1426,NULL,226,3283251,'ALBUM'),(192,'','2017-11-19 21:56:26','Live in Tokyo','d9eabfce-d710-4504-a326-ce0d337d12c9',16,'1995-01-01 00:00:00',NULL,NULL,227,3923000,'ALBUM'),(193,'','2017-11-19 21:56:27','El Producto','f2daa19b-901c-4150-9590-aba469f5d39c',12,'1996-01-16 00:00:00',NULL,NULL,228,2325330,'ALBUM'),(194,'','2017-11-19 21:56:46','Santogold','0a95511b-8604-3e06-bede-e08c5b8d247d',12,'2008-05-12 00:00:00',1427,NULL,229,2479000,'ALBUM'),(195,'','2017-11-19 21:57:00','I Will Possess Your Heart','3566803e-7f27-45ad-aa29-5b380da6eb08',2,'2008-05-05 00:00:00',NULL,NULL,230,714799,'SINGLE'),(196,'','2017-11-19 21:57:03','Narrow Stairs','3b23e7de-d034-4cf1-9853-fc91236c7e18',13,'2008-05-09 00:00:00',1428,NULL,230,3111000,'ALBUM'),(197,'','2017-11-19 21:57:18','L.E.S. Artistes','5ced05eb-4a21-4086-b132-d7a8d0a502a2',1,'2008-05-05 00:00:00',NULL,NULL,229,223000,'SINGLE'),(198,'','2017-11-19 21:57:30','We Sing. We Dance. We Steal Things.','88b5f065-f806-42e7-91d2-1c32d474ef76',26,'2008-05-01 00:00:00',1429,NULL,231,6921741,'ALBUM'),(199,'','2017-11-19 21:58:05','Show Me What I\'m Looking For','8f9d81dd-e754-4cdf-82c0-d69604a7723b',2,'2008-05-06 00:00:00',1430,NULL,234,507000,'SINGLE'),(200,'','2017-11-19 21:58:08','Music for an Accelerated Culture','bfa6c05e-f194-489e-aefc-62dcedb95e2d',11,'2008-05-05 00:00:00',1431,NULL,235,2221263,'ALBUM'),(201,'','2017-11-19 21:58:21','Luna Sea','09250af2-ad82-4a56-bf0f-7a38e4a2c804',10,'1977-01-01 00:00:00',1432,NULL,236,2466997,'ALBUM'),(202,'','2017-11-19 21:58:37','How Can You Live Like That?','0da9471c-8673-4341-b1d4-dfbdcdcefb66',9,'1977-01-01 00:00:00',NULL,NULL,237,2509998,'ALBUM'),(203,'','2017-11-19 21:58:47','Serengeti Minstrel','14ec212a-9c6b-4978-b2ac-8aba41d6beef',6,'1977-01-01 00:00:00',1433,NULL,238,2496997,'ALBUM'),(204,'','2017-11-19 21:59:00','Mr. Flute','2e6043b3-d051-4c47-8a49-f21f3b63b3dc',7,'1977-01-01 00:00:00',1434,NULL,239,2015000,'ALBUM'),(205,'','2017-11-19 21:59:07','Ma Baker, Sunny, Daddy Cool','4a28fa01-0d16-4944-9a2a-9856eec55cc7',11,'1977-01-01 00:00:00',NULL,NULL,240,2747000,'ALBUM'),(206,'','2017-11-19 21:59:19','Hear & Now','9e0bb429-f73e-4164-8c90-e0e1b3dd136a',10,'1977-01-01 00:00:00',1435,NULL,241,2705000,'ALBUM'),(207,'','2017-11-19 21:59:34','Benny and Us','a7c9ec84-6159-4a2f-bea8-5137978a152b',8,'1977-01-01 00:00:00',1436,NULL,242,2502000,'ALBUM'),(208,'','2017-11-19 21:59:45','Love Eyes','b861d14f-2641-450a-acf8-923d8e5337f7',8,'1977-01-01 00:00:00',1437,NULL,239,2203000,'ALBUM'),(209,'','2017-11-19 21:59:53','A Blow for Me, A Toot to You','bf43e282-34f4-4d6e-baf6-b7928816e63f',6,'1977-01-01 00:00:00',1438,NULL,244,2504000,'ALBUM'),(210,'','2017-11-19 22:00:00','Three or Four Shades of Blues','f8932d40-d6d0-4f12-888a-f89c31791e01',5,'1977-01-01 00:00:00',NULL,NULL,246,2689640,'ALBUM'),(211,'','2017-11-19 22:00:11','Solo Show Alive','0a6548a5-41d8-4f8a-8306-81212610bdd0',15,'2009-11-13 00:00:00',NULL,NULL,247,4478000,'ALBUM'),(212,'','2017-11-19 22:00:30','When the Night Is Over','16321776-da36-4640-b393-2f1c54664683',11,'2009-10-27 00:00:00',1439,NULL,248,3392000,'ALBUM'),(213,'','2017-11-19 22:00:47','Before Nightfall','2b88edc2-76c9-3ffc-a691-1e9e768dd528',12,'2009-10-20 00:00:00',NULL,NULL,252,2614756,'ALBUM'),(214,'','2017-11-19 22:01:11','Beautiful Mess - Live on Earth','2ca19980-8477-4e62-8590-34ccd4c69961',16,'2009-11-10 00:00:00',1440,NULL,231,4721753,'ALBUM'),(215,'','2017-11-19 22:01:29','Night Castle','6f64c35c-035a-4acd-a76c-a312bbce0093',13,'2009-10-26 00:00:00',1441,NULL,253,3789000,'ALBUM'),(216,'','2017-11-19 22:01:46','Man From Another Time','8ca983ae-4338-4905-8ab2-2fb2f2b1d048',12,'2009-10-19 00:00:00',NULL,NULL,254,3039835,'ALBUM'),(217,'','2017-11-19 22:02:06','One Fast Move Or I\'m Gone: Music From Kerouac\'s Big Sur','ab398d08-17a8-4d4f-bcff-3f519e556897',12,'2009-10-20 00:00:00',NULL,NULL,255,2316000,'ALBUM'),(218,'','2017-11-19 22:02:20','A Philly Soul Christmas','d3797b7d-5f35-4bbe-8a77-cb73a299f29b',7,'2009-10-30 00:00:00',NULL,NULL,257,1672000,'EP'),(219,'','2017-11-19 22:02:29','The Twilight Saga: New Moon','d83bbe3d-fd56-3d5a-9210-92f6e3e0bed0',15,'2009-10-19 00:00:00',1442,NULL,40,3460689,'ALBUM');
/*!40000 ALTER TABLE `album` ENABLE KEYS */;
UNLOCK TABLES;

--
-- Table structure for table `album_songs`
--

DROP TABLE IF EXISTS `album_songs`;
/*!40101 SET @saved_cs_client     = @@character_set_client */;
/*!40101 SET character_set_client = utf8 */;
CREATE TABLE `album_songs` (
  `album_id` int(11) NOT NULL,
  `song_id` int(11) NOT NULL,
  PRIMARY KEY (`album_id`,`song_id`),
  UNIQUE KEY `UK_nhrqol95oahelegmtmrmv7tf` (`song_id`),
  CONSTRAINT `FK4p67gti7olml2nebymwwgx3uw` FOREIGN KEY (`album_id`) REFERENCES `album` (`id`),
  CONSTRAINT `FKefchjqwks846oxggnhrg4jypo` FOREIGN KEY (`song_id`) REFERENCES `song` (`id`)
) ENGINE=InnoDB DEFAULT CHARSET=utf8;
/*!40101 SET character_set_client = @saved_cs_client */;

--
-- Dumping data for table `album_songs`
--

LOCK TABLES `album_songs` WRITE;
/*!40000 ALTER TABLE `album_songs` DISABLE KEYS */;
INSERT INTO `album_songs` VALUES (1,1),(1,2),(1,3),(1,4),(1,5),(1,6),(1,7),(1,8),(1,9),(1,10),(1,11),(1,12),(2,13),(2,14),(2,15),(2,16),(2,17),(2,18),(2,19),(2,20),(2,21),(2,22),(3,23),(3,24),(3,25),(3,26),(3,27),(3,28),(3,29),(3,30),(3,31),(3,32),(3,33),(3,34),(4,35),(4,36),(4,37),(4,38),(4,39),(5,40),(5,41),(5,42),(5,43),(5,44),(5,45),(5,46),(5,47),(5,48),(5,49),(5,50),(6,51),(6,52),(6,53),(6,54),(6,55),(6,56),(6,57),(6,58),(6,59),(6,60),(6,61),(6,62),(6,63),(6,64),(6,65),(6,66),(7,67),(7,68),(8,69),(8,70),(8,71),(8,72),(8,73),(8,74),(8,75),(8,76),(8,77),(8,78),(9,79),(9,80),(9,81),(9,82),(9,83),(9,84),(9,85),(9,86),(9,87),(9,88),(10,89),(10,90),(10,91),(10,92),(10,93),(10,94),(10,95),(10,96),(11,97),(11,98),(11,99),(11,100),(11,101),(11,102),(11,103),(11,104),(11,105),(11,106),(11,107),(12,108),(12,109),(12,110),(12,111),(12,112),(12,113),(12,114),(12,115),(12,116),(12,117),(13,118),(13,119),(13,120),(13,121),(13,122),(13,123),(13,124),(13,125),(14,126),(14,127),(14,128),(14,129),(14,130),(14,131),(14,132),(14,133),(15,134),(15,135),(15,136),(15,137),(15,138),(15,139),(15,140),(15,141),(15,142),(15,143),(15,144),(15,145),(16,146),(16,147),(16,148),(16,149),(16,150),(16,151),(16,152),(16,153),(16,154),(16,155),(16,156),(16,157),(16,158),(16,159),(17,160),(17,161),(17,162),(17,163),(17,164),(17,165),(17,166),(17,167),(17,168),(17,169),(18,170),(18,171),(18,172),(18,173),(18,174),(18,175),(18,176),(18,177),(18,178),(19,179),(19,180),(19,181),(19,182),(19,183),(19,184),(19,185),(19,186),(19,187),(19,188),(19,189),(19,190),(19,191),(19,192),(19,193),(20,194),(20,195),(20,196),(20,197),(20,198),(20,199),(20,200),(20,201),(20,202),(20,203),(20,204),(20,205),(20,206),(20,207),(20,208),(20,209),(20,210),(20,211),(20,212),(21,213),(21,214),(21,215),(21,216),(21,217),(21,218),(21,219),(21,220),(21,221),(21,222),(22,223),(22,224),(23,225),(23,226),(23,227),(23,228),(23,229),(23,230),(23,231),(23,232),(23,233),(23,234),(23,235),(24,236),(24,237),(24,238),(24,239),(24,240),(24,241),(25,242),(25,243),(25,244),(25,245),(25,246),(25,247),(25,248),(25,249),(25,250),(25,251),(25,252),(25,253),(25,254),(25,255),(26,256),(26,257),(26,258),(26,259),(26,260),(26,261),(26,262),(26,263),(26,264),(27,265),(27,266),(27,267),(27,268),(27,269),(27,270),(27,271),(27,272),(27,273),(27,274),(27,275),(27,276),(28,277),(28,278),(28,279),(28,280),(28,281),(28,282),(28,283),(28,284),(28,285),(28,286),(29,287),(29,288),(30,289),(30,290),(30,291),(30,292),(30,293),(30,294),(30,295),(30,296),(30,297),(30,298),(31,299),(32,300),(32,301),(32,302),(32,303),(32,304),(32,305),(32,306),(32,307),(32,308),(32,309),(32,310),(32,311),(32,312),(32,313),(33,314),(33,315),(33,316),(33,317),(34,318),(34,319),(34,320),(35,321),(35,322),(35,323),(35,324),(35,325),(35,326),(35,327),(35,328),(35,329),(35,330),(35,331),(35,332),(35,333),(35,334),(35,335),(36,336),(36,337),(36,338),(36,339),(36,340),(36,341),(36,342),(36,343),(36,344),(36,345),(36,346),(36,347),(36,348),(36,349),(36,350),(36,351),(36,352),(36,353),(36,354),(36,355),(36,356),(36,357),(36,358),(36,359),(36,360),(36,361),(37,362),(37,363),(37,364),(37,365),(37,366),(37,367),(37,368),(37,369),(37,370),(37,371),(37,372),(37,373),(38,374),(38,375),(38,376),(39,377),(39,378),(39,379),(39,380),(39,381),(39,382),(39,383),(39,384),(39,385),(39,386),(39,387),(39,388),(39,389),(39,390),(40,391),(41,392),(41,393),(41,394),(41,395),(41,396),(41,397),(41,398),(41,399),(41,400),(41,401),(41,402),(41,403),(41,404),(41,405),(41,406),(41,407),(42,408),(43,409),(44,410),(44,411),(44,412),(44,413),(44,414),(44,415),(45,416),(45,417),(45,418),(45,419),(45,420),(45,421),(46,422),(46,423),(46,424),(46,425),(47,426),(48,427),(49,428),(49,429),(49,430),(49,431),(49,432),(49,433),(50,434),(51,435),(51,436),(51,437),(51,438),(51,439),(51,440),(51,441),(51,442),(51,443),(51,444),(51,445),(51,446),(51,447),(51,448),(51,449),(51,450),(51,451),(51,452),(51,453),(51,454),(52,455),(52,456),(52,457),(52,458),(53,459),(53,460),(54,461),(54,462),(54,463),(54,464),(54,465),(54,466),(54,467),(54,468),(54,469),(55,470),(55,471),(55,472),(55,473),(55,474),(55,475),(56,476),(56,477),(56,478),(56,479),(56,480),(56,481),(56,482),(56,483),(56,484),(57,485),(57,486),(57,487),(57,488),(57,489),(57,490),(57,491),(58,492),(58,493),(58,494),(58,495),(58,496),(58,497),(59,498),(59,499),(59,500),(59,501),(59,502),(60,503),(60,504),(60,505),(60,506),(60,507),(60,508),(60,509),(60,510),(60,511),(60,512),(61,513),(61,514),(61,515),(61,516),(61,517),(61,518),(62,519),(62,520),(62,521),(62,522),(62,523),(63,524),(63,525),(63,526),(64,527),(64,528),(65,529),(65,530),(65,531),(65,532),(65,533),(65,534),(65,535),(65,536),(65,537),(65,538),(65,539),(65,540),(66,541),(66,542),(66,543),(67,544),(67,545),(67,546),(68,547),(68,548),(68,549),(68,550),(68,551),(68,552),(68,553),(68,554),(68,555),(68,556),(68,557),(68,558),(68,559),(68,560),(69,561),(69,562),(69,563),(69,564),(69,565),(69,566),(69,567),(69,568),(69,569),(69,570),(69,571),(69,572),(69,573),(69,574),(69,575),(69,576),(70,577),(70,578),(70,579),(71,580),(71,581),(71,582),(71,583),(71,584),(71,585),(71,586),(71,587),(71,588),(71,589),(72,590),(72,591),(72,592),(72,593),(72,594),(72,595),(72,596),(72,597),(72,598),(72,599),(72,600),(72,601),(73,602),(73,603),(73,604),(73,605),(74,606),(74,607),(74,608),(74,609),(74,610),(74,611),(74,612),(74,613),(74,614),(74,615),(74,616),(74,617),(74,618),(74,619),(74,620),(74,621),(75,622),(76,623),(76,624),(76,625),(76,626),(76,627),(76,628),(76,629),(76,630),(76,631),(76,632),(76,633),(77,634),(77,635),(77,636),(77,637),(77,638),(77,639),(77,640),(77,641),(77,642),(77,643),(77,644),(77,645),(77,646),(78,647),(78,648),(78,649),(78,650),(78,651),(78,652),(78,653),(78,654),(78,655),(79,656),(79,657),(79,658),(79,659),(79,660),(79,661),(79,662),(79,663),(79,664),(79,665),(80,666),(80,667),(80,668),(80,669),(80,670),(80,671),(80,672),(80,673),(81,674),(81,675),(81,676),(81,677),(81,678),(81,679),(82,680),(82,681),(82,682),(82,683),(82,684),(82,685),(82,686),(82,687),(83,688),(83,689),(83,690),(83,691),(83,692),(83,693),(83,694),(83,695),(83,696),(83,697),(84,698),(84,699),(84,700),(84,701),(84,702),(84,703),(84,704),(85,705),(85,706),(85,707),(85,708),(85,709),(85,710),(85,711),(85,712),(85,713),(85,714),(86,715),(86,716),(86,717),(86,718),(86,719),(86,720),(86,721),(86,722),(86,723),(86,724),(86,725),(86,726),(87,727),(87,728),(87,729),(87,730),(87,731),(87,732),(87,733),(87,734),(87,735),(87,736),(87,737),(88,738),(88,739),(88,740),(88,741),(88,742),(88,743),(88,744),(88,745),(88,746),(88,747),(88,748),(88,749),(88,750),(88,751),(89,752),(89,753),(89,754),(89,755),(89,756),(89,757),(89,758),(89,759),(89,760),(89,761),(89,762),(89,763),(89,764),(89,765),(90,766),(90,767),(90,768),(90,769),(90,770),(90,771),(90,772),(90,773),(90,774),(90,775),(90,776),(90,777),(90,778),(91,779),(91,780),(91,781),(91,782),(91,783),(91,784),(91,785),(91,786),(91,787),(91,788),(91,789),(91,790),(91,791),(91,792),(91,793),(91,794),(92,795),(92,796),(92,797),(92,798),(93,799),(93,800),(94,801),(94,802),(94,803),(94,804),(94,805),(94,806),(94,807),(94,808),(94,809),(94,810),(94,811),(94,812),(94,813),(94,814),(94,815),(94,816),(94,817),(95,818),(95,819),(95,820),(96,821),(97,822),(97,823),(97,824),(97,825),(97,826),(97,827),(97,828),(97,829),(97,830),(97,831),(98,832),(98,833),(98,834),(98,835),(98,836),(98,837),(98,838),(98,839),(98,840),(98,841),(98,842),(99,843),(99,844),(99,845),(99,846),(99,847),(99,848),(99,849),(99,850),(99,851),(99,852),(99,853),(99,854),(99,855),(99,856),(99,857),(99,858),(99,859),(100,860),(101,861),(101,862),(101,863),(101,864),(101,865),(101,866),(101,867),(101,868),(101,869),(101,870),(101,871),(101,872),(101,873),(102,874),(102,875),(102,876),(102,877),(102,878),(102,879),(102,880),(102,881),(102,882),(102,883),(102,884),(102,885),(103,886),(103,887),(103,888),(103,889),(103,890),(103,891),(103,892),(103,893),(103,894),(103,895),(103,896),(103,897),(103,898),(104,899),(104,900),(104,901),(104,902),(104,903),(104,904),(104,905),(104,906),(104,907),(104,908),(104,909),(104,910),(104,911),(104,912),(104,913),(105,914),(105,915),(105,916),(105,917),(105,918),(105,919),(105,920),(105,921),(105,922),(105,923),(105,924),(105,925),(105,926),(106,927),(106,928),(106,929),(106,930),(106,931),(106,932),(106,933),(106,934),(106,935),(106,936),(106,937),(107,938),(107,939),(107,940),(107,941),(107,942),(107,943),(107,944),(107,945),(107,946),(107,947),(107,948),(108,949),(108,950),(108,951),(108,952),(108,953),(108,954),(108,955),(108,956),(108,957),(108,958),(108,959),(108,960),(108,961),(108,962),(108,963),(108,964),(108,965),(108,966),(109,967),(109,968),(109,969),(109,970),(109,971),(109,972),(109,973),(109,974),(109,975),(109,976),(109,977),(109,978),(109,979),(109,980),(110,981),(110,982),(110,983),(110,984),(110,985),(110,986),(110,987),(110,988),(110,989),(110,990),(110,991),(110,992),(111,993),(111,994),(111,995),(111,996),(111,997),(111,998),(111,999),(111,1000),(111,1001),(111,1002),(112,1003),(112,1004),(112,1005),(112,1006),(112,1007),(112,1008),(112,1009),(112,1010),(112,1011),(112,1012),(112,1013),(112,1014),(112,1015),(112,1016),(112,1017),(112,1018),(112,1019),(112,1020),(113,1021),(113,1022),(113,1023),(113,1024),(113,1025),(113,1026),(113,1027),(113,1028),(113,1029),(113,1030),(114,1031),(114,1032),(114,1033),(114,1034),(114,1035),(114,1036),(114,1037),(114,1038),(114,1039),(114,1040),(115,1041),(115,1042),(115,1043),(115,1044),(115,1045),(115,1046),(115,1047),(115,1048),(115,1049),(115,1050),(115,1051),(115,1052),(115,1053),(115,1054),(115,1055),(116,1056),(116,1057),(116,1058),(116,1059),(116,1060),(116,1061),(116,1062),(116,1063),(116,1064),(116,1065),(117,1066),(117,1067),(117,1068),(117,1069),(117,1070),(117,1071),(117,1072),(117,1073),(117,1074),(118,1075),(118,1076),(118,1077),(118,1078),(118,1079),(118,1080),(118,1081),(118,1082),(118,1083),(118,1084),(119,1085),(119,1086),(119,1087),(119,1088),(119,1089),(119,1090),(119,1091),(119,1092),(119,1093),(120,1094),(120,1095),(120,1096),(120,1097),(120,1098),(120,1099),(120,1100),(120,1101),(120,1102),(120,1103),(120,1104),(121,1105),(121,1106),(121,1107),(121,1108),(121,1109),(121,1110),(121,1111),(121,1112),(121,1113),(121,1114),(121,1115),(121,1116),(122,1117),(122,1118),(122,1119),(122,1120),(122,1121),(122,1122),(122,1123),(122,1124),(122,1125),(122,1126),(122,1127),(123,1128),(123,1129),(123,1130),(123,1131),(123,1132),(123,1133),(123,1134),(123,1135),(123,1136),(123,1137),(124,1138),(124,1139),(124,1140),(124,1141),(124,1142),(124,1143),(124,1144),(124,1145),(124,1146),(125,1147),(125,1148),(125,1149),(125,1150),(125,1151),(125,1152),(125,1153),(125,1154),(125,1155),(125,1156),(126,1157),(126,1158),(126,1159),(126,1160),(126,1161),(126,1162),(126,1163),(126,1164),(126,1165),(127,1166),(127,1167),(127,1168),(127,1169),(127,1170),(127,1171),(127,1172),(127,1173),(127,1174),(127,1175),(127,1176),(128,1177),(128,1178),(128,1179),(128,1180),(128,1181),(128,1182),(128,1183),(129,1184),(129,1185),(129,1186),(129,1187),(129,1188),(129,1189),(129,1190),(129,1191),(129,1192),(129,1193),(130,1194),(130,1195),(131,1196),(132,1197),(132,1198),(132,1199),(132,1200),(132,1201),(132,1202),(132,1203),(132,1204),(133,1205),(133,1206),(134,1207),(134,1208),(134,1209),(134,1210),(134,1211),(134,1212),(134,1213),(134,1214),(134,1215),(134,1216),(134,1217),(134,1218),(134,1219),(134,1220),(134,1221),(134,1222),(134,1223),(134,1224),(134,1225),(134,1226),(135,1227),(135,1228),(135,1229),(135,1230),(135,1231),(136,1232),(136,1233),(137,1234),(138,1235),(139,1236),(140,1237),(140,1238),(140,1239),(140,1240),(140,1241),(140,1242),(140,1243),(140,1244),(140,1245),(141,1246),(141,1247),(142,1248),(142,1249),(142,1250),(142,1251),(142,1252),(142,1253),(142,1254),(142,1255),(142,1256),(142,1257),(143,1258),(143,1259),(144,1260),(144,1261),(145,1262),(145,1263),(145,1264),(145,1265),(145,1266),(145,1267),(145,1268),(145,1269),(145,1270),(145,1271),(146,1272),(146,1273),(147,1274),(147,1275),(147,1276),(147,1277),(147,1278),(147,1279),(147,1280),(147,1281),(147,1282),(148,1283),(148,1284),(149,1285),(149,1286),(149,1287),(149,1288),(149,1289),(149,1290),(149,1291),(149,1292),(149,1293),(149,1294),(149,1295),(149,1296),(149,1297),(150,1298),(150,1299),(150,1300),(150,1301),(150,1302),(150,1303),(150,1304),(150,1305),(150,1306),(150,1307),(150,1308),(151,1309),(151,1310),(151,1311),(151,1312),(151,1313),(151,1314),(151,1315),(151,1316),(151,1317),(151,1318),(151,1319),(151,1320),(151,1321),(151,1322),(151,1323),(152,1324),(152,1325),(152,1326),(152,1327),(152,1328),(152,1329),(152,1330),(152,1331),(152,1332),(152,1333),(152,1334),(153,1335),(153,1336),(153,1337),(153,1338),(153,1339),(153,1340),(153,1341),(153,1342),(153,1343),(153,1344),(154,1345),(154,1346),(154,1347),(154,1348),(154,1349),(154,1350),(154,1351),(154,1352),(154,1353),(154,1354),(154,1355),(154,1356),(155,1357),(155,1358),(155,1359),(155,1360),(155,1361),(155,1362),(155,1363),(155,1364),(155,1365),(155,1366),(155,1367),(155,1368),(156,1369),(156,1370),(156,1371),(156,1372),(156,1373),(156,1374),(156,1375),(156,1376),(156,1377),(156,1378),(156,1379),(156,1380),(156,1381),(157,1382),(157,1383),(157,1384),(157,1385),(157,1386),(157,1387),(157,1388),(157,1389),(157,1390),(157,1391),(157,1392),(158,1393),(158,1394),(158,1395),(158,1396),(158,1397),(158,1398),(158,1399),(158,1400),(158,1401),(158,1402),(159,1403),(159,1404),(159,1405),(159,1406),(160,1407),(160,1408),(160,1409),(160,1410),(160,1411),(160,1412),(160,1413),(160,1414),(160,1415),(160,1416),(161,1417),(161,1418),(161,1419),(161,1420),(161,1421),(161,1422),(161,1423),(161,1424),(161,1425),(161,1426),(161,1427),(162,1428),(162,1429),(162,1430),(162,1431),(162,1432),(162,1433),(162,1434),(162,1435),(162,1436),(163,1437),(163,1438),(163,1439),(163,1440),(163,1441),(163,1442),(163,1443),(163,1444),(164,1445),(164,1446),(164,1447),(164,1448),(164,1449),(164,1450),(164,1451),(164,1452),(165,1453),(165,1454),(165,1455),(165,1456),(165,1457),(165,1458),(165,1459),(165,1460),(165,1461),(166,1462),(166,1463),(166,1464),(166,1465),(166,1466),(166,1467),(166,1468),(166,1469),(166,1470),(166,1471),(167,1472),(167,1473),(167,1474),(167,1475),(167,1476),(167,1477),(167,1478),(167,1479),(168,1480),(168,1481),(168,1482),(168,1483),(168,1484),(168,1485),(168,1486),(168,1487),(168,1488),(168,1489),(169,1490),(169,1491),(169,1492),(169,1493),(169,1494),(169,1495),(169,1496),(169,1497),(169,1498),(169,1499),(169,1500),(169,1501),(169,1502),(169,1503),(169,1504),(169,1505),(169,1506),(170,1507),(170,1508),(170,1509),(170,1510),(170,1511),(170,1512),(170,1513),(170,1514),(170,1515),(171,1516),(171,1517),(171,1518),(171,1519),(171,1520),(171,1521),(171,1522),(171,1523),(171,1524),(171,1525),(172,1526),(172,1527),(172,1528),(172,1529),(172,1530),(172,1531),(172,1532),(172,1533),(172,1534),(173,1535),(173,1536),(173,1537),(173,1538),(173,1539),(173,1540),(173,1541),(173,1542),(173,1543),(173,1544),(173,1545),(174,1546),(174,1547),(174,1548),(174,1549),(174,1550),(174,1551),(174,1552),(174,1553),(174,1554),(174,1555),(175,1556),(175,1557),(175,1558),(175,1559),(175,1560),(175,1561),(175,1562),(175,1563),(175,1564),(175,1565),(175,1566),(176,1567),(176,1568),(176,1569),(176,1570),(176,1571),(176,1572),(176,1573),(176,1574),(176,1575),(176,1576),(177,1577),(177,1578),(177,1579),(177,1580),(177,1581),(177,1582),(177,1583),(177,1584),(177,1585),(177,1586),(177,1587),(177,1588),(178,1589),(178,1590),(178,1591),(178,1592),(178,1593),(178,1594),(178,1595),(178,1596),(178,1597),(178,1598),(179,1599),(179,1600),(179,1601),(179,1602),(179,1603),(179,1604),(179,1605),(179,1606),(179,1607),(179,1608),(180,1609),(180,1610),(180,1611),(180,1612),(180,1613),(180,1614),(180,1615),(180,1616),(180,1617),(180,1618),(181,1619),(181,1620),(181,1621),(181,1622),(181,1623),(181,1624),(181,1625),(181,1626),(181,1627),(182,1628),(182,1629),(182,1630),(182,1631),(182,1632),(182,1633),(182,1634),(182,1635),(183,1636),(183,1637),(183,1638),(183,1639),(183,1640),(183,1641),(183,1642),(183,1643),(183,1644),(183,1645),(183,1646),(183,1647),(184,1648),(184,1649),(185,1650),(185,1651),(186,1652),(186,1653),(186,1654),(186,1655),(187,1656),(187,1657),(187,1658),(187,1659),(187,1660),(187,1661),(187,1662),(187,1663),(187,1664),(187,1665),(187,1666),(187,1667),(188,1668),(188,1669),(188,1670),(188,1671),(188,1672),(189,1673),(189,1674),(189,1675),(189,1676),(189,1677),(189,1678),(189,1679),(189,1680),(189,1681),(189,1682),(189,1683),(190,1684),(190,1685),(190,1686),(190,1687),(190,1688),(190,1689),(190,1690),(190,1691),(190,1692),(190,1693),(190,1694),(190,1695),(190,1696),(190,1697),(190,1698),(190,1699),(190,1700),(190,1701),(191,1702),(191,1703),(191,1704),(191,1705),(191,1706),(191,1707),(191,1708),(191,1709),(191,1710),(192,1711),(192,1712),(192,1713),(192,1714),(192,1715),(192,1716),(192,1717),(192,1718),(192,1719),(192,1720),(192,1721),(192,1722),(192,1723),(192,1724),(192,1725),(192,1726),(193,1727),(193,1728),(193,1729),(193,1730),(193,1731),(193,1732),(193,1733),(193,1734),(193,1735),(193,1736),(193,1737),(193,1738),(194,1739),(194,1740),(194,1741),(194,1742),(194,1743),(194,1744),(194,1745),(194,1746),(194,1747),(194,1748),(194,1749),(194,1750),(195,1751),(195,1752),(196,1753),(196,1754),(196,1755),(196,1756),(196,1757),(196,1758),(196,1759),(196,1760),(196,1761),(196,1762),(196,1763),(196,1764),(196,1765),(197,1766),(198,1767),(198,1768),(198,1769),(198,1770),(198,1771),(198,1772),(198,1773),(198,1774),(198,1775),(198,1776),(198,1777),(198,1778),(198,1779),(198,1780),(198,1781),(198,1782),(198,1783),(198,1784),(198,1785),(198,1786),(198,1787),(198,1788),(198,1789),(198,1790),(198,1791),(198,1792),(199,1793),(199,1794),(200,1795),(200,1796),(200,1797),(200,1798),(200,1799),(200,1800),(200,1801),(200,1802),(200,1803),(200,1804),(200,1805),(201,1806),(201,1807),(201,1808),(201,1809),(201,1810),(201,1811),(201,1812),(201,1813),(201,1814),(201,1815),(202,1816),(202,1817),(202,1818),(202,1819),(202,1820),(202,1821),(202,1822),(202,1823),(202,1824),(203,1825),(203,1826),(203,1827),(203,1828),(203,1829),(203,1830),(204,1831),(204,1832),(204,1833),(204,1834),(204,1835),(204,1836),(204,1837),(205,1838),(205,1839),(205,1840),(205,1841),(205,1842),(205,1843),(205,1844),(205,1845),(205,1846),(205,1847),(205,1848),(206,1849),(206,1850),(206,1851),(206,1852),(206,1853),(206,1854),(206,1855),(206,1856),(206,1857),(206,1858),(207,1859),(207,1860),(207,1861),(207,1862),(207,1863),(207,1864),(207,1865),(207,1866),(208,1867),(208,1868),(208,1869),(208,1870),(208,1871),(208,1872),(208,1873),(208,1874),(209,1875),(209,1876),(209,1877),(209,1878),(209,1879),(209,1880),(210,1881),(210,1882),(210,1883),(210,1884),(210,1885),(211,1886),(211,1887),(211,1888),(211,1889),(211,1890),(211,1891),(211,1892),(211,1893),(211,1894),(211,1895),(211,1896),(211,1897),(211,1898),(211,1899),(211,1900),(212,1901),(212,1902),(212,1903),(212,1904),(212,1905),(212,1906),(212,1907),(212,1908),(212,1909),(212,1910),(212,1911),(213,1912),(213,1913),(213,1914),(213,1915),(213,1916),(213,1917),(213,1918),(213,1919),(213,1920),(213,1921),(213,1922),(213,1923),(214,1924),(214,1925),(214,1926),(214,1927),(214,1928),(214,1929),(214,1930),(214,1931),(214,1932),(214,1933),(214,1934),(214,1935),(214,1936),(214,1937),(214,1938),(214,1939),(215,1940),(215,1941),(215,1942),(215,1943),(215,1944),(215,1945),(215,1946),(215,1947),(215,1948),(215,1949),(215,1950),(215,1951),(215,1952),(216,1953),(216,1954),(216,1955),(216,1956),(216,1957),(216,1958),(216,1959),(216,1960),(216,1961),(216,1962),(216,1963),(216,1964),(217,1965),(217,1966),(217,1967),(217,1968),(217,1969),(217,1970),(217,1971),(217,1972),(217,1973),(217,1974),(217,1975),(217,1976),(218,1977),(218,1978),(218,1979),(218,1980),(218,1981),(218,1982),(218,1983),(219,1984),(219,1985),(219,1986),(219,1987),(219,1988),(219,1989),(219,1990),(219,1991),(219,1992),(219,1993),(219,1994),(219,1995),(219,1996),(219,1997),(219,1998);
/*!40000 ALTER TABLE `album_songs` ENABLE KEYS */;
UNLOCK TABLES;

--
-- Table structure for table `artist`
--

DROP TABLE IF EXISTS `artist`;
/*!40101 SET @saved_cs_client     = @@character_set_client */;
/*!40101 SET character_set_client = utf8 */;
CREATE TABLE `artist` (
  `id` int(11) NOT NULL AUTO_INCREMENT,
  `active` bit(1) NOT NULL DEFAULT b'1',
  `created_date` datetime NOT NULL DEFAULT CURRENT_TIMESTAMP,
  `name` varchar(255) NOT NULL,
  `monthly_listeners` int(11) NOT NULL DEFAULT '0',
  `mbid` char(36) NOT NULL,
  `image_id` int(11) DEFAULT NULL,
  `owner_id` int(11) DEFAULT NULL,
  `cover_image_id` int(11) DEFAULT NULL,
  PRIMARY KEY (`id`),
  UNIQUE KEY `UK_b6mw7vk7h2nwfhaisad3vnstf` (`mbid`),
  KEY `FKhya76u0yfcqx6sr4qhx1ny6nk` (`image_id`),
  KEY `FKetdfw4flyg4n0p062lejw91m7` (`owner_id`),
  KEY `FKsmh3342g8ftc9elcki2nvlhoh` (`cover_image_id`),
  CONSTRAINT `FKetdfw4flyg4n0p062lejw91m7` FOREIGN KEY (`owner_id`) REFERENCES `user` (`id`),
  CONSTRAINT `FKhya76u0yfcqx6sr4qhx1ny6nk` FOREIGN KEY (`image_id`) REFERENCES `image` (`id`),
  CONSTRAINT `FKsmh3342g8ftc9elcki2nvlhoh` FOREIGN KEY (`cover_image_id`) REFERENCES `image` (`id`)
) ENGINE=InnoDB AUTO_INCREMENT=260 DEFAULT CHARSET=utf8;
/*!40101 SET character_set_client = @saved_cs_client */;

--
-- Dumping data for table `artist`
--

LOCK TABLES `artist` WRITE;
/*!40000 ALTER TABLE `artist` DISABLE KEYS */;
INSERT INTO `artist` VALUES (1,'','2017-11-19 21:19:03','John Denver',0,'34e10b51-b5c6-4bc1-b70e-f05f141eda1e',NULL,NULL,NULL),(2,'','2017-11-19 21:19:16','Renato Zero',0,'5d2e11a9-08cf-4f43-993a-be5dc908e5d6',NULL,NULL,NULL),(3,'','2017-11-19 21:19:27','Baccara',0,'d17a5888-7775-4541-85d6-f6344f9e93b7',NULL,NULL,NULL),(4,'','2017-11-19 21:19:37','Village People',0,'f19d3d49-be22-4ca6-9903-64d86984fbf2',NULL,NULL,NULL),(5,'','2017-11-19 21:19:42','Al Cohn',0,'996b444f-2f1c-4f41-bb85-c3b9a709c9bf',NULL,NULL,NULL),(6,'','2017-11-19 21:19:58','Casey Bill Weldon',0,'8a79e7f1-6e48-4efd-aba4-42a14d24faec',NULL,NULL,NULL),(7,'','2017-11-19 21:20:19','Elvis Presley',0,'01809552-4f87-45b0-afff-2c6f0730a3be',NULL,NULL,NULL),(8,'','2017-11-19 21:20:25','Lucio Dalla',0,'60889737-6f73-415e-ba20-5040498512b4',NULL,NULL,NULL),(9,'','2017-11-19 21:20:48','The Jordanaires',0,'42b93918-afa2-4f77-b231-b1244606900d',NULL,NULL,NULL),(10,'','2017-11-19 21:20:53','北村英治',0,'233359be-23d3-4c0c-bfb8-405f52bf1538',NULL,NULL,NULL),(11,'','2017-11-19 21:21:25','Francesco De Gregori',0,'9128bb19-1bb7-4f20-9e42-7cd9979a6792',NULL,NULL,NULL),(12,'','2017-11-19 21:21:37','Dave Matthews Band',0,'07e748f1-075e-428d-85dc-ce3be434e906',NULL,NULL,NULL),(13,'','2017-11-19 21:21:55','Lou Reed',0,'9d1ebcfe-4c15-4d18-95d3-d919898638a1',NULL,NULL,NULL),(14,'','2017-11-19 21:22:05','Ray LaMontagne',0,'b5c4ffa2-82e1-4b72-b7f3-c60afb74b860',NULL,NULL,NULL),(15,'','2017-11-19 21:22:36','Hilary Duff',0,'bfaf9b70-d1fd-4d3e-b730-3e67e6f8f9bb',NULL,NULL,NULL),(16,'','2017-11-19 21:22:53','Kendall Schmidt',0,'d0a3134f-d417-40cb-864b-c89dd272d974',NULL,NULL,NULL),(17,'','2017-11-19 21:23:17','Jefferson Airplane',0,'39c2a93d-9afa-4a22-9bba-c087ab056e1c',NULL,NULL,NULL),(18,'','2017-11-19 21:23:28','Harry Belafonte',0,'49c48b7f-1ff1-4f02-a1aa-ca1254b46ef2',NULL,NULL,NULL),(19,'','2017-11-19 21:23:47','Dottsy',0,'3f017f23-1577-481a-99d1-47f9162806f1',NULL,NULL,NULL),(20,'','2017-11-19 21:24:04','Jim Ed Brown',0,'7e867242-c616-468c-82c5-da1669efe335',NULL,NULL,NULL),(21,'','2017-11-19 21:24:05','Helen Cornelius',0,'46fb7a25-2d3c-4bcb-961f-832c3bb523d8',NULL,NULL,NULL),(22,'','2017-11-19 21:24:06','Red Sovine',0,'03e318a0-2292-4219-888c-f491ac63c6d1',NULL,NULL,NULL),(23,'','2017-11-19 21:24:22','Sloche',0,'806ceb17-9112-4631-b154-613f63e8ede9',NULL,NULL,NULL),(24,'','2017-11-19 21:24:49','THP Orchestra',0,'d54774c8-1fe9-4fd7-9675-3b91357dc9fb',NULL,NULL,NULL),(25,'','2017-11-19 21:25:03','Gianni Morandi',0,'11bb0196-0dc3-41fa-be26-671ca78799f2',NULL,NULL,NULL),(26,'','2017-11-19 21:25:32','Yves Simon',0,'bea7a7ab-781e-459b-9272-7095505310e6',NULL,NULL,NULL),(27,'','2017-11-19 21:25:39','Kesha',0,'fab34286-b8e1-4879-bce3-194e1358fbd2',NULL,NULL,NULL),(28,'','2017-11-19 21:25:42','André 3000',0,'f563a1a9-069b-41ed-8b3b-e1b1a6f5b34b',NULL,NULL,NULL),(29,'','2017-11-19 21:25:43','Fallulah',0,'3b787178-64ef-4af5-82bd-3aefac5ae6c6',NULL,NULL,NULL),(30,'','2017-11-19 21:26:15','Avril Lavigne',0,'0103c1cc-4a09-4a5d-a344-56ad99a77193',NULL,NULL,NULL),(31,'','2017-11-19 21:26:55','3OH!3',0,'125948ec-7f91-4d1a-8b83-accbf50fae3d',NULL,NULL,NULL),(32,'','2017-11-19 21:27:07','Taio Cruz',0,'ba7d2626-38ce-4859-8495-bdb5732715c4',NULL,NULL,NULL),(33,'','2017-11-19 21:27:17','Stefan Dettl',0,'5f00784e-a4ab-4095-ba43-9c8eb03b660f',NULL,NULL,NULL),(34,'','2017-11-19 21:27:33','Tyrese',0,'975d94b4-7ca8-4eec-ae48-1aa4660995d3',NULL,NULL,NULL),(35,'','2017-11-19 21:27:42','R. Kelly',0,'c2d25856-a09a-4d15-b404-77dd19c19e63',NULL,NULL,NULL),(36,'','2017-11-19 21:27:46','Snoop Dogg',0,'f90e8b26-9e52-4669-a5c9-e28529c47894',NULL,NULL,NULL),(37,'','2017-11-19 21:27:46','Mr. Tan',0,'328543ae-94db-462d-a397-e042c09e81a5',NULL,NULL,NULL),(38,'','2017-11-19 21:27:54','Brooke Candy',0,'4298f9c0-4311-4411-9153-da73775b0b0c',NULL,NULL,NULL),(39,'','2017-11-19 21:27:56','Sia',0,'2f548675-008d-4332-876c-108b0c7ab9c5',NULL,NULL,NULL),(40,'','2017-11-19 21:27:57','Various Artists',0,'89ad4ac3-39f7-470e-963a-56509c546377',NULL,NULL,NULL),(41,'','2017-11-19 21:28:00','Bad Lucc',0,'ec198d4b-f446-4821-ac3d-37d37b7449ce',NULL,NULL,NULL),(42,'','2017-11-19 21:28:00','The Homegirl',0,'c503d78e-696f-485e-8dd0-60744494b79d',NULL,NULL,NULL),(43,'','2017-11-19 21:28:02','Leikeli47',0,'da8a2bf4-8298-4da4-b5ff-ad5adb856037',NULL,NULL,NULL),(44,'','2017-11-19 21:28:10','The Vanguard',0,'06c744b8-328d-46a3-96ea-7b98055c702f',NULL,NULL,NULL),(45,'','2017-11-19 21:28:12','Sampha',0,'130c2184-14f2-4180-a216-04b5a333be57',NULL,NULL,NULL),(46,'','2017-11-19 21:28:16','Betty Who',0,'3712a76d-8dbd-40fd-9bd1-27ae08f1cd51',NULL,NULL,NULL),(47,'','2017-11-19 21:28:21','Jarryd James',0,'d6a1c436-0595-48a2-bc3f-c27962d82ec8',NULL,NULL,NULL),(48,'','2017-11-19 21:28:22','RedFaces',0,'8a469a9d-fce1-4661-843b-62900b9d1cbc',NULL,NULL,NULL),(49,'','2017-11-19 21:28:23','Gaia',0,'210efc30-fed4-4413-bb06-25b016ce39d6',NULL,NULL,NULL),(50,'','2017-11-19 21:28:30','Soul System',0,'f3a47c64-e32a-473d-af34-b393d0c2f302',NULL,NULL,NULL),(51,'','2017-11-19 21:28:41','Isaiah Dreads',0,'b5fc4bd5-976d-479f-af84-a0d858023e57',NULL,NULL,NULL),(52,'','2017-11-19 21:28:51','G‐Eazy',0,'db48610c-6d8f-4d10-90ca-c4d14bb1a8b1',NULL,NULL,NULL),(53,'','2017-11-19 21:28:54','Roshelle',0,'f3ea1dc7-022b-44b5-b5d2-d470a14496a0',NULL,NULL,NULL),(54,'','2017-11-19 21:29:05','Calvin Harris',0,'8dd98bdc-80ec-4e93-8509-2f46bafc09a7',NULL,NULL,NULL),(55,'','2017-11-19 21:29:08','Hans Zimmer',0,'e6de1f3b-6484-491c-88dd-6d619f142abc',NULL,NULL,NULL),(56,'','2017-11-19 21:29:11','The Magnificent Six',0,'215d7def-91c5-4653-96f3-db6aab1b28e5',NULL,NULL,NULL),(57,'','2017-11-19 21:29:31','Bruce Springsteen',0,'70248960-cb53-4ea4-943a-edb18f7d336f',NULL,NULL,NULL),(58,'','2017-11-19 21:29:43','George Ezra',0,'2c5e2a98-d9ea-46b5-9618-d9bb4863a920',NULL,NULL,NULL),(59,'','2017-11-19 21:29:55','Santana',0,'9a3bf45c-347d-4630-894d-7cf3e8e0b632',NULL,NULL,NULL),(60,'','2017-11-19 21:30:09','Broken Bells',0,'62d364d2-550b-420e-b918-b3bd1e4a2efc',NULL,NULL,NULL),(61,'','2017-11-19 21:30:29','King Britt',0,'a6b6fbf2-fa4d-4a93-82e0-2551e361899a',NULL,NULL,NULL),(62,'','2017-11-19 21:30:32','Sylk 130',0,'72067277-52c4-4354-9110-52a23672bad6',NULL,NULL,NULL),(63,'','2017-11-19 21:30:41','Maxwell',0,'d252cca8-8214-43e5-b81a-101eb4a1447e',NULL,NULL,NULL),(64,'','2017-11-19 21:30:54','Άννα Βίσση',0,'e2b96b55-35c4-45b9-8d7b-726ac927982f',NULL,NULL,NULL),(65,'','2017-11-19 21:30:56','Wink',0,'996a7ed9-d3ae-4a09-819d-c864e7056b47',NULL,NULL,NULL),(66,'','2017-11-19 21:31:00','Staxx',0,'fa5fce81-528c-4d1c-9710-f95486c039a3',NULL,NULL,NULL),(67,'','2017-11-19 21:31:04','Mariah Carey',0,'494e8d09-f85b-4543-892f-a5096aed1cd4',NULL,NULL,NULL),(68,'','2017-11-19 21:31:07','Da Brat',0,'f545eed4-cd4c-40a3-89c0-edf4d195e52e',NULL,NULL,NULL),(69,'','2017-11-19 21:31:07','Xscape',0,'cf905ea4-8e81-40d0-9cf9-7aa2af41fa3e',NULL,NULL,NULL),(70,'','2017-11-19 21:31:08','The Blackout Allstars',0,'9358abb2-7429-4fd7-8b8b-182624bda057',NULL,NULL,NULL),(71,'','2017-11-19 21:31:10','Robi-Rob\'s Clubworld',0,'e2dafb4a-c3dd-4ca5-9a49-ab478d2ba54a',NULL,NULL,NULL),(72,'','2017-11-19 21:31:10','Deborah Cooper',0,'818b5250-6983-4751-964d-b4adae27fb10',NULL,NULL,NULL),(73,'','2017-11-19 21:31:10','Staxx of Joy',0,'38e1ed27-6ec8-44d4-8526-07f1b7d6e4d0',NULL,NULL,NULL),(74,'','2017-11-19 21:31:10','Αρλέτα',0,'49a146a2-307c-47fa-bab3-0114a883b97a',NULL,NULL,NULL),(75,'','2017-11-19 21:31:11','Barbra Streisand',0,'56cd15a1-0d74-438b-8244-c96ffe1cae03',NULL,NULL,NULL),(76,'','2017-11-19 21:31:13','Bryan Adams',0,'4dbf5678-7a31-406a-abbe-232f8ac2cd63',NULL,NULL,NULL),(77,'','2017-11-19 21:31:16','Tina Arena',0,'c1ccc784-9f18-4369-96b1-38106419b5ad',NULL,NULL,NULL),(78,'','2017-11-19 21:31:20','Julie Zenatti',0,'a69cd724-2f57-4ed0-bfed-ba20401eb84c',NULL,NULL,NULL),(79,'','2017-11-19 21:31:29','Train',0,'bfd5aec5-62a2-4560-a316-7c46c17babda',NULL,NULL,NULL),(80,'','2017-11-19 21:31:46','Destiny’s Child',0,'a796b92e-c137-4895-9c89-10f900617a4f',NULL,NULL,NULL),(81,'','2017-11-19 21:31:49','Rio Reiser',0,'cdc82eb3-7eac-4387-baf8-cd3bac0f5092',NULL,NULL,NULL),(82,'','2017-11-19 21:32:04','Nas',0,'cfbc0924-0035-4d6c-8197-f024653af823',NULL,NULL,NULL),(83,'','2017-11-19 21:32:05','Olu Dara',0,'c6a841d8-78d4-4b76-afa0-b848afaf5edb',NULL,NULL,NULL),(84,'','2017-11-19 21:32:08','Johnny Cash',0,'d43d12a1-2dc9-4257-a2fd-0a3bb1081b86',NULL,NULL,NULL),(85,'','2017-11-19 21:32:21','Ollabelle',0,'c9a85f84-f794-4c6d-b651-d6b079e889dd',NULL,NULL,NULL),(86,'','2017-11-19 21:32:30','Nick Lowe',0,'a3d5a6bf-c86d-44d3-969b-f345620009c6',NULL,NULL,NULL),(87,'','2017-11-19 21:32:45','Elvis Costello & The Attractions',0,'0ffb6573-a98e-412e-aa01-0a580e9d8b06',NULL,NULL,NULL),(88,'','2017-11-19 21:33:00','Peter Brown',0,'4c2cafdf-4261-4b3d-9858-5d1319dad6d7',NULL,NULL,NULL),(89,'','2017-11-19 21:33:07','Deniece Williams',0,'f28dc56d-0bd4-485f-92a2-5c3e0e9b57cd',NULL,NULL,NULL),(90,'','2017-11-19 21:33:15','Steve Smith',0,'b90ab376-c0ff-42d8-88af-4892a82222dd',NULL,NULL,NULL),(91,'','2017-11-19 21:33:23','Vital Information',0,'1f18bacd-5ce2-4a27-87f4-331e27d6058e',NULL,NULL,NULL),(92,'','2017-11-19 21:33:33','Herbie Hancock',0,'27613b78-1b9d-4ec3-9db5-fa0743465fdd',NULL,NULL,NULL),(93,'','2017-11-19 21:33:39','Wham!',0,'d570bb31-b9ca-45a4-a2d9-11b186d9c159',NULL,NULL,NULL),(94,'','2017-11-19 21:33:53','Maggie Lee',0,'18d69056-1f41-43e9-bb1b-139da37e5d5e',NULL,NULL,NULL),(95,'','2017-11-19 21:34:09','Chuck Mangione',0,'4861e415-2a6e-4682-98c0-ae212683faf4',NULL,NULL,NULL),(96,'','2017-11-19 21:34:17','David Gilmour',0,'1dce970e-34bc-48b2-ab51-48d87544a4c2',NULL,NULL,NULL),(97,'','2017-11-19 21:34:53','Buddy Jewell',0,'82fd64c3-2f95-4dfa-a6cc-a75005005c55',NULL,NULL,NULL),(98,'','2017-11-19 21:35:08','The Dirty Dozen Brass Band',0,'29bdc1d0-dc34-4f5d-9c22-8b2d66421f49',NULL,NULL,NULL),(99,'','2017-11-19 21:35:25','Dion',0,'89efeadd-8080-4cf9-af33-2e68a173df02',NULL,NULL,NULL),(100,'','2017-11-19 21:35:45','Ameriie',0,'56ef1af4-5184-49f8-a972-583f35c2485c',NULL,NULL,NULL),(101,'','2017-11-19 21:35:52','Carl Thomas',0,'e33755fb-961d-452d-a944-705130436d67',NULL,NULL,NULL),(102,'','2017-11-19 21:35:55','Eve',0,'1ac10f5e-2079-4435-b78f-dda6ecdeba15',NULL,NULL,NULL),(103,'','2017-11-19 21:36:01','Korn',0,'ac865b2e-bba8-4f5a-8756-dd40d5e39f46',NULL,NULL,NULL),(104,'','2017-11-19 21:36:17','Olly Murs',0,'0b108024-ccb5-468f-b2e9-77ed4f5615c6',NULL,NULL,NULL),(105,'','2017-11-19 21:36:18','Rizzle Kicks',0,'436ef7cb-ffeb-4516-99df-b160f9b8323c',NULL,NULL,NULL),(106,'','2017-11-19 21:36:24','JLS',0,'1533b219-74ef-4512-826f-42bca397fbb4',NULL,NULL,NULL),(107,'','2017-11-19 21:36:25','DEV',0,'7cc04f00-4c8f-40ea-894c-5f65777b3575',NULL,NULL,NULL),(108,'','2017-11-19 21:36:26','Incubus',0,'e3e0abcd-7671-4482-a9d8-462f5acc9be5',NULL,NULL,NULL),(109,'','2017-11-19 21:36:40','Tove Styrke',0,'4c5ff1ac-dce8-4815-90f9-232c5ea8d262',NULL,NULL,NULL),(110,'','2017-11-19 21:36:44','Imogen Heap',0,'328d146c-79f1-4eb6-9e40-8ee5710c14e5',NULL,NULL,NULL),(111,'','2017-11-19 21:36:45','REO Speedwagon',0,'bdc70372-7e8a-4cb9-8d33-f036b3b7cdc1',NULL,NULL,NULL),(112,'','2017-11-19 21:36:56','Suicidal Tendencies',0,'e9e2a634-984f-4c10-bf7b-7970179e1ef1',NULL,NULL,NULL),(113,'','2017-11-19 21:37:12','Michael Jackson',0,'f27ec8db-af05-4f36-916e-3d57f91ecf5e',NULL,NULL,NULL),(114,'','2017-11-19 21:37:31','Justin Timberlake',0,'596ffa74-3d08-44ef-b113-765d43d12738',NULL,NULL,NULL),(115,'','2017-11-19 21:37:34','Judas Priest',0,'6b335658-22c8-485d-93de-0bc29a1d0349',NULL,NULL,NULL),(116,'','2017-11-19 21:37:40','My First Band',0,'4d4497f6-a182-4c1d-9d54-22dda4a4d6e4',NULL,NULL,NULL),(117,'','2017-11-19 21:37:57','Giant',0,'b88b94b6-a904-4457-914b-53b2b8c22ce2',NULL,NULL,NULL),(118,'','2017-11-19 21:38:16','Sister Souljah',0,'c941735c-7e9c-41f5-bde5-5cda8aacbc11',NULL,NULL,NULL),(119,'','2017-11-19 21:38:20','Chuck D',0,'88633ac3-c8e2-420f-8415-77ac56b3105f',NULL,NULL,NULL),(120,'','2017-11-19 21:38:27','Ice Cube',0,'1d11e2a1-4531-4d61-a8c7-7b5c6a608fd2',NULL,NULL,NULL),(121,'','2017-11-19 21:38:29','Ras Baraka',0,'5ffbdcd6-bf3b-4dcb-a702-d9116cbb0744',NULL,NULL,NULL),(122,'','2017-11-19 21:38:35','Front 242',0,'8fb6c00f-61d8-4f27-98f9-53e1ba481626',NULL,NULL,NULL),(123,'','2017-11-19 21:38:59','Indigo Girls',0,'00c49f40-d715-4b79-b223-432048602cce',NULL,NULL,NULL),(124,'','2017-11-19 21:39:15','Gregg Alexander',0,'9b80e411-7ef4-4654-8d04-8696345e8879',NULL,NULL,NULL),(125,'','2017-11-19 21:39:29','Nicky Holland',0,'62ba02d7-fe23-47fa-a4ef-b438bf9c10e5',NULL,NULL,NULL),(126,'','2017-11-19 21:39:39','Robert Klein',0,'8e53ef77-0e0b-41e3-bbd9-cea5b9b86ebc',NULL,NULL,NULL),(127,'','2017-11-19 21:40:05','Ottmar Liebert & Luna Negra',0,'69554d91-a396-41e2-9b9e-7c85a17d1f98',NULL,NULL,NULL),(128,'','2017-11-19 21:40:18','Iron Maiden',0,'ca891d65-d9b0-4258-89f7-e6ba29d83767',NULL,NULL,NULL),(129,'','2017-11-19 21:40:38','Kreator',0,'39822e8d-f24e-4f07-b51b-28b22e59fbdb',NULL,NULL,NULL),(130,'','2017-11-19 21:40:48','Joaquín Sabina',0,'a992aada-7108-455d-9747-0b7b6a089e8d',NULL,NULL,NULL),(131,'','2017-11-19 21:40:53','Lola Flores',0,'e9abb900-fba0-4e1b-ae09-a7ea8f72551b',NULL,NULL,NULL),(132,'','2017-11-19 21:41:00','Michel Polnareff',0,'90330a83-5547-491e-b83c-d10858e6073f',NULL,NULL,NULL),(133,'','2017-11-19 21:41:13','Accept',0,'41f4d85a-0bd7-4602-a3e3-8c47f36efb0a',NULL,NULL,NULL),(134,'','2017-11-19 21:41:29','Sandi Patty',0,'48bf5d11-ea2b-45b2-a68c-e14a6cd9331b',NULL,NULL,NULL),(135,'','2017-11-19 21:41:54','The Choir',0,'1564678d-dbcc-4b3d-9e13-d2c32b3c7bf2',NULL,NULL,NULL),(136,'','2017-11-19 21:42:20','Basia',0,'34de4678-044a-486a-a741-4c740025374a',NULL,NULL,NULL),(137,'','2017-11-19 21:42:37','The Hollies',0,'d4305549-6b4e-4a57-b24d-8af0743fe191',NULL,NULL,NULL),(138,'','2017-11-19 21:43:06','Flamin’ Groovies',0,'c826bda4-4f4f-4746-81ba-5f66ac9c95e5',NULL,NULL,NULL),(139,'','2017-11-19 21:43:27','Argent',0,'19ae028f-f114-45b4-8143-4b2fae696465',NULL,NULL,NULL),(140,'','2017-11-19 21:43:39','Terry Reid',0,'5c232cd8-297a-4586-9090-f7cf30466fe2',NULL,NULL,NULL),(141,'','2017-11-19 21:43:52','The Gun',0,'4cf3cc48-f62d-4ff3-aa03-5e1014de16d7',NULL,NULL,NULL),(142,'','2017-11-19 21:44:04','The Peddlers',0,'b800a067-775f-4199-a016-edcf3e2e22ea',NULL,NULL,NULL),(143,'','2017-11-19 21:44:15','Jo Ann Kelly',0,'25c782fb-7ce9-481a-a7f6-006fa09b4c5c',NULL,NULL,NULL),(144,'','2017-11-19 21:44:28','Kaleidoscope',0,'8016001a-c269-4697-a4cf-ef4139e1deff',NULL,NULL,NULL),(145,'','2017-11-19 21:44:37','Peter Ivers',0,'d4fe6ead-3be9-491c-825d-393c486cc617',NULL,NULL,NULL),(146,'','2017-11-19 21:44:53','Red Hot Chili Peppers',0,'8bfac288-ccc5-448d-9573-c33ea2aa5c30',NULL,NULL,NULL),(147,'','2017-11-19 21:44:55','Dua Lipa',0,'6f1a58bf-9b1b-49cf-a44a-6cefad7ae04f',NULL,NULL,NULL),(148,'','2017-11-19 21:44:57','Miguel',0,'285e1285-aecc-478f-a8da-0c8cf69e1217',NULL,NULL,NULL),(149,'','2017-11-19 21:44:57','The Head and the Heart',0,'98cb416e-5271-484c-ab3b-6bed6b4aae12',NULL,NULL,NULL),(150,'','2017-11-19 21:45:12','Talking Heads',0,'a94a7155-c79d-4409-9fcf-220cb0e4dc3a',NULL,NULL,NULL),(151,'','2017-11-19 21:45:13','Gorillaz',0,'e21857d5-3256-4547-afb3-4b6ded592596',NULL,NULL,NULL),(152,'','2017-11-19 21:45:16','Vince Staples',0,'78e854b8-9713-4ff2-9218-6b3784893bff',NULL,NULL,NULL),(153,'','2017-11-19 21:45:17','Peven Everett',0,'7b42e4cf-650b-4fe0-bc7d-c95e31247729',NULL,NULL,NULL),(154,'','2017-11-19 21:45:18','Popcaan',0,'d7641934-7dfb-49ea-b948-da0b12816b12',NULL,NULL,NULL),(155,'','2017-11-19 21:45:19','De La Soul',0,'a8ebde98-7e91-46c7-992c-90039ba42017',NULL,NULL,NULL),(156,'','2017-11-19 21:45:24','Danny Brown',0,'960afc67-9c21-46dd-9c7f-ff2b509e3150',NULL,NULL,NULL),(157,'','2017-11-19 21:45:24','Kelela',0,'045494aa-e913-4e62-bf4e-dcc276e0075a',NULL,NULL,NULL),(158,'','2017-11-19 21:45:25','Grace Jones',0,'b1c124b3-cf60-41a6-8699-92728c8a3fe0',NULL,NULL,NULL),(159,'','2017-11-19 21:45:26','D.R.A.M.',0,'6247d69d-426f-440f-97e0-74a9a0b00358',NULL,NULL,NULL),(160,'','2017-11-19 21:45:29','Anthony Hamilton',0,'af7f5e8e-ac05-4d55-b860-a4dc72c78e66',NULL,NULL,NULL),(161,'','2017-11-19 21:45:30','Mavis Staples',0,'04f57a2d-2449-400e-8fff-5b1c5af9560b',NULL,NULL,NULL),(162,'','2017-11-19 21:45:30','Pusha T',0,'14ecd19f-7121-4192-8549-e5056241a42f',NULL,NULL,NULL),(163,'','2017-11-19 21:45:38','Jamie Principle',0,'500df185-4a22-40a5-baf6-bdcabab5ed22',NULL,NULL,NULL),(164,'','2017-11-19 21:45:38','Zebra Katz',0,'e37d165a-0114-499a-988c-22c0ba79eaf2',NULL,NULL,NULL),(165,'','2017-11-19 21:45:42','Kali Uchis',0,'d0c7656d-8169-4f77-9dbe-b8f24e40105d',NULL,NULL,NULL),(166,'','2017-11-19 21:45:44','Benjamin Clementine',0,'578e5d1c-be21-4158-b147-30aad67f207d',NULL,NULL,NULL),(167,'','2017-11-19 21:45:45','Jehnny Beth',0,'fdac609a-63d0-49b9-823a-daec52a0db97',NULL,NULL,NULL),(168,'','2017-11-19 21:45:55','Prince',0,'070d193a-845c-479f-980e-bef15710653e',NULL,NULL,NULL),(169,'','2017-11-19 21:45:58','Linkin Park',0,'f59c5520-5f46-4d2c-b2c4-822eabf53419',NULL,NULL,NULL),(170,'','2017-11-19 21:45:59','Kiiara',0,'dbc26631-5e61-4ba2-84ff-e1423a1c288a',NULL,NULL,NULL),(171,'','2017-11-19 21:46:00','Majid Jordan',0,'abaa7001-0d80-4e58-be5d-d2d246fd9d87',NULL,NULL,NULL),(172,'','2017-11-19 21:46:10','Al Jarreau',0,'3e54ba8b-f4cc-4192-9813-890d570e2b7a',NULL,NULL,NULL),(173,'','2017-11-19 21:46:27','Rod Stewart',0,'a35237a0-4f47-40a6-b6f3-1e786db23402',NULL,NULL,NULL),(174,'','2017-11-19 21:46:31','Alice Cooper',0,'ee58c59f-8e7f-4430-b8ca-236c4d3745ae',NULL,NULL,NULL),(175,'','2017-11-19 21:46:33','Dire Straits',0,'614e3804-7d34-41ba-857f-811bad7c2b7a',NULL,NULL,NULL),(176,'','2017-11-19 21:46:35','Exile',0,'bceba9d9-3a3c-4883-af65-e44bd5848169',NULL,NULL,NULL),(177,'','2017-11-19 21:46:39','Funkadelic',0,'cf042013-3edd-46c4-9b0e-a62faac98d0b',NULL,NULL,NULL),(178,'','2017-11-19 21:46:42','The Band',0,'8c90ad8c-9150-4c51-a1eb-342232e99d06',NULL,NULL,NULL),(179,'','2017-11-19 21:46:42','Ronnie Hawkins',0,'8a701db6-1180-4bfb-bd69-417614406212',NULL,NULL,NULL),(180,'','2017-11-19 21:46:42','Neil Young',0,'75167b8b-44e4-407b-9d35-effe87b223cf',NULL,NULL,NULL),(181,'','2017-11-19 21:46:42','Joni Mitchell',0,'a6de8ef9-b1a1-4756-97aa-481bbb8a4069',NULL,NULL,NULL),(182,'','2017-11-19 21:46:42','Neil Diamond',0,'a42d3fd5-55de-4206-86c3-4fbb5404018f',NULL,NULL,NULL),(183,'','2017-11-19 21:46:42','Dr. John',0,'fe0e1895-aa84-47d9-8e5b-7930fc20709b',NULL,NULL,NULL),(184,'','2017-11-19 21:46:43','The Doobie Brothers',0,'588dea29-eea3-456b-a815-3ee04f75c8e7',NULL,NULL,NULL),(185,'','2017-11-19 21:46:49','Graziella Schazad',0,'463b5b1c-a247-498b-b864-2211428bf53b',NULL,NULL,NULL),(186,'','2017-11-19 21:47:09','T. Rex',0,'c842d29f-a297-48cd-bb71-4f77fd672b16',NULL,NULL,NULL),(187,'','2017-11-19 21:47:22','Tom Petty and the Heartbreakers',0,'f93dbc64-6f08-4033-bcc7-8a0bb4689849',NULL,NULL,NULL),(188,'','2017-11-19 21:47:45','Fleetwood Mac',0,'bd13909f-1c29-4c27-a874-d4aaf27c5b1a',NULL,NULL,NULL),(189,'','2017-11-19 21:48:48','Grateful Dead',0,'6faa7ca7-0d99-4a5e-bfa6-1fd5037520c6',NULL,NULL,NULL),(190,'','2017-11-19 21:49:03','Red Steagall',0,'5d8a25ec-d792-48d4-906d-c255d0fb640c',NULL,NULL,NULL),(191,'','2017-11-19 21:49:17','Randy Crawford',0,'614e392a-0d63-48a2-bbd5-03265c407bd1',NULL,NULL,NULL),(192,'','2017-11-19 21:49:30','Chick Corea',0,'8446fcca-109e-4c6d-a2ff-5a269b32b4c2',NULL,NULL,NULL),(193,'','2017-11-19 21:49:36','Emmylou Harris',0,'35ef61ca-43db-4772-ba27-0489e9ebcb69',NULL,NULL,NULL),(194,'','2017-11-19 21:49:41','Waylon Jennings',0,'1a46826b-4d73-4e04-8590-f36c9d832f9e',NULL,NULL,NULL),(195,'','2017-11-19 21:49:49','Linda Ronstadt',0,'498f2581-be21-4eef-8756-fbb89d79b1c0',NULL,NULL,NULL),(196,'','2017-11-19 21:49:49','Dolly Parton',0,'1d543e07-d0d2-4834-a8db-d65c50c2a856',NULL,NULL,NULL),(197,'','2017-11-19 21:49:54','Code Blue',0,'4425e753-2164-4bc0-941f-ff63e4ac9f02',NULL,NULL,NULL),(198,'','2017-11-19 21:50:26','Tom Johnston',0,'f15612c5-52e8-4927-a3c0-648482affeb8',NULL,NULL,NULL),(199,'','2017-11-19 21:50:39','Force 10',0,'be9a6403-3c51-4658-beb3-6fb924a7eea4',NULL,NULL,NULL),(200,'','2017-11-19 21:50:51','David Frizzell',0,'9e5809ba-30c4-4235-874b-ca38876b15a4',NULL,NULL,NULL),(201,'','2017-11-19 21:50:57','Shelly West',0,'d9e1ba35-bd48-409f-8a6e-ff0e013805bd',NULL,NULL,NULL),(202,'','2017-11-19 21:51:10','Stéphane Grappelli',0,'bfc03211-a3a2-4700-8fa3-00968c02c5d0',NULL,NULL,NULL),(203,'','2017-11-19 21:51:12','David Grisman',0,'402e4f4f-33aa-4b2b-9fdb-3cb4eb38f729',NULL,NULL,NULL),(204,'','2017-11-19 21:51:14','Funky Reggae Crew',0,'3b48295b-d5c6-4607-bb2a-5a91eb737aca',NULL,NULL,NULL),(205,'','2017-11-19 21:51:49','Mark Knopfler',0,'e49f69da-17d5-4c5c-bac0-dadcb0e588f5',NULL,NULL,NULL),(206,'','2017-11-19 21:51:57','Van Dyke Parks',0,'74be7080-080f-49d0-b8c5-1166eed1bb8e',NULL,NULL,NULL),(207,'','2017-11-19 21:52:16','Sheena Easton',0,'7b004920-b04e-4ff2-b2e5-55d8f1cc0522',NULL,NULL,NULL),(208,'','2017-11-19 21:52:27','Mark O’Connor',0,'4c82141c-65e2-49aa-9660-c9df88309373',NULL,NULL,NULL),(209,'','2017-11-19 21:52:40','Highway 101',0,'667977d7-5901-4c5b-bf5f-61e92b6689c2',NULL,NULL,NULL),(210,'','2017-11-19 21:53:16','עפרה חזה',0,'7591796a-a545-4b51-ba52-bf2539b90d99',NULL,NULL,NULL),(211,'','2017-11-19 21:53:19','Randy Travis',0,'09b697e3-a849-4670-ae49-e0b821a6271a',NULL,NULL,NULL),(212,'','2017-11-19 21:53:37','The Manhattan Transfer',0,'02390d49-c321-479b-b6f4-cd76f32fb887',NULL,NULL,NULL),(213,'','2017-11-19 21:54:01','Chic',0,'a4ed036b-5f18-439c-b1e1-96d205bab255',NULL,NULL,NULL),(214,'','2017-11-19 21:54:15','Blues Brothers',0,'7252abc2-dfc8-4aa6-889f-2d168b265403',NULL,NULL,NULL),(215,'','2017-11-19 21:54:24','AC/DC',0,'66c662b6-6e2f-4930-8610-912e24c63ed1',NULL,NULL,NULL),(216,'','2017-11-19 21:54:41','Yes',0,'c1d4f2ba-cf39-460c-9528-6b827d3417a1',NULL,NULL,NULL),(217,'','2017-11-19 21:54:52','Passport',0,'6082f427-055a-4b27-819f-06f17fd1bda9',NULL,NULL,NULL),(218,'','2017-11-19 21:55:02','Phil Collins',0,'401c3991-b76b-499d-8082-9f2df958ef78',NULL,NULL,NULL),(219,'','2017-11-19 21:55:21','Chris Squire',0,'3765dccd-b659-4298-9211-15c3f73b40bf',NULL,NULL,NULL),(220,'','2017-11-19 21:55:23','Alan White',0,'eae2acb8-1ee4-476f-923d-36d8fe7b34bf',NULL,NULL,NULL),(221,'','2017-11-19 21:55:24','Laura Branigan',0,'917976a6-75b1-46af-b57b-71f13de20422',NULL,NULL,NULL),(222,'','2017-11-19 21:55:27','Brandy',0,'01e60eba-52df-4694-8f09-39f43abe54e9',NULL,NULL,NULL),(223,'','2017-11-19 21:55:28','Bette Midler',0,'ed333e8b-d18a-49fc-b361-4ec9731dfdba',NULL,NULL,NULL),(224,'','2017-11-19 21:55:41','Tori Amos',0,'c0b2500e-0cef-4130-869d-732b23ed9df5',NULL,NULL,NULL),(225,'','2017-11-19 21:55:50','Victor',0,'12368b95-69ae-42bd-bf7b-85b54bd28938',NULL,NULL,NULL),(226,'','2017-11-19 21:56:12','Vangelis',0,'57fca0e2-f9ad-4ae6-af9d-6a6f50cbcd5f',NULL,NULL,NULL),(227,'','2017-11-19 21:56:26','Sleeze Beez',0,'2187a615-ca39-4c3b-9c3f-b7d4fd53f816',NULL,NULL,NULL),(228,'','2017-11-19 21:56:27','Walt Mink',0,'76d721ac-3eff-4b6d-8a2e-f2dacd2209a3',NULL,NULL,NULL),(229,'','2017-11-19 21:56:42','Santigold',0,'97b20fe3-0924-4a5f-9955-d0b5c5f9587f',NULL,NULL,NULL),(230,'','2017-11-19 21:57:00','Death Cab for Cutie',0,'0039c7ae-e1a7-4a7d-9b49-0cbc716821a6',NULL,NULL,NULL),(231,'','2017-11-19 21:57:19','Jason Mraz',0,'82eb8936-7bf6-4577-8320-a2639465206d',NULL,NULL,NULL),(232,'','2017-11-19 21:57:33','Colbie Caillat',0,'efc8a006-d0c6-4a9b-8cb1-91ca770fa2b9',NULL,NULL,NULL),(233,'','2017-11-19 21:57:37','James Morrison',0,'88a8d8a9-7c9b-4f7b-8700-7f0f7a503688',NULL,NULL,NULL),(234,'','2017-11-19 21:58:04','Carolina Liar',0,'8a4bd6ab-acd4-4f1b-b1c6-bee1cee43fff',NULL,NULL,NULL),(235,'','2017-11-19 21:58:07','Hadouken!',0,'8c9200b8-8e05-41d5-836e-44a37905560e',NULL,NULL,NULL),(236,'','2017-11-19 21:58:20','Firefall',0,'87b12e99-75f4-4b53-8858-cab215f3ea4f',NULL,NULL,NULL),(237,'','2017-11-19 21:58:37','Eddie Harris',0,'f9ba6d40-60f3-4c85-ac23-0bf67c3247e4',NULL,NULL,NULL),(238,'','2017-11-19 21:58:45','Sonny Fortune',0,'ea543f6c-b528-4a19-adc6-274d7f770347',NULL,NULL,NULL),(239,'','2017-11-19 21:58:58','Artie Webb',0,'f4e4bfe9-6aaf-424b-9cce-3ad43ebd4e61',NULL,NULL,NULL),(240,'','2017-11-19 21:59:07','Boney M.',0,'5403bf6e-bc1d-4e62-b31f-926a2bf66a14',NULL,NULL,NULL),(241,'','2017-11-19 21:59:17','Don Cherry',0,'adf3879a-e091-4f73-8792-861a7a3e3abe',NULL,NULL,NULL),(242,'','2017-11-19 21:59:32','Average White Band',0,'fb776bca-6139-4ff5-8d5e-5decd029cb96',NULL,NULL,NULL),(243,'','2017-11-19 21:59:37','Ben E. King',0,'837555ba-012e-45f1-9a9c-9628da13ee54',NULL,NULL,NULL),(244,'','2017-11-19 21:59:51','Fred Wesley & The Horny Horns',0,'2552c604-4345-4b6a-a96a-582e265fae3d',NULL,NULL,NULL),(245,'','2017-11-19 21:59:54','Maceo Parker',0,'7ec0b91d-c6ad-417e-934c-decfdc45bada',NULL,NULL,NULL),(246,'','2017-11-19 22:00:00','Charles Mingus',0,'f3b8e107-abe8-4743-b6a3-4a4ee995e71f',NULL,NULL,NULL),(247,'','2017-11-19 22:00:11','Vinicio Capossela',0,'5115929f-f133-47b4-bf1c-8a0df582ce23',NULL,NULL,NULL),(248,'','2017-11-19 22:00:26','“Little” Louie Vega',0,'f275d9a5-3271-436b-8c32-806ec275e23c',NULL,NULL,NULL),(249,'','2017-11-19 22:00:31','Marc Anthony',0,'25607613-aceb-445a-8519-83a2ee0f8402',NULL,NULL,NULL),(250,'','2017-11-19 22:00:34','Tito Puente',0,'f19ad155-d809-4770-ab8d-7579467d9f55',NULL,NULL,NULL),(251,'','2017-11-19 22:00:45','Eddie Palmieri',0,'42b5af45-312e-4dc1-ad0c-84dea2d5dcb2',NULL,NULL,NULL),(252,'','2017-11-19 22:00:47','Robert Francis',0,'f7e6b373-bbf7-4262-8a5f-5b7b5966900f',NULL,NULL,NULL),(253,'','2017-11-19 22:01:27','Trans‐Siberian Orchestra',0,'d2b83114-af3e-4397-b570-10d81f1dd650',NULL,NULL,NULL),(254,'','2017-11-19 22:01:46','Seasick Steve',0,'231ff972-4e8e-4157-95e2-12f963cb478c',NULL,NULL,NULL),(255,'','2017-11-19 22:02:06','Jay Farrar',0,'2d50057a-5541-4b1a-990d-92d3698e7ba5',NULL,NULL,NULL),(256,'','2017-11-19 22:02:07','Benjamin Gibbard',0,'02031e5c-f9ab-4b4e-bc08-a61ea11a455d',NULL,NULL,NULL),(257,'','2017-11-19 22:02:20','Musiq Soulchild',0,'01872118-3238-4f46-a849-26a0901a0da7',NULL,NULL,NULL),(258,'','2017-11-19 22:02:37','St. Vincent',0,'5334edc0-5faf-4ca5-b1df-000de3e1f752',NULL,NULL,NULL),(259,'','2017-11-19 22:02:45','Victoria Legrand',0,'a06e38d2-2510-4729-b731-56e83fb9dfcc',NULL,NULL,NULL);
/*!40000 ALTER TABLE `artist` ENABLE KEYS */;
UNLOCK TABLES;

--
-- Table structure for table `artist_albums`
--

DROP TABLE IF EXISTS `artist_albums`;
/*!40101 SET @saved_cs_client     = @@character_set_client */;
/*!40101 SET character_set_client = utf8 */;
CREATE TABLE `artist_albums` (
  `artist_id` int(11) NOT NULL,
  `album_id` int(11) NOT NULL,
  UNIQUE KEY `UK_hyog1vavjscecgdqewaifhsky` (`album_id`),
  KEY `FKbcvl559apfrlou44wn8x039f4` (`artist_id`),
  CONSTRAINT `FKbcvl559apfrlou44wn8x039f4` FOREIGN KEY (`artist_id`) REFERENCES `artist` (`id`),
  CONSTRAINT `FKtd9i1se0noi8swo0y6c20hie7` FOREIGN KEY (`album_id`) REFERENCES `album` (`id`)
) ENGINE=InnoDB DEFAULT CHARSET=utf8;
/*!40101 SET character_set_client = @saved_cs_client */;

--
-- Dumping data for table `artist_albums`
--

LOCK TABLES `artist_albums` WRITE;
/*!40000 ALTER TABLE `artist_albums` DISABLE KEYS */;
INSERT INTO `artist_albums` VALUES (1,1),(2,2),(3,3),(4,4),(5,5),(6,6),(7,7),(7,9),(7,25),(8,8),(8,28),(10,10),(11,11),(11,15),(11,18),(11,30),(12,12),(13,13),(13,17),(14,14),(15,16),(17,19),(17,35),(18,20),(19,21),(20,22),(22,23),(23,24),(24,26),(25,27),(26,29),(27,31),(27,33),(27,36),(29,32),(30,34),(33,37),(33,38),(34,39),(38,40),(40,41),(40,154),(40,162),(40,219),(46,42),(48,43),(49,44),(50,45),(51,46),(51,47),(52,48),(53,49),(54,50),(55,51),(57,52),(57,86),(58,53),(59,54),(59,56),(59,72),(60,55),(61,57),(63,58),(63,59),(64,60),(65,61),(66,62),(67,63),(70,64),(74,65),(75,66),(77,67),(78,68),(79,69),(80,70),(81,71),(82,73),(84,74),(85,75),(86,76),(87,77),(88,78),(89,79),(90,80),(92,81),(93,82),(94,83),(95,84),(96,85),(97,87),(98,88),(99,89),(100,90),(103,91),(104,92),(106,93),(108,94),(109,95),(110,96),(111,97),(112,98),(113,99),(115,100),(116,101),(117,102),(118,103),(122,104),(123,105),(124,106),(125,107),(126,108),(127,109),(128,110),(128,118),(129,111),(130,112),(131,113),(132,114),(133,115),(134,116),(135,117),(136,119),(137,120),(137,121),(138,122),(139,123),(140,124),(141,125),(142,126),(143,127),(144,128),(145,129),(146,130),(147,131),(147,135),(149,132),(150,133),(151,134),(168,136),(168,163),(168,172),(169,137),(169,139),(171,138),(172,140),(173,141),(173,145),(173,169),(174,142),(174,153),(175,143),(176,144),(177,146),(178,147),(180,155),(184,148),(185,149),(186,150),(187,151),(188,152),(189,156),(190,157),(191,158),(192,159),(193,160),(197,161),(198,164),(199,165),(200,166),(202,167),(204,168),(205,170),(206,171),(208,173),(209,174),(210,175),(211,176),(212,177),(213,178),(214,179),(215,180),(216,181),(217,182),(218,183),(219,184),(221,185),(222,186),(223,187),(224,188),(224,190),(225,189),(226,191),(227,192),(228,193),(229,194),(229,197),(230,195),(230,196),(231,198),(231,214),(234,199),(235,200),(236,201),(237,202),(238,203),(239,204),(239,208),(240,205),(241,206),(242,207),(244,209),(246,210),(247,211),(248,212),(252,213),(253,215),(254,216),(255,217),(257,218);
/*!40000 ALTER TABLE `artist_albums` ENABLE KEYS */;
UNLOCK TABLES;

--
-- Table structure for table `artist_aliases`
--

DROP TABLE IF EXISTS `artist_aliases`;
/*!40101 SET @saved_cs_client     = @@character_set_client */;
/*!40101 SET character_set_client = utf8 */;
CREATE TABLE `artist_aliases` (
  `artist_id` int(11) NOT NULL,
  `alias` varchar(255) NOT NULL,
  KEY `FK9fw37tjt9r1bbjs3q2gjw4t0r` (`artist_id`),
  CONSTRAINT `FK9fw37tjt9r1bbjs3q2gjw4t0r` FOREIGN KEY (`artist_id`) REFERENCES `artist` (`id`)
) ENGINE=InnoDB DEFAULT CHARSET=utf8;
/*!40101 SET character_set_client = @saved_cs_client */;

--
-- Dumping data for table `artist_aliases`
--

LOCK TABLES `artist_aliases` WRITE;
/*!40000 ALTER TABLE `artist_aliases` DISABLE KEYS */;
INSERT INTO `artist_aliases` VALUES (1,'Denver, John'),(1,'John Dennver'),(3,'Bacarra'),(3,'Baccara 2000'),(3,'Баккара'),(4,'The Village People'),(6,'Kansas City Bill Weldon'),(6,'Will Weldon'),(7,'Elvis'),(7,'Elvis A. Presley'),(7,'Elvis Aaron Presley'),(7,'Elvis Presley'),(7,'Presley Elvis'),(7,'Priesley'),(7,'The King of Rock and Roll'),(7,'Элвис Пресли'),(8,'Lucia Dalla'),(9,'The Jordanairs'),(10,'Eiji Kitamura'),(11,'De Gregori'),(11,'F. De Gregori'),(11,'Franvesco De Gregori'),(12,'Dave Mattews Band'),(12,'Matthews Band, Dave'),(12,'The Dave Matthews Band'),(12,'dave mathews band'),(12,'dmb'),(13,'Lou Read'),(13,'Lou Red'),(13,'Lou Ree'),(13,'Reed, Lou'),(14,'Raycharles LaMontagne'),(15,'Hillary Duff'),(16,'Kendall Francis Schmidt'),(17,'Jefferson Aeroplane'),(17,'Jefferson Airplaine'),(17,'Jefferson Airplane/Starship'),(17,'The Jefferson Airplane'),(18,'Belafonte Harry'),(18,'Harold George Belafonte, Jr.'),(18,'Harry Belefonte'),(18,'Harry Belfonte'),(18,'Harry Bellafonte'),(18,'Harry Thomas'),(18,'Henry Belafonte'),(20,'Jim Edward Brown'),(22,'Woodrow Wilson \"Red\" Sovine'),(25,'Giani Morandi'),(27,'Ke$ha'),(27,'Kesha'),(27,'Kesha Rose Sebert'),(28,'Andre 3000'),(30,'Avril Lavinge'),(30,'Avril Ramona Lavigne'),(30,'Avril Ramona Lavigne Kroeger'),(30,'Avril Ramona Lavigne Whibley'),(30,'アヴリル・ラヴィーン'),(31,'3 oh 3'),(31,'30H!3'),(31,'3CH!3'),(32,'Adetayo Ayowale Onile-Ere'),(32,'Jacob Milan Taio Cruz'),(32,'Tayo Onile-Ere'),(32,'Trio Cruz'),(34,'Tyrese Gibson'),(35,'Kelly, R.'),(35,'R Kelly'),(35,'R Kelly'),(35,'R-Kelly'),(35,'R. Kellly'),(35,'R.Kelly'),(35,'Robert Kelly'),(35,'Robert Sylvester Kelly'),(36,'Big Snoop Dogg'),(36,'Snoop'),(36,'Snoop Dogg'),(36,'Snoop Doggy'),(36,'Snoop Doggy Dog'),(36,'Snoop Doggy Dogg'),(39,'Sia Furler'),(39,'Sia Kate I. Furler'),(39,'Sia Kate Isobelle Furler'),(45,'Sampha Sisay'),(49,'Gaia Gozzi'),(52,'G-Easy'),(52,'Gerald Earl Gillum'),(54,'Adam Richard Wiles'),(54,'Adam Richard Wiles'),(54,'Adam Wiles'),(55,'H. Zimmer'),(55,'Hans Florian Zimmer'),(55,'Zimmer'),(57,'Bruce Frederick Joseph Springsteen'),(57,'Bruce Springteen'),(57,'Springsteen'),(57,'Springsteen, Bruce'),(57,'The Boss'),(58,'George Ezra Barnett'),(59,'サンタナ'),(61,'King James Britt'),(62,'King Brit Presents Sylk 130'),(62,'King Britt Pres. Sylk 130'),(62,'King Britt Presents Sylk 130'),(62,'SYLK130'),(62,'Silk 130'),(64,'Anna Bissi'),(64,'Anna Vissi'),(64,'Anna Vissy'),(65,'Josh Wink'),(65,'Josh Wink (DJ Wink)'),(65,'Josh Winx'),(65,'Winc'),(65,'Winks'),(65,'Winx'),(67,'Carey, Mariah'),(67,'M. Carey'),(67,'Mariah'),(67,'Mariah Carrey'),(67,'Mariah-Carey'),(67,'マライア・キャリー'),(68,'Dr. Brat'),(69,'Xcape'),(70,'Blackout All-Stars'),(70,'Blackout Allstars'),(70,'The Blackout All Stars'),(71,'Clubworld'),(71,'Robi Rob\'s Club World'),(71,'Robi Rob\'s Clubworld'),(71,'Robie Rob\'s Clubworld'),(74,'Arleta'),(75,'B. Streizande'),(75,'Barbara Joan Streisand'),(75,'Barbara Streisand'),(75,'Barbara Striesand'),(75,'Streisand Barbra'),(76,'B.Ādamss'),(76,'Brian Adams'),(76,'Bryan Guy Adams'),(80,'Destinys Child'),(80,'Destiny´s Child'),(80,'Destiny’s Child'),(81,'R. Reiser'),(82,'Nasir Jones'),(82,'Nass'),(82,'Scarlett'),(84,'J. R. Cash'),(84,'Johhny Cash'),(84,'John R. Cash'),(84,'Jonny Cash'),(86,'Lowe, Nick'),(86,'Nicholas Drain Lowe'),(87,'Costello, Elvis and the Attractions'),(87,'Elvis Costello and the Attractions'),(88,'Peter H. Brown'),(89,'Deneice Williams'),(89,'Denice Williams'),(89,'Denise Williams'),(89,'Williams, Deniece'),(92,'\"Mwandishi\" Herbie Hancock'),(92,'Hancock Herbie'),(92,'Hancock, Herbie'),(93,'Wham'),(93,'Wham! (feat. George Michael)'),(95,'CHUCK MANGIONE'),(96,'D. Gilmour'),(96,'Dave Gilmour'),(96,'David Gilmore'),(96,'David Jon Gilmour'),(97,'Buddy Jewll'),(98,'Dirty Dozen Brass Band'),(99,'Dion DiMucci'),(99,'Dion di Mucci'),(100,'Amerie Mi Marie Rogers'),(100,'Ameriie'),(101,'Carlton Thomas'),(102,'Eve Jihan Jeffers'),(102,'Eve Jihan Jeffers-Cooper'),(102,'Eve of Destruction'),(102,'Evve'),(103,'KoRn'),(103,'KoЯn'),(107,'Devin Star Tailes'),(109,'Tove Anna Linnéa Östman Styrke'),(110,'Immi'),(110,'Imogen Jennifer Jane Heap'),(110,'イモージェン・ヒープ'),(110,'伊莫金'),(111,'R E O Speedwagon'),(111,'REO Speedwagaon'),(112,'Cyco Nation'),(112,'S.T.'),(112,'ST'),(112,'Sucidal Tendencies'),(112,'Suicidal'),(112,'Suicidal Tendancies'),(113,'JACKSON MICHAEL JOE'),(113,'Michael Jackson'),(113,'Michael Joe Jackson'),(113,'Michael Joseph Jackson'),(113,'Michaël Jackson'),(113,'Micheal'),(113,'Michel Jackson'),(113,'Майкл Джексон'),(113,'マイケル・ジャクソン'),(113,'마이클 잭슨'),(114,'J. Timberlake'),(114,'Justin \"TENNMAN\" Timberlake'),(114,'Justin R. Timberlake'),(114,'Justine Timberlake'),(114,'Trousersnake'),(115,'Judas Prist'),(115,'Judus Priest'),(115,'ジューダス・プリースト'),(119,'Chuck D'),(119,'Mista Chuck'),(120,'Ice Cube'),(120,'O’Shea Jackson'),(120,'O’Shea Jackson, Sr.'),(122,'Front242'),(123,'インディゴ・ガールズ'),(127,'Ottmar Lieber + Luna Negra'),(127,'Ottmar Liebert + Luna Negra'),(127,'Ottmar Liebert and Luna Negra'),(128,'Ironmaiden'),(128,'Maiden'),(128,'鉄の処女'),(130,'Joaqu n Sabina'),(130,'Joaquin Sabina'),(130,'Sabina y Cía.'),(131,'María Dolores Flores Ruiz'),(132,'Michael Polnareff'),(132,'Michel Polnaref'),(134,'Sandi Patti'),(134,'Sandy Patty'),(135,'Choir'),(135,'Youth Choir'),(136,'Barbara Trzetrzelewska'),(136,'Basia Trzetrzelewska'),(136,'バーシア'),(137,'Hollies'),(138,'Flamin Groovies, The'),(138,'Flamin\' Groovies, The'),(138,'Flaming Groovies'),(138,'The Flamin\' Groovies'),(141,'Gun / Gunsight'),(141,'The Gun'),(143,'Jo Anne Kelly'),(143,'Jo-Ann Kelly'),(144,'Kaleidoscope (UK)'),(144,'The Kaleidoscope'),(146,'RHCP'),(146,'Red Hot Chilli Peppers'),(146,'Red Hot Chilly Peppers'),(146,'The Red Hot Chili Peppers'),(146,'The Red Hot Chilli Peppers'),(149,'The Head & The Heart'),(151,'Gorilaz'),(151,'Gorrilaz'),(152,'Vincent Staples'),(153,'Pevan Everett'),(153,'Peyan Everett'),(153,'Prevan Everett'),(155,'Dela Soul'),(155,'Delasoul'),(156,'Daniel Sewell'),(157,'Kelela'),(157,'Kelela Mizanekristos'),(158,'Crace Jones'),(158,'G. Jones'),(162,'Pusha'),(163,'Jaime Principle'),(166,'Benjamin Breakspeare'),(168,'(us 1) PRINCE'),(168,'Formerly Prince'),(168,'Joey Coco'),(168,'O(+>'),(168,'O(+>)'),(168,'Prince'),(168,'Prince Rogers Nelson'),(168,'Symbol'),(168,'T.A.F.K.A.P.'),(168,'The Artist Formerly Known as Prince'),(168,'The Love Symbol'),(168,'Ƭ̵̬̊'),(168,'♀♂'),(169,'Hybrid Theory'),(169,'Limkin Park'),(169,'Lincoln Park'),(169,'Xero'),(170,'Kiara Saulters'),(172,'Al Jarrean'),(172,'Al Jarreou'),(172,'Al Jerrau'),(172,'All Jarreau'),(172,'Alwyn Lopez Jarreau'),(172,'Jarreau, Al'),(173,'Rod Steward'),(173,'Roderick David Stewart'),(173,'Roderick Stewart'),(173,'Stewart, Rod'),(174,'Alice Cooper'),(174,'Vincent Damon Furnier'),(174,'アリス・クーパー'),(175,'Dire Straights'),(175,'Dire Straits (TH)'),(177,'Funkadellic'),(178,'Band'),(180,'Bernard Shakey'),(180,'Neil Percival Young'),(180,'Neil Young & The Shocking Pinks'),(180,'Neil Young-Neil And The Shocking Pinks'),(180,'Niel Young'),(181,'Joni Mitchel'),(181,'Joni Mitchell'),(181,'Roberta Joan Anderson'),(182,'Neil Daimond'),(182,'Neil Leslie Diamond'),(183,'Creaux'),(183,'DR.JOHN'),(183,'Doctor John'),(183,'Dr John'),(183,'Dr. John Mac Rebennack'),(183,'Dr. John, the Night Tripper'),(183,'John Creaux'),(183,'Malcolm John \"Mac\" Rebennack, Jr.'),(184,'Doobie Brothers'),(184,'Dooby Brothers'),(184,'The Dobbie Brothers'),(184,'The Doobie Bros'),(184,'The Doobie Bros.'),(184,'The Doobie Brother'),(184,'The Doobies'),(186,'Marc Bolan & T / Rex'),(186,'Marc Bolan & T-Rex'),(186,'Marc Bolan & T. Rex'),(186,'Marc Bolan & T.Rex'),(186,'Marc Bolan and T-Rex'),(186,'Marc Bolan and T. Rex'),(186,'Marc Boland & T Rex'),(186,'T Rex'),(186,'T Rex with Marc Bolan'),(186,'T-Rex'),(186,'T. Rex (Marc Bolin)'),(186,'T.Rex'),(186,'Tyrannosaurus Rex'),(187,'Tom Petty'),(187,'Tom Petty & the Heartbreakers'),(188,'Earl Vince and the Valiants'),(188,'Fleedwood Mac'),(188,'Fleetwood Mack'),(188,'Flettwood Mac'),(188,'Mac Fleetwood'),(188,'Peter Green\'s Fleetwood Mac'),(189,'Greatful Dead'),(189,'Greatfull Dead'),(189,'The Grateful Dead'),(190,'Russell Steagall'),(191,'Randy Crawford MAXI'),(191,'Veronica Crawford'),(193,'Emmilou Harris'),(193,'Harris, Emmylou Harris'),(194,'Waylon'),(194,'Waylon and the Waymore Blues Band'),(195,'Linda Maria Ronstadt'),(195,'Linda Rondstadt'),(195,'Linda Ronstad'),(195,'Linda Ronstat'),(196,'Dolly Parton and Friends'),(196,'Dolly Rebecca Parton'),(196,'Parton, Dolly'),(198,'Charles Thomas Johnston'),(198,'TOM JOHNSTON'),(200,'David Freizzell'),(202,'S. Grapelly'),(202,'Stepane Grappelli'),(202,'Stephan Grapelli'),(202,'Stephane Grapelli'),(202,'Stephane Grappelli'),(202,'Stephanie Grapelli'),(202,'Stephanie Grappelli'),(202,'Stéphane Grappelly'),(203,'Dave Grisman'),(205,'Mark Freuder Knopfler'),(205,'Mark Knofler'),(205,'Mark Knopfler & His Band'),(205,'Mark Nofler'),(205,'Марк Кнопфлер'),(207,'シーナ・イーストン'),(208,'Mark Lorenn O’Connor'),(208,'Mark O Conner'),(208,'Mark O\' Connor'),(208,'Mark O\'Conner'),(208,'Mike O\'Conner'),(210,'Ofra Chaza'),(210,'Ofra Haza'),(210,'Ofra Hazza'),(210,'Ofra Jaza'),(210,'Ofra Nasa'),(210,'Ofra_Haza'),(210,'Ophra Haza'),(210,'ofra haza'),(210,'עָפְרָה חָזָה'),(210,'עופרה חזה'),(212,'Manhattan Transfer'),(212,'Manhatten Transfer'),(212,'The Manhatten Transfer'),(213,'Chic Le'),(214,'Blues Brothers Band'),(214,'Blues Brothers Band, The'),(214,'Blues Brothers Showband'),(214,'The Blues Brothers'),(214,'The Blues Brothers Band'),(215,'AC'),(215,'AC DC'),(215,'AC-DC'),(215,'AC.DC'),(215,'AC?DC'),(215,'ACDC'),(215,'AC\\DC'),(215,'Ballbreaker'),(216,'イエス'),(217,'Klaus Doldinger & Passport'),(217,'Klaus Doldingers Passport'),(218,'Collins, Phil'),(218,'P. Collins'),(218,'Phil Colins'),(218,'Phill Collins'),(218,'Phillip Charles Collins'),(218,'Phillip David Charles Collins'),(219,'Christopher Russell Edward Squire'),(221,'Kaura Branigan'),(221,'Laura Ann Branigan'),(221,'Laura Branigan Kruteck'),(221,'Laura Brannigan'),(222,'Brandy -'),(222,'Bran’ Nu'),(223,'Bette Middler'),(223,'Bette Milder'),(223,'Bette Mildler'),(223,'Betty Midler'),(224,'Amos, Tori'),(224,'Myra Ellen Amos'),(224,'Torie Amos'),(226,'E. Papathanassiou'),(226,'Papathanassiou'),(226,'Papathanassiou, Vangelis'),(226,'Vangelis & Irene Papas'),(226,'Vangelis O. Papathanassiou'),(226,'Vangelis Papathanassiou'),(226,'Vangelis Papathanassiou & Irene Papas'),(226,'Vangelis Q. Papathanassiou'),(226,'Vangelis Remixed by Gutbrod'),(226,'Vangellis'),(226,'vangelis remixed gutbrod'),(226,'Βαγγέλης Παπαθανασίου'),(226,'ヴァンゲリス'),(227,'Sleez Beez'),(228,'Walter Mink'),(229,'Santo Gold'),(229,'Santogold'),(230,'Death Cab 4 Cutie'),(230,'Deathcab for Cutie'),(230,'dcfc'),(231,'Jason Mrraz'),(231,'Mraz, Jason'),(232,'Colbie Cailat'),(233,'James Morrison Catchpole'),(235,'Hadouken'),(237,'Eddie Harri'),(239,'Art Webb'),(239,'Arthur Webb'),(239,'Artie Webb'),(240,'Boney M'),(240,'Boney M. 2000'),(240,'Bony M'),(240,'Бони М'),(241,'Cherry, Don'),(242,'AWB'),(242,'The Average White Band'),(243,'B. E. King'),(243,'B.E. King'),(243,'Ben E King'),(243,'Ben E, King'),(243,'Ben E.King'),(243,'Ben. E. King'),(243,'Benjamin Earl King'),(243,'Benjamin Earl Nelson'),(243,'Benjamin Nelson'),(243,'King, Ben E.'),(244,'Fred Wesley and the Horny Horns'),(245,'M. Parker'),(245,'Macco Parker'),(246,'Baron Mingus & His Octet'),(246,'Charles Baron Mingus'),(246,'Charles Mingus Jazz Workshop'),(246,'Charles Mingus Octet'),(246,'Charles Mingus Sextet'),(246,'Charles Mingus Sextet With Eric Dolphy'),(246,'Charles Minugs'),(246,'Charlie Mingus'),(246,'Charlies Mingus'),(246,'Mingus, Charles'),(246,'The Charles Mingus Group'),(248,'\'Little\' Loius Vega'),(248,'LLV'),(248,'Lil\' Louie Vega'),(248,'Louie Vega'),(248,'Louis F. Vega'),(248,'Luis Vega'),(249,'Marc Antony'),(249,'Marco Antonio Muñiz'),(249,'Mark Anthony'),(250,'Ernesto Antonio Puente'),(250,'PUENTE, Tito'),(250,'Puente Tito'),(250,'Tito Puente & His Orchestra'),(250,'Tito Puente and his Latin Jazz Ensemble & Orchestra'),(250,'Tito Puente and his orchestra'),(250,'Tito Puente y son Orquestra'),(250,'Tito Puentes'),(250,'Tito Puento'),(251,'Eddie Palmeiri'),(251,'Eddie Palmiere'),(251,'Eddie Palmieri & Friends'),(251,'Eddie Palmieri & His Orchestra'),(251,'Eddie Palmieri and His Orchestra'),(253,'T.S.O.'),(253,'TSO'),(253,'The Trans-Siberian Orchestra'),(253,'Trans Siberian Orchestra'),(253,'Trans- Siberian Orchestra'),(256,'Ben Gibbard'),(256,'Benjamin D. Gibbard'),(257,'Music Soulchild'),(257,'Musiq'),(258,'St Vincent'),(259,'Victoria Garance Alixe Legrand');
/*!40000 ALTER TABLE `artist_aliases` ENABLE KEYS */;
UNLOCK TABLES;

--
-- Table structure for table `artist_followers`
--

DROP TABLE IF EXISTS `artist_followers`;
/*!40101 SET @saved_cs_client     = @@character_set_client */;
/*!40101 SET character_set_client = utf8 */;
CREATE TABLE `artist_followers` (
  `artist_id` int(11) NOT NULL,
  `follower_id` int(11) NOT NULL,
  PRIMARY KEY (`artist_id`,`follower_id`),
  KEY `follower_id` (`follower_id`),
  CONSTRAINT `artist_followers_ibfk_1` FOREIGN KEY (`artist_id`) REFERENCES `artist` (`id`) ON DELETE CASCADE,
  CONSTRAINT `artist_followers_ibfk_2` FOREIGN KEY (`follower_id`) REFERENCES `customer` (`id`) ON DELETE CASCADE
) ENGINE=InnoDB DEFAULT CHARSET=utf8;
/*!40101 SET character_set_client = @saved_cs_client */;

--
-- Dumping data for table `artist_followers`
--

LOCK TABLES `artist_followers` WRITE;
/*!40000 ALTER TABLE `artist_followers` DISABLE KEYS */;
/*!40000 ALTER TABLE `artist_followers` ENABLE KEYS */;
UNLOCK TABLES;

--
-- Table structure for table `artist_merchandise`
--

DROP TABLE IF EXISTS `artist_merchandise`;
/*!40101 SET @saved_cs_client     = @@character_set_client */;
/*!40101 SET character_set_client = utf8 */;
CREATE TABLE `artist_merchandise` (
  `id` int(11) NOT NULL AUTO_INCREMENT,
  `description` varchar(255) NOT NULL,
  `name` varchar(255) NOT NULL,
  `purchase_url` varchar(255) NOT NULL,
  `artist_id` int(11) NOT NULL,
  PRIMARY KEY (`id`),
  KEY `FK9kvrcx7so145dw76x3sgvydr5` (`artist_id`),
  CONSTRAINT `artist_merchandise_ibfk_1` FOREIGN KEY (`artist_id`) REFERENCES `artist` (`id`)
) ENGINE=InnoDB DEFAULT CHARSET=utf8;
/*!40101 SET character_set_client = @saved_cs_client */;

--
-- Dumping data for table `artist_merchandise`
--

LOCK TABLES `artist_merchandise` WRITE;
/*!40000 ALTER TABLE `artist_merchandise` DISABLE KEYS */;
/*!40000 ALTER TABLE `artist_merchandise` ENABLE KEYS */;
UNLOCK TABLES;

--
-- Table structure for table `artist_related_artists`
--

DROP TABLE IF EXISTS `artist_related_artists`;
/*!40101 SET @saved_cs_client     = @@character_set_client */;
/*!40101 SET character_set_client = utf8 */;
CREATE TABLE `artist_related_artists` (
  `artist_id` int(11) NOT NULL,
  `related_artists_id` int(11) NOT NULL,
  PRIMARY KEY (`artist_id`,`related_artists_id`),
  KEY `related_artists_id` (`related_artists_id`),
  CONSTRAINT `artist_related_artists_ibfk_1` FOREIGN KEY (`artist_id`) REFERENCES `artist` (`id`),
  CONSTRAINT `artist_related_artists_ibfk_2` FOREIGN KEY (`related_artists_id`) REFERENCES `artist` (`id`)
) ENGINE=InnoDB DEFAULT CHARSET=utf8;
/*!40101 SET character_set_client = @saved_cs_client */;

--
-- Dumping data for table `artist_related_artists`
--

LOCK TABLES `artist_related_artists` WRITE;
/*!40000 ALTER TABLE `artist_related_artists` DISABLE KEYS */;
/*!40000 ALTER TABLE `artist_related_artists` ENABLE KEYS */;
UNLOCK TABLES;

--
-- Table structure for table `artist_request`
--

DROP TABLE IF EXISTS `artist_request`;
/*!40101 SET @saved_cs_client     = @@character_set_client */;
/*!40101 SET character_set_client = utf8 */;
CREATE TABLE `artist_request` (
  `id` int(11) NOT NULL AUTO_INCREMENT,
  `created` datetime NOT NULL DEFAULT CURRENT_TIMESTAMP,
  `artist_id` int(11) NOT NULL,
  `label_id` int(11) NOT NULL,
  PRIMARY KEY (`id`),
  KEY `FKao8rt6ev7vc6p3ryo91bt662e` (`artist_id`),
  KEY `FK56nav087haspqlp3fiimjoa75` (`label_id`),
  CONSTRAINT `FKao8rt6ev7vc6p3ryo91bt662e` FOREIGN KEY (`artist_id`) REFERENCES `artist` (`id`),
  CONSTRAINT `artist_request_ibfk_1` FOREIGN KEY (`label_id`) REFERENCES `label_owner` (`id`)
) ENGINE=InnoDB DEFAULT CHARSET=utf8;
/*!40101 SET character_set_client = @saved_cs_client */;

--
-- Dumping data for table `artist_request`
--

LOCK TABLES `artist_request` WRITE;
/*!40000 ALTER TABLE `artist_request` DISABLE KEYS */;
/*!40000 ALTER TABLE `artist_request` ENABLE KEYS */;
UNLOCK TABLES;

--
-- Table structure for table `biography`
--

DROP TABLE IF EXISTS `biography`;
/*!40101 SET @saved_cs_client     = @@character_set_client */;
/*!40101 SET character_set_client = utf8 */;
CREATE TABLE `biography` (
  `id` int(11) NOT NULL,
  `text` text,
  PRIMARY KEY (`id`),
  CONSTRAINT `FKaaq3q74ww7n4cufqn8vwod44e` FOREIGN KEY (`id`) REFERENCES `artist` (`id`)
) ENGINE=InnoDB DEFAULT CHARSET=utf8;
/*!40101 SET character_set_client = @saved_cs_client */;

--
-- Dumping data for table `biography`
--

LOCK TABLES `biography` WRITE;
/*!40000 ALTER TABLE `biography` DISABLE KEYS */;
/*!40000 ALTER TABLE `biography` ENABLE KEYS */;
UNLOCK TABLES;

--
-- Table structure for table `biography_images`
--

DROP TABLE IF EXISTS `biography_images`;
/*!40101 SET @saved_cs_client     = @@character_set_client */;
/*!40101 SET character_set_client = utf8 */;
CREATE TABLE `biography_images` (
  `biography_id` int(11) NOT NULL,
  `image_id` int(11) NOT NULL,
  UNIQUE KEY `UK_mp16aowq1ptyq7pgjhd3uj6sj` (`image_id`),
  KEY `FK85o4yh702nhe9otgbis09k9vb` (`biography_id`),
  CONSTRAINT `FK85o4yh702nhe9otgbis09k9vb` FOREIGN KEY (`biography_id`) REFERENCES `biography` (`id`),
  CONSTRAINT `FKnr188x1qgav96xr73iedm1ujc` FOREIGN KEY (`image_id`) REFERENCES `image` (`id`)
) ENGINE=InnoDB DEFAULT CHARSET=utf8;
/*!40101 SET character_set_client = @saved_cs_client */;

--
-- Dumping data for table `biography_images`
--

LOCK TABLES `biography_images` WRITE;
/*!40000 ALTER TABLE `biography_images` DISABLE KEYS */;
/*!40000 ALTER TABLE `biography_images` ENABLE KEYS */;
UNLOCK TABLES;

--
-- Table structure for table `chart`
--

DROP TABLE IF EXISTS `chart`;
/*!40101 SET @saved_cs_client     = @@character_set_client */;
/*!40101 SET character_set_client = utf8 */;
CREATE TABLE `chart` (
  `date` datetime NOT NULL,
  `id` int(11) NOT NULL,
  `previous_chart_id` int(11) DEFAULT NULL,
  PRIMARY KEY (`id`),
  KEY `FKe3cwsgiy1wms3yd0mqiblkm7a` (`previous_chart_id`),
  CONSTRAINT `FK3dyu28f4geujii1ln3o6gu17c` FOREIGN KEY (`id`) REFERENCES `playlist` (`id`),
  CONSTRAINT `FKe3cwsgiy1wms3yd0mqiblkm7a` FOREIGN KEY (`previous_chart_id`) REFERENCES `chart` (`id`)
) ENGINE=InnoDB DEFAULT CHARSET=utf8;
/*!40101 SET character_set_client = @saved_cs_client */;

--
-- Dumping data for table `chart`
--

LOCK TABLES `chart` WRITE;
/*!40000 ALTER TABLE `chart` DISABLE KEYS */;
/*!40000 ALTER TABLE `chart` ENABLE KEYS */;
UNLOCK TABLES;

--
-- Table structure for table `concert`
--

DROP TABLE IF EXISTS `concert`;
/*!40101 SET @saved_cs_client     = @@character_set_client */;
/*!40101 SET character_set_client = utf8 */;
CREATE TABLE `concert` (
  `id` int(11) NOT NULL AUTO_INCREMENT,
  `active` bit(1) NOT NULL DEFAULT b'1',
  `created_date` datetime NOT NULL DEFAULT CURRENT_TIMESTAMP,
  `name` varchar(255) NOT NULL,
  `time` datetime NOT NULL,
  `image_id` int(11) DEFAULT NULL,
  `owner_id` int(11) DEFAULT NULL,
  `venue_id` int(11) DEFAULT NULL,
  PRIMARY KEY (`id`),
  KEY `FK7jenovp2ww39ssjyvvq7oigt2` (`image_id`),
  KEY `FKgijck1akuttcymxqhfd53bdyp` (`owner_id`),
  KEY `FKllw6cymtwrumecg1bcnsubw56` (`venue_id`),
  CONSTRAINT `FK7jenovp2ww39ssjyvvq7oigt2` FOREIGN KEY (`image_id`) REFERENCES `image` (`id`),
  CONSTRAINT `FKgijck1akuttcymxqhfd53bdyp` FOREIGN KEY (`owner_id`) REFERENCES `user` (`id`),
  CONSTRAINT `FKllw6cymtwrumecg1bcnsubw56` FOREIGN KEY (`venue_id`) REFERENCES `venue` (`id`)
) ENGINE=InnoDB DEFAULT CHARSET=utf8;
/*!40101 SET character_set_client = @saved_cs_client */;

--
-- Dumping data for table `concert`
--

LOCK TABLES `concert` WRITE;
/*!40000 ALTER TABLE `concert` DISABLE KEYS */;
/*!40000 ALTER TABLE `concert` ENABLE KEYS */;
UNLOCK TABLES;

--
-- Table structure for table `concert_line_up`
--

DROP TABLE IF EXISTS `concert_line_up`;
/*!40101 SET @saved_cs_client     = @@character_set_client */;
/*!40101 SET character_set_client = utf8 */;
CREATE TABLE `concert_line_up` (
  `concert_id` int(11) NOT NULL,
  `artist_id` int(11) NOT NULL,
  PRIMARY KEY (`concert_id`,`artist_id`),
  KEY `artist_id` (`artist_id`),
  CONSTRAINT `FKqwic4ej9nrox2hfeqsy5k22ll` FOREIGN KEY (`concert_id`) REFERENCES `concert` (`id`),
  CONSTRAINT `concert_line_up_ibfk_1` FOREIGN KEY (`artist_id`) REFERENCES `artist` (`id`)
) ENGINE=InnoDB DEFAULT CHARSET=utf8;
/*!40101 SET character_set_client = @saved_cs_client */;

--
-- Dumping data for table `concert_line_up`
--

LOCK TABLES `concert_line_up` WRITE;
/*!40000 ALTER TABLE `concert_line_up` DISABLE KEYS */;
/*!40000 ALTER TABLE `concert_line_up` ENABLE KEYS */;
UNLOCK TABLES;

--
-- Table structure for table `customer`
--

DROP TABLE IF EXISTS `customer`;
/*!40101 SET @saved_cs_client     = @@character_set_client */;
/*!40101 SET character_set_client = utf8 */;
CREATE TABLE `customer` (
  `birthday` datetime NOT NULL,
  `first_name` varchar(255) NOT NULL,
  `last_name` varchar(255) NOT NULL,
  `id` int(11) NOT NULL,
  `library_id` int(11) NOT NULL,
  `play_queue_id` int(11) NOT NULL,
  `profile_image_id` int(11) DEFAULT NULL,
  `subscription_id` int(11) DEFAULT NULL,
  PRIMARY KEY (`id`),
  KEY `FKl9r4verujnjudjivhni1nd4ym` (`library_id`),
  KEY `FKp427dndq05nhsvvdht5f531cq` (`play_queue_id`),
  KEY `FKfch8uho9nr0pf5p22ochdq001` (`profile_image_id`),
  KEY `FKbv6jvaps60yd0wm6qhb87p5ga` (`subscription_id`),
  CONSTRAINT `FKbv6jvaps60yd0wm6qhb87p5ga` FOREIGN KEY (`subscription_id`) REFERENCES `subscription` (`id`),
  CONSTRAINT `FKfch8uho9nr0pf5p22ochdq001` FOREIGN KEY (`profile_image_id`) REFERENCES `image` (`id`),
  CONSTRAINT `FKg2o3t8h0g17smtr9jgypagdtv` FOREIGN KEY (`id`) REFERENCES `user` (`id`),
  CONSTRAINT `FKp427dndq05nhsvvdht5f531cq` FOREIGN KEY (`play_queue_id`) REFERENCES `play_queue` (`id`),
  CONSTRAINT `customer_ibfk_1` FOREIGN KEY (`library_id`) REFERENCES `playlist` (`id`)
) ENGINE=InnoDB DEFAULT CHARSET=utf8;
/*!40101 SET character_set_client = @saved_cs_client */;

--
-- Dumping data for table `customer`
--

LOCK TABLES `customer` WRITE;
/*!40000 ALTER TABLE `customer` DISABLE KEYS */;
INSERT INTO `customer` VALUES ('1996-06-04 00:00:00','Brett','Porcelli',1,1,1,NULL,NULL),('1997-07-04 00:00:00','Jerrel','Sogoni',2,2,2,NULL,NULL),('1995-11-11 00:00:00','Daniel','Soh',3,3,3,NULL,NULL);
/*!40000 ALTER TABLE `customer` ENABLE KEYS */;
UNLOCK TABLES;

--
-- Table structure for table `customer_artists`
--

DROP TABLE IF EXISTS `customer_artists`;
/*!40101 SET @saved_cs_client     = @@character_set_client */;
/*!40101 SET character_set_client = utf8 */;
CREATE TABLE `customer_artists` (
  `customer_id` int(11) NOT NULL,
  `artist_id` int(11) NOT NULL,
  PRIMARY KEY (`customer_id`,`artist_id`),
  KEY `artist_id` (`artist_id`),
  CONSTRAINT `customer_artists_ibfk_1` FOREIGN KEY (`customer_id`) REFERENCES `customer` (`id`) ON DELETE CASCADE,
  CONSTRAINT `customer_artists_ibfk_2` FOREIGN KEY (`artist_id`) REFERENCES `artist` (`id`) ON DELETE CASCADE
) ENGINE=InnoDB DEFAULT CHARSET=utf8;
/*!40101 SET character_set_client = @saved_cs_client */;

--
-- Dumping data for table `customer_artists`
--

LOCK TABLES `customer_artists` WRITE;
/*!40000 ALTER TABLE `customer_artists` DISABLE KEYS */;
/*!40000 ALTER TABLE `customer_artists` ENABLE KEYS */;
UNLOCK TABLES;

--
-- Table structure for table `customer_followers`
--

DROP TABLE IF EXISTS `customer_followers`;
/*!40101 SET @saved_cs_client     = @@character_set_client */;
/*!40101 SET character_set_client = utf8 */;
CREATE TABLE `customer_followers` (
  `customer_id` int(11) NOT NULL,
  `follower_id` int(11) NOT NULL,
  PRIMARY KEY (`customer_id`,`follower_id`),
  KEY `follower_id` (`follower_id`),
  CONSTRAINT `customer_followers_ibfk_1` FOREIGN KEY (`customer_id`) REFERENCES `customer` (`id`) ON DELETE CASCADE,
  CONSTRAINT `customer_followers_ibfk_2` FOREIGN KEY (`follower_id`) REFERENCES `customer` (`id`) ON DELETE CASCADE
) ENGINE=InnoDB DEFAULT CHARSET=utf8;
/*!40101 SET character_set_client = @saved_cs_client */;

--
-- Dumping data for table `customer_followers`
--

LOCK TABLES `customer_followers` WRITE;
/*!40000 ALTER TABLE `customer_followers` DISABLE KEYS */;
/*!40000 ALTER TABLE `customer_followers` ENABLE KEYS */;
UNLOCK TABLES;

--
-- Table structure for table `customer_friends`
--

DROP TABLE IF EXISTS `customer_friends`;
/*!40101 SET @saved_cs_client     = @@character_set_client */;
/*!40101 SET character_set_client = utf8 */;
CREATE TABLE `customer_friends` (
  `customer_id` int(11) NOT NULL,
  `friend_id` int(11) NOT NULL,
  PRIMARY KEY (`customer_id`,`friend_id`),
  KEY `friend_id` (`friend_id`),
  CONSTRAINT `customer_friends_ibfk_1` FOREIGN KEY (`customer_id`) REFERENCES `customer` (`id`) ON DELETE CASCADE,
  CONSTRAINT `customer_friends_ibfk_2` FOREIGN KEY (`friend_id`) REFERENCES `customer` (`id`) ON DELETE CASCADE
) ENGINE=InnoDB DEFAULT CHARSET=utf8;
/*!40101 SET character_set_client = @saved_cs_client */;

--
-- Dumping data for table `customer_friends`
--

LOCK TABLES `customer_friends` WRITE;
/*!40000 ALTER TABLE `customer_friends` DISABLE KEYS */;
/*!40000 ALTER TABLE `customer_friends` ENABLE KEYS */;
UNLOCK TABLES;

--
-- Table structure for table `customer_playlists`
--

DROP TABLE IF EXISTS `customer_playlists`;
/*!40101 SET @saved_cs_client     = @@character_set_client */;
/*!40101 SET character_set_client = utf8 */;
CREATE TABLE `customer_playlists` (
  `customer_id` int(11) NOT NULL,
  `playlist_id` int(11) NOT NULL,
  PRIMARY KEY (`customer_id`,`playlist_id`),
  KEY `playlist_id` (`playlist_id`),
  CONSTRAINT `customer_playlists_ibfk_1` FOREIGN KEY (`customer_id`) REFERENCES `customer` (`id`) ON DELETE CASCADE,
  CONSTRAINT `customer_playlists_ibfk_2` FOREIGN KEY (`playlist_id`) REFERENCES `playlist` (`id`) ON DELETE CASCADE
) ENGINE=InnoDB DEFAULT CHARSET=utf8;
/*!40101 SET character_set_client = @saved_cs_client */;

--
-- Dumping data for table `customer_playlists`
--

LOCK TABLES `customer_playlists` WRITE;
/*!40000 ALTER TABLE `customer_playlists` DISABLE KEYS */;
/*!40000 ALTER TABLE `customer_playlists` ENABLE KEYS */;
UNLOCK TABLES;

--
-- Table structure for table `customer_preferences`
--

DROP TABLE IF EXISTS `customer_preferences`;
/*!40101 SET @saved_cs_client     = @@character_set_client */;
/*!40101 SET character_set_client = utf8 */;
CREATE TABLE `customer_preferences` (
  `customer_id` int(11) NOT NULL,
  `pref_value` varchar(255) DEFAULT NULL,
  `pref_key` varchar(255) NOT NULL,
  PRIMARY KEY (`customer_id`,`pref_key`),
  CONSTRAINT `FKgtc79fd21ph77dxs1vn6bke4e` FOREIGN KEY (`customer_id`) REFERENCES `customer` (`id`)
) ENGINE=InnoDB DEFAULT CHARSET=utf8;
/*!40101 SET character_set_client = @saved_cs_client */;

--
-- Dumping data for table `customer_preferences`
--

LOCK TABLES `customer_preferences` WRITE;
/*!40000 ALTER TABLE `customer_preferences` DISABLE KEYS */;
/*!40000 ALTER TABLE `customer_preferences` ENABLE KEYS */;
UNLOCK TABLES;

--
-- Table structure for table `genre`
--

DROP TABLE IF EXISTS `genre`;
/*!40101 SET @saved_cs_client     = @@character_set_client */;
/*!40101 SET character_set_client = utf8 */;
CREATE TABLE `genre` (
  `id` int(11) NOT NULL AUTO_INCREMENT,
  `name` varchar(255) NOT NULL,
  `image_id` int(11) NOT NULL,
  PRIMARY KEY (`id`),
  UNIQUE KEY `name` (`name`),
  KEY `image_id` (`image_id`),
  CONSTRAINT `genre_ibfk_1` FOREIGN KEY (`image_id`) REFERENCES `image` (`id`)
) ENGINE=InnoDB AUTO_INCREMENT=870 DEFAULT CHARSET=utf8;
/*!40101 SET character_set_client = @saved_cs_client */;

--
-- Dumping data for table `genre`
--

LOCK TABLES `genre` WRITE;
/*!40000 ALTER TABLE `genre` DISABLE KEYS */;
INSERT INTO `genre` VALUES (836,'A Cappella',1174),(837,'Acoustic',1175),(838,'Alternative',1176),(839,'Big Band',1177),(840,'Blues',1178),(841,'Chill',1179),(842,'Christian',1180),(843,'Classical',1181),(844,'Comedy',1182),(845,'Country',1183),(846,'Dance',1184),(847,'Electronic',1185),(848,'Easy Listening',1186),(849,'Experimental',1187),(850,'Funk',1188),(851,'Hip Hop',1189),(852,'Holiday',1190),(853,'Indie',1191),(854,'Instrumental',1192),(855,'Jazz',1193),(856,'Metal',1194),(857,'Oldies',1195),(858,'Other',1196),(859,'Party',1197),(860,'Word',1198),(861,'Pop',1199),(862,'Psychedelic',1200),(863,'Punk',1201),(864,'R&B',1202),(865,'Reggae',1203),(866,'Rock',1204),(867,'Roots & Folk',1205),(868,'Show Tunes',1206),(869,'Soul',1207);
/*!40000 ALTER TABLE `genre` ENABLE KEYS */;
UNLOCK TABLES;

--
-- Table structure for table `hibernate_sequence`
--

DROP TABLE IF EXISTS `hibernate_sequence`;
/*!40101 SET @saved_cs_client     = @@character_set_client */;
/*!40101 SET character_set_client = utf8 */;
CREATE TABLE `hibernate_sequence` (
  `next_val` bigint(20) DEFAULT NULL
) ENGINE=InnoDB DEFAULT CHARSET=utf8;
/*!40101 SET character_set_client = @saved_cs_client */;

--
-- Dumping data for table `hibernate_sequence`
--

LOCK TABLES `hibernate_sequence` WRITE;
/*!40000 ALTER TABLE `hibernate_sequence` DISABLE KEYS */;
INSERT INTO `hibernate_sequence` VALUES (1999);
/*!40000 ALTER TABLE `hibernate_sequence` ENABLE KEYS */;
UNLOCK TABLES;

--
-- Table structure for table `image`
--

DROP TABLE IF EXISTS `image`;
/*!40101 SET @saved_cs_client     = @@character_set_client */;
/*!40101 SET character_set_client = utf8 */;
CREATE TABLE `image` (
  `id` int(11) NOT NULL AUTO_INCREMENT,
  `path` varchar(255) NOT NULL,
  PRIMARY KEY (`id`)
) ENGINE=InnoDB AUTO_INCREMENT=1443 DEFAULT CHARSET=utf8;
/*!40101 SET character_set_client = @saved_cs_client */;

--
-- Dumping data for table `image`
--

LOCK TABLES `image` WRITE;
/*!40000 ALTER TABLE `image` DISABLE KEYS */;
INSERT INTO `image` VALUES (1174,'images/genre/doo-wop.jpg'),(1175,'images/genre/acoustic.jpg'),(1176,'images/genre/alternative.jpg'),(1177,'images/genre/big-band.jpg'),(1178,'images/genre/blues.jpg'),(1179,'images/genre/chill.jpg'),(1180,'images/genre/christian.jpg'),(1181,'images/genre/classical.jpg'),(1182,'images/genre/comedy.jpg'),(1183,'images/genre/country.jpg'),(1184,'images/genre/dance.jpg'),(1185,'images/genre/electronic.jpg'),(1186,'images/genre/easy-listening.jpg'),(1187,'images/genre/experimental.jpg'),(1188,'images/genre/funk.jpg'),(1189,'images/genre/hip-hop.jpg'),(1190,'images/genre/holiday.jpg'),(1191,'images/genre/indie.jpg'),(1192,'images/genre/instrumental.jpg'),(1193,'images/genre/jazz.jpg'),(1194,'images/genre/metal.jpg'),(1195,'images/genre/oldies.jpg'),(1196,'images/genre/other.jpg'),(1197,'images/genre/party.jpg'),(1198,'images/genre/word.jpg'),(1199,'images/genre/pop.jpg'),(1200,'images/genre/psychedelic.jpg'),(1201,'images/genre/punk.jpg'),(1202,'images/genre/rnb.jpg'),(1203,'images/genre/reggae.jpg'),(1204,'images/genre/rock.jpg'),(1205,'images/genre/roots-folk.jpg'),(1206,'images/genre/show-tunes.jpg'),(1207,'images/genre/soul.jpg'),(1317,'images/album/1511144368.jpg'),(1318,'images/album/1511144382.jpg'),(1319,'images/album/1511144420.jpg'),(1320,'images/album/1511144425.jpg'),(1321,'images/album/1511144485.jpg'),(1322,'images/album/1511144526.jpg'),(1323,'images/album/1511144538.jpg'),(1324,'images/album/1511144556.jpg'),(1325,'images/album/1511144584.jpg'),(1326,'images/album/1511144597.jpg'),(1327,'images/album/1511144628.jpg'),(1328,'images/album/1511144647.jpg'),(1329,'images/album/1511144690.jpg'),(1330,'images/album/1511144720.jpg'),(1331,'images/album/1511144733.jpg'),(1332,'images/album/1511144734.jpg'),(1333,'images/album/1511144739.jpg'),(1334,'images/album/1511144767.jpg'),(1335,'images/album/1511144775.jpg'),(1336,'images/album/1511144780.jpg'),(1337,'images/album/1511144802.jpg'),(1338,'images/album/1511144838.jpg'),(1339,'images/album/1511144850.jpg'),(1340,'images/album/1511144854.jpg'),(1341,'images/album/1511144875.jpg'),(1342,'images/album/1511144897.jpg'),(1343,'images/album/1511144903.jpg'),(1344,'images/album/1511144910.jpg'),(1345,'images/album/1511144921.jpg'),(1346,'images/album/1511144931.jpg'),(1347,'images/album/1511144935.jpg'),(1348,'images/album/1511144945.jpg'),(1349,'images/album/1511144949.jpg'),(1350,'images/album/1511144972.jpg'),(1351,'images/album/1511144983.jpg'),(1352,'images/album/1511144996.jpg'),(1353,'images/album/1511145016.jpg'),(1354,'images/album/1511145030.jpg'),(1355,'images/album/1511145041.jpg'),(1356,'images/album/1511145054.jpg'),(1357,'images/album/1511145064.jpg'),(1358,'images/album/1511145072.jpg'),(1359,'images/album/1511145076.jpg'),(1360,'images/album/1511145080.jpg'),(1361,'images/album/1511145089.jpg'),(1362,'images/album/1511145142.jpg'),(1363,'images/album/1511145166.jpg'),(1364,'images/album/1511145196.jpg'),(1365,'images/album/1511145219.jpg'),(1366,'images/album/1511145233.jpg'),(1367,'images/album/1511145249.jpg'),(1368,'images/album/1511145258.jpg'),(1369,'images/album/1511145273.jpg'),(1370,'images/album/1511145294.jpg'),(1371,'images/album/1511145325.jpg'),(1372,'images/album/1511145401.jpg'),(1373,'images/album/1511145406.jpg'),(1374,'images/album/1511145433.jpg'),(1375,'images/album/1511145454.jpg'),(1376,'images/album/1511145460.jpg'),(1377,'images/album/1511145478.jpg'),(1378,'images/album/1511145516.jpg'),(1379,'images/album/1511145540.jpg'),(1380,'images/album/1511145555.jpg'),(1381,'images/album/1511145606.jpg'),(1382,'images/album/1511145619.jpg'),(1383,'images/album/1511145649.jpg'),(1384,'images/album/1511145660.jpg'),(1385,'images/album/1511145689.jpg'),(1386,'images/album/1511145740.jpg'),(1387,'images/album/1511145807.jpg'),(1388,'images/album/1511145869.jpg'),(1389,'images/album/1511145895.jpg'),(1390,'images/album/1511145898.jpg'),(1391,'images/album/1511145913.jpg'),(1392,'images/album/1511145945.jpg'),(1393,'images/album/1511145958.jpg'),(1394,'images/album/1511145961.jpg'),(1395,'images/album/1511145964.jpg'),(1396,'images/album/1511145970.jpg'),(1397,'images/album/1511145992.jpg'),(1398,'images/album/1511145993.jpg'),(1399,'images/album/1511145998.jpg'),(1400,'images/album/1511146030.jpg'),(1401,'images/album/1511146043.jpg'),(1402,'images/album/1511146065.jpg'),(1403,'images/album/1511146082.jpg'),(1404,'images/album/1511146110.jpg'),(1405,'images/album/1511146170.jpg'),(1406,'images/album/1511146176.jpg'),(1407,'images/album/1511146205.jpg'),(1408,'images/album/1511146227.jpg'),(1409,'images/album/1511146240.jpg'),(1410,'images/album/1511146251.jpg'),(1411,'images/album/1511146271.jpg'),(1412,'images/album/1511146289.jpg'),(1413,'images/album/1511146330.jpg'),(1414,'images/album/1511146361.jpg'),(1415,'images/album/1511146397.jpg'),(1416,'images/album/1511146399.jpg'),(1417,'images/album/1511146418.jpg'),(1418,'images/album/1511146441.jpg'),(1419,'images/album/1511146465.jpg'),(1420,'images/album/1511146481.jpg'),(1421,'images/album/1511146492.jpg'),(1422,'images/album/1511146502.jpg'),(1423,'images/album/1511146528.jpg'),(1424,'images/album/1511146551.jpg'),(1425,'images/album/1511146570.jpg'),(1426,'images/album/1511146572.jpg'),(1427,'images/album/1511146603.jpg'),(1428,'images/album/1511146623.jpg'),(1429,'images/album/1511146640.jpg'),(1430,'images/album/1511146684.jpg'),(1431,'images/album/1511146688.jpg'),(1432,'images/album/1511146701.jpg'),(1433,'images/album/1511146725.jpg'),(1434,'images/album/1511146739.jpg'),(1435,'images/album/1511146758.jpg'),(1436,'images/album/1511146773.jpg'),(1437,'images/album/1511146783.jpg'),(1438,'images/album/1511146792.jpg'),(1439,'images/album/1511146826.jpg'),(1440,'images/album/1511146871.jpg'),(1441,'images/album/1511146888.jpg'),(1442,'images/album/1511146948.jpg');
/*!40000 ALTER TABLE `image` ENABLE KEYS */;
UNLOCK TABLES;

--
-- Table structure for table `label`
--

DROP TABLE IF EXISTS `label`;
/*!40101 SET @saved_cs_client     = @@character_set_client */;
/*!40101 SET character_set_client = utf8 */;
CREATE TABLE `label` (
  `id` int(11) NOT NULL AUTO_INCREMENT,
  `mbid` char(36) NOT NULL,
  `name` varchar(255) NOT NULL,
  `address_id` int(11) NOT NULL,
  `owner_id` int(11) DEFAULT NULL,
  PRIMARY KEY (`id`),
  KEY `address_id` (`address_id`),
  KEY `owner_id` (`owner_id`),
  CONSTRAINT `label_ibfk_1` FOREIGN KEY (`address_id`) REFERENCES `address` (`id`),
  CONSTRAINT `label_ibfk_2` FOREIGN KEY (`owner_id`) REFERENCES `label_owner` (`id`)
) ENGINE=InnoDB AUTO_INCREMENT=6 DEFAULT CHARSET=utf8;
/*!40101 SET character_set_client = @saved_cs_client */;

--
-- Dumping data for table `label`
--

LOCK TABLES `label` WRITE;
/*!40000 ALTER TABLE `label` DISABLE KEYS */;
INSERT INTO `label` VALUES (1,'1ca5ed29-e00b-4ea5-b817-0bcca0e04946','RCA',1,NULL),(2,'011d1192-6f65-45bd-85c4-0400dd45693e','Columbia',2,NULL),(3,'8f638ddb-131a-4cc3-b3d4-7ebdac201b55','Epic',3,NULL),(4,'c595c289-47ce-4fba-b999-b87503e8cb71','Warner Bros.',4,NULL),(5,'50c384a2-0b44-401b-b893-8181173339c7','Atlantic',5,NULL);
/*!40000 ALTER TABLE `label` ENABLE KEYS */;
UNLOCK TABLES;

--
-- Table structure for table `label_owner`
--

DROP TABLE IF EXISTS `label_owner`;
/*!40101 SET @saved_cs_client     = @@character_set_client */;
/*!40101 SET character_set_client = utf8 */;
CREATE TABLE `label_owner` (
  `id` int(11) NOT NULL,
  PRIMARY KEY (`id`),
  CONSTRAINT `label_owner_ibfk_1` FOREIGN KEY (`id`) REFERENCES `user` (`id`)
) ENGINE=InnoDB DEFAULT CHARSET=utf8;
/*!40101 SET character_set_client = @saved_cs_client */;

--
-- Dumping data for table `label_owner`
--

LOCK TABLES `label_owner` WRITE;
/*!40000 ALTER TABLE `label_owner` DISABLE KEYS */;
/*!40000 ALTER TABLE `label_owner` ENABLE KEYS */;
UNLOCK TABLES;

--
-- Table structure for table `label_song`
--

DROP TABLE IF EXISTS `label_song`;
/*!40101 SET @saved_cs_client     = @@character_set_client */;
/*!40101 SET character_set_client = utf8 */;
CREATE TABLE `label_song` (
  `label_id` int(11) NOT NULL,
  `song_id` int(11) NOT NULL,
  PRIMARY KEY (`label_id`,`song_id`),
  UNIQUE KEY `song_id` (`song_id`),
  CONSTRAINT `label_song_ibfk_1` FOREIGN KEY (`label_id`) REFERENCES `label` (`id`),
  CONSTRAINT `label_song_ibfk_2` FOREIGN KEY (`song_id`) REFERENCES `song` (`id`)
) ENGINE=InnoDB DEFAULT CHARSET=utf8;
/*!40101 SET character_set_client = @saved_cs_client */;

--
-- Dumping data for table `label_song`
--

LOCK TABLES `label_song` WRITE;
/*!40000 ALTER TABLE `label_song` DISABLE KEYS */;
INSERT INTO `label_song` VALUES (1,1),(1,2),(1,3),(1,4),(1,5),(1,6),(1,7),(1,8),(1,9),(1,10),(1,11),(1,12),(1,13),(1,14),(1,15),(1,16),(1,17),(1,18),(1,19),(1,20),(1,21),(1,22),(1,23),(1,24),(1,25),(1,26),(1,27),(1,28),(1,29),(1,30),(1,31),(1,32),(1,33),(1,34),(1,35),(1,36),(1,37),(1,38),(1,39),(1,40),(1,41),(1,42),(1,43),(1,44),(1,45),(1,46),(1,47),(1,48),(1,49),(1,50),(1,51),(1,52),(1,53),(1,54),(1,55),(1,56),(1,57),(1,58),(1,59),(1,60),(1,61),(1,62),(1,63),(1,64),(1,65),(1,66),(1,67),(1,68),(1,69),(1,70),(1,71),(1,72),(1,73),(1,74),(1,75),(1,76),(1,77),(1,78),(1,79),(1,80),(1,81),(1,82),(1,83),(1,84),(1,85),(1,86),(1,87),(1,88),(1,89),(1,90),(1,91),(1,92),(1,93),(1,94),(1,95),(1,96),(1,97),(1,98),(1,99),(1,100),(1,101),(1,102),(1,103),(1,104),(1,105),(1,106),(1,107),(1,108),(1,109),(1,110),(1,111),(1,112),(1,113),(1,114),(1,115),(1,116),(1,117),(1,118),(1,119),(1,120),(1,121),(1,122),(1,123),(1,124),(1,125),(1,126),(1,127),(1,128),(1,129),(1,130),(1,131),(1,132),(1,133),(1,134),(1,135),(1,136),(1,137),(1,138),(1,139),(1,140),(1,141),(1,142),(1,143),(1,144),(1,145),(1,146),(1,147),(1,148),(1,149),(1,150),(1,151),(1,152),(1,153),(1,154),(1,155),(1,156),(1,157),(1,158),(1,159),(1,160),(1,161),(1,162),(1,163),(1,164),(1,165),(1,166),(1,167),(1,168),(1,169),(1,170),(1,171),(1,172),(1,173),(1,174),(1,175),(1,176),(1,177),(1,178),(1,179),(1,180),(1,181),(1,182),(1,183),(1,184),(1,185),(1,186),(1,187),(1,188),(1,189),(1,190),(1,191),(1,192),(1,193),(1,194),(1,195),(1,196),(1,197),(1,198),(1,199),(1,200),(1,201),(1,202),(1,203),(1,204),(1,205),(1,206),(1,207),(1,208),(1,209),(1,210),(1,211),(1,212),(1,213),(1,214),(1,215),(1,216),(1,217),(1,218),(1,219),(1,220),(1,221),(1,222),(1,223),(1,224),(1,225),(1,226),(1,227),(1,228),(1,229),(1,230),(1,231),(1,232),(1,233),(1,234),(1,235),(1,236),(1,237),(1,238),(1,239),(1,240),(1,241),(1,242),(1,243),(1,244),(1,245),(1,246),(1,247),(1,248),(1,249),(1,250),(1,251),(1,252),(1,253),(1,254),(1,255),(1,256),(1,257),(1,258),(1,259),(1,260),(1,261),(1,262),(1,263),(1,264),(1,265),(1,266),(1,267),(1,268),(1,269),(1,270),(1,271),(1,272),(1,273),(1,274),(1,275),(1,276),(1,277),(1,278),(1,279),(1,280),(1,281),(1,282),(1,283),(1,284),(1,285),(1,286),(1,287),(1,288),(1,289),(1,290),(1,291),(1,292),(1,293),(1,294),(1,295),(1,296),(1,297),(1,298),(1,299),(1,300),(1,301),(1,302),(1,303),(1,304),(1,305),(1,306),(1,307),(1,308),(1,309),(1,310),(1,311),(1,312),(1,313),(1,314),(1,315),(1,316),(1,317),(1,318),(1,319),(1,320),(1,321),(1,322),(1,323),(1,324),(1,325),(1,326),(1,327),(1,328),(1,329),(1,330),(1,331),(1,332),(1,333),(1,334),(1,335),(1,336),(1,337),(1,338),(1,339),(1,340),(1,341),(1,342),(1,343),(1,344),(1,345),(1,346),(1,347),(1,348),(1,349),(1,350),(1,351),(1,352),(1,353),(1,354),(1,355),(1,356),(1,357),(1,358),(1,359),(1,360),(1,361),(1,362),(1,363),(1,364),(1,365),(1,366),(1,367),(1,368),(1,369),(1,370),(1,371),(1,372),(1,373),(1,374),(1,375),(1,376),(1,377),(1,378),(1,379),(1,380),(1,381),(1,382),(1,383),(1,384),(1,385),(1,386),(1,387),(1,388),(1,389),(1,390),(1,391),(1,392),(1,393),(1,394),(1,395),(1,396),(1,397),(1,398),(1,399),(1,400),(1,401),(1,402),(1,403),(1,404),(1,405),(1,406),(1,407),(1,408),(1,409),(1,410),(1,411),(1,412),(1,413),(1,414),(1,415),(1,416),(1,417),(1,418),(1,419),(1,420),(1,421),(1,422),(1,423),(1,424),(1,425),(1,426),(1,427),(1,428),(1,429),(1,430),(1,431),(1,432),(1,433),(2,434),(2,435),(2,436),(2,437),(2,438),(2,439),(2,440),(2,441),(2,442),(2,443),(2,444),(2,445),(2,446),(2,447),(2,448),(2,449),(2,450),(2,451),(2,452),(2,453),(2,454),(2,455),(2,456),(2,457),(2,458),(2,459),(2,460),(2,461),(2,462),(2,463),(2,464),(2,465),(2,466),(2,467),(2,468),(2,469),(2,470),(2,471),(2,472),(2,473),(2,474),(2,475),(2,476),(2,477),(2,478),(2,479),(2,480),(2,481),(2,482),(2,483),(2,484),(2,485),(2,486),(2,487),(2,488),(2,489),(2,490),(2,491),(2,492),(2,493),(2,494),(2,495),(2,496),(2,497),(2,498),(2,499),(2,500),(2,501),(2,502),(2,503),(2,504),(2,505),(2,506),(2,507),(2,508),(2,509),(2,510),(2,511),(2,512),(2,513),(2,514),(2,515),(2,516),(2,517),(2,518),(2,519),(2,520),(2,521),(2,522),(2,523),(2,524),(2,525),(2,526),(2,527),(2,528),(2,529),(2,530),(2,531),(2,532),(2,533),(2,534),(2,535),(2,536),(2,537),(2,538),(2,539),(2,540),(2,541),(2,542),(2,543),(2,544),(2,545),(2,546),(2,547),(2,548),(2,549),(2,550),(2,551),(2,552),(2,553),(2,554),(2,555),(2,556),(2,557),(2,558),(2,559),(2,560),(2,561),(2,562),(2,563),(2,564),(2,565),(2,566),(2,567),(2,568),(2,569),(2,570),(2,571),(2,572),(2,573),(2,574),(2,575),(2,576),(2,577),(2,578),(2,579),(2,580),(2,581),(2,582),(2,583),(2,584),(2,585),(2,586),(2,587),(2,588),(2,589),(2,590),(2,591),(2,592),(2,593),(2,594),(2,595),(2,596),(2,597),(2,598),(2,599),(2,600),(2,601),(2,602),(2,603),(2,604),(2,605),(2,606),(2,607),(2,608),(2,609),(2,610),(2,611),(2,612),(2,613),(2,614),(2,615),(2,616),(2,617),(2,618),(2,619),(2,620),(2,621),(2,622),(2,623),(2,624),(2,625),(2,626),(2,627),(2,628),(2,629),(2,630),(2,631),(2,632),(2,633),(2,634),(2,635),(2,636),(2,637),(2,638),(2,639),(2,640),(2,641),(2,642),(2,643),(2,644),(2,645),(2,646),(2,647),(2,648),(2,649),(2,650),(2,651),(2,652),(2,653),(2,654),(2,655),(2,656),(2,657),(2,658),(2,659),(2,660),(2,661),(2,662),(2,663),(2,664),(2,665),(2,666),(2,667),(2,668),(2,669),(2,670),(2,671),(2,672),(2,673),(2,674),(2,675),(2,676),(2,677),(2,678),(2,679),(2,680),(2,681),(2,682),(2,683),(2,684),(2,685),(2,686),(2,687),(2,688),(2,689),(2,690),(2,691),(2,692),(2,693),(2,694),(2,695),(2,696),(2,697),(2,698),(2,699),(2,700),(2,701),(2,702),(2,703),(2,704),(2,705),(2,706),(2,707),(2,708),(2,709),(2,710),(2,711),(2,712),(2,713),(2,714),(2,715),(2,716),(2,717),(2,718),(2,719),(2,720),(2,721),(2,722),(2,723),(2,724),(2,725),(2,726),(2,727),(2,728),(2,729),(2,730),(2,731),(2,732),(2,733),(2,734),(2,735),(2,736),(2,737),(2,738),(2,739),(2,740),(2,741),(2,742),(2,743),(2,744),(2,745),(2,746),(2,747),(2,748),(2,749),(2,750),(2,751),(2,752),(2,753),(2,754),(2,755),(2,756),(2,757),(2,758),(2,759),(2,760),(2,761),(2,762),(2,763),(2,764),(2,765),(2,766),(2,767),(2,768),(2,769),(2,770),(2,771),(2,772),(2,773),(2,774),(2,775),(2,776),(2,777),(2,778),(3,779),(3,780),(3,781),(3,782),(3,783),(3,784),(3,785),(3,786),(3,787),(3,788),(3,789),(3,790),(3,791),(3,792),(3,793),(3,794),(3,795),(3,796),(3,797),(3,798),(3,799),(3,800),(3,801),(3,802),(3,803),(3,804),(3,805),(3,806),(3,807),(3,808),(3,809),(3,810),(3,811),(3,812),(3,813),(3,814),(3,815),(3,816),(3,817),(3,818),(3,819),(3,820),(3,821),(3,822),(3,823),(3,824),(3,825),(3,826),(3,827),(3,828),(3,829),(3,830),(3,831),(3,832),(3,833),(3,834),(3,835),(3,836),(3,837),(3,838),(3,839),(3,840),(3,841),(3,842),(3,843),(3,844),(3,845),(3,846),(3,847),(3,848),(3,849),(3,850),(3,851),(3,852),(3,853),(3,854),(3,855),(3,856),(3,857),(3,858),(3,859),(3,860),(3,861),(3,862),(3,863),(3,864),(3,865),(3,866),(3,867),(3,868),(3,869),(3,870),(3,871),(3,872),(3,873),(3,874),(3,875),(3,876),(3,877),(3,878),(3,879),(3,880),(3,881),(3,882),(3,883),(3,884),(3,885),(3,886),(3,887),(3,888),(3,889),(3,890),(3,891),(3,892),(3,893),(3,894),(3,895),(3,896),(3,897),(3,898),(3,899),(3,900),(3,901),(3,902),(3,903),(3,904),(3,905),(3,906),(3,907),(3,908),(3,909),(3,910),(3,911),(3,912),(3,913),(3,914),(3,915),(3,916),(3,917),(3,918),(3,919),(3,920),(3,921),(3,922),(3,923),(3,924),(3,925),(3,926),(3,927),(3,928),(3,929),(3,930),(3,931),(3,932),(3,933),(3,934),(3,935),(3,936),(3,937),(3,938),(3,939),(3,940),(3,941),(3,942),(3,943),(3,944),(3,945),(3,946),(3,947),(3,948),(3,949),(3,950),(3,951),(3,952),(3,953),(3,954),(3,955),(3,956),(3,957),(3,958),(3,959),(3,960),(3,961),(3,962),(3,963),(3,964),(3,965),(3,966),(3,967),(3,968),(3,969),(3,970),(3,971),(3,972),(3,973),(3,974),(3,975),(3,976),(3,977),(3,978),(3,979),(3,980),(3,981),(3,982),(3,983),(3,984),(3,985),(3,986),(3,987),(3,988),(3,989),(3,990),(3,991),(3,992),(3,993),(3,994),(3,995),(3,996),(3,997),(3,998),(3,999),(3,1000),(3,1001),(3,1002),(3,1003),(3,1004),(3,1005),(3,1006),(3,1007),(3,1008),(3,1009),(3,1010),(3,1011),(3,1012),(3,1013),(3,1014),(3,1015),(3,1016),(3,1017),(3,1018),(3,1019),(3,1020),(3,1021),(3,1022),(3,1023),(3,1024),(3,1025),(3,1026),(3,1027),(3,1028),(3,1029),(3,1030),(3,1031),(3,1032),(3,1033),(3,1034),(3,1035),(3,1036),(3,1037),(3,1038),(3,1039),(3,1040),(3,1041),(3,1042),(3,1043),(3,1044),(3,1045),(3,1046),(3,1047),(3,1048),(3,1049),(3,1050),(3,1051),(3,1052),(3,1053),(3,1054),(3,1055),(3,1056),(3,1057),(3,1058),(3,1059),(3,1060),(3,1061),(3,1062),(3,1063),(3,1064),(3,1065),(3,1066),(3,1067),(3,1068),(3,1069),(3,1070),(3,1071),(3,1072),(3,1073),(3,1074),(3,1075),(3,1076),(3,1077),(3,1078),(3,1079),(3,1080),(3,1081),(3,1082),(3,1083),(3,1084),(3,1085),(3,1086),(3,1087),(3,1088),(3,1089),(3,1090),(3,1091),(3,1092),(3,1093),(3,1094),(3,1095),(3,1096),(3,1097),(3,1098),(3,1099),(3,1100),(3,1101),(3,1102),(3,1103),(3,1104),(3,1105),(3,1106),(3,1107),(3,1108),(3,1109),(3,1110),(3,1111),(3,1112),(3,1113),(3,1114),(3,1115),(3,1116),(3,1117),(3,1118),(3,1119),(3,1120),(3,1121),(3,1122),(3,1123),(3,1124),(3,1125),(3,1126),(3,1127),(3,1128),(3,1129),(3,1130),(3,1131),(3,1132),(3,1133),(3,1134),(3,1135),(3,1136),(3,1137),(3,1138),(3,1139),(3,1140),(3,1141),(3,1142),(3,1143),(3,1144),(3,1145),(3,1146),(3,1147),(3,1148),(3,1149),(3,1150),(3,1151),(3,1152),(3,1153),(3,1154),(3,1155),(3,1156),(3,1157),(3,1158),(3,1159),(3,1160),(3,1161),(3,1162),(3,1163),(3,1164),(3,1165),(3,1166),(3,1167),(3,1168),(3,1169),(3,1170),(3,1171),(3,1172),(3,1173),(3,1174),(3,1175),(3,1176),(3,1177),(3,1178),(3,1179),(3,1180),(3,1181),(3,1182),(3,1183),(3,1184),(3,1185),(3,1186),(3,1187),(3,1188),(3,1189),(3,1190),(3,1191),(3,1192),(3,1193),(4,1194),(4,1195),(4,1196),(4,1197),(4,1198),(4,1199),(4,1200),(4,1201),(4,1202),(4,1203),(4,1204),(4,1205),(4,1206),(4,1207),(4,1208),(4,1209),(4,1210),(4,1211),(4,1212),(4,1213),(4,1214),(4,1215),(4,1216),(4,1217),(4,1218),(4,1219),(4,1220),(4,1221),(4,1222),(4,1223),(4,1224),(4,1225),(4,1226),(4,1227),(4,1228),(4,1229),(4,1230),(4,1231),(4,1232),(4,1233),(4,1234),(4,1235),(4,1236),(4,1237),(4,1238),(4,1239),(4,1240),(4,1241),(4,1242),(4,1243),(4,1244),(4,1245),(4,1246),(4,1247),(4,1248),(4,1249),(4,1250),(4,1251),(4,1252),(4,1253),(4,1254),(4,1255),(4,1256),(4,1257),(4,1258),(4,1259),(4,1260),(4,1261),(4,1262),(4,1263),(4,1264),(4,1265),(4,1266),(4,1267),(4,1268),(4,1269),(4,1270),(4,1271),(4,1272),(4,1273),(4,1274),(4,1275),(4,1276),(4,1277),(4,1278),(4,1279),(4,1280),(4,1281),(4,1282),(4,1283),(4,1284),(4,1285),(4,1286),(4,1287),(4,1288),(4,1289),(4,1290),(4,1291),(4,1292),(4,1293),(4,1294),(4,1295),(4,1296),(4,1297),(4,1298),(4,1299),(4,1300),(4,1301),(4,1302),(4,1303),(4,1304),(4,1305),(4,1306),(4,1307),(4,1308),(4,1309),(4,1310),(4,1311),(4,1312),(4,1313),(4,1314),(4,1315),(4,1316),(4,1317),(4,1318),(4,1319),(4,1320),(4,1321),(4,1322),(4,1323),(4,1324),(4,1325),(4,1326),(4,1327),(4,1328),(4,1329),(4,1330),(4,1331),(4,1332),(4,1333),(4,1334),(4,1335),(4,1336),(4,1337),(4,1338),(4,1339),(4,1340),(4,1341),(4,1342),(4,1343),(4,1344),(4,1345),(4,1346),(4,1347),(4,1348),(4,1349),(4,1350),(4,1351),(4,1352),(4,1353),(4,1354),(4,1355),(4,1356),(4,1357),(4,1358),(4,1359),(4,1360),(4,1361),(4,1362),(4,1363),(4,1364),(4,1365),(4,1366),(4,1367),(4,1368),(4,1369),(4,1370),(4,1371),(4,1372),(4,1373),(4,1374),(4,1375),(4,1376),(4,1377),(4,1378),(4,1379),(4,1380),(4,1381),(4,1382),(4,1383),(4,1384),(4,1385),(4,1386),(4,1387),(4,1388),(4,1389),(4,1390),(4,1391),(4,1392),(4,1393),(4,1394),(4,1395),(4,1396),(4,1397),(4,1398),(4,1399),(4,1400),(4,1401),(4,1402),(4,1403),(4,1404),(4,1405),(4,1406),(4,1407),(4,1408),(4,1409),(4,1410),(4,1411),(4,1412),(4,1413),(4,1414),(4,1415),(4,1416),(4,1417),(4,1418),(4,1419),(4,1420),(4,1421),(4,1422),(4,1423),(4,1424),(4,1425),(4,1426),(4,1427),(4,1428),(4,1429),(4,1430),(4,1431),(4,1432),(4,1433),(4,1434),(4,1435),(4,1436),(4,1437),(4,1438),(4,1439),(4,1440),(4,1441),(4,1442),(4,1443),(4,1444),(4,1445),(4,1446),(4,1447),(4,1448),(4,1449),(4,1450),(4,1451),(4,1452),(4,1453),(4,1454),(4,1455),(4,1456),(4,1457),(4,1458),(4,1459),(4,1460),(4,1461),(4,1462),(4,1463),(4,1464),(4,1465),(4,1466),(4,1467),(4,1468),(4,1469),(4,1470),(4,1471),(4,1472),(4,1473),(4,1474),(4,1475),(4,1476),(4,1477),(4,1478),(4,1479),(4,1480),(4,1481),(4,1482),(4,1483),(4,1484),(4,1485),(4,1486),(4,1487),(4,1488),(4,1489),(4,1490),(4,1491),(4,1492),(4,1493),(4,1494),(4,1495),(4,1496),(4,1497),(4,1498),(4,1499),(4,1500),(4,1501),(4,1502),(4,1503),(4,1504),(4,1505),(4,1506),(4,1507),(4,1508),(4,1509),(4,1510),(4,1511),(4,1512),(4,1513),(4,1514),(4,1515),(4,1516),(4,1517),(4,1518),(4,1519),(4,1520),(4,1521),(4,1522),(4,1523),(4,1524),(4,1525),(4,1526),(4,1527),(4,1528),(4,1529),(4,1530),(4,1531),(4,1532),(4,1533),(4,1534),(4,1535),(4,1536),(4,1537),(4,1538),(4,1539),(4,1540),(4,1541),(4,1542),(4,1543),(4,1544),(4,1545),(4,1546),(4,1547),(4,1548),(4,1549),(4,1550),(4,1551),(4,1552),(4,1553),(4,1554),(4,1555),(4,1556),(4,1557),(4,1558),(4,1559),(4,1560),(4,1561),(4,1562),(4,1563),(4,1564),(4,1565),(4,1566),(4,1567),(4,1568),(4,1569),(4,1570),(4,1571),(4,1572),(4,1573),(4,1574),(4,1575),(4,1576),(5,1577),(5,1578),(5,1579),(5,1580),(5,1581),(5,1582),(5,1583),(5,1584),(5,1585),(5,1586),(5,1587),(5,1588),(5,1589),(5,1590),(5,1591),(5,1592),(5,1593),(5,1594),(5,1595),(5,1596),(5,1597),(5,1598),(5,1599),(5,1600),(5,1601),(5,1602),(5,1603),(5,1604),(5,1605),(5,1606),(5,1607),(5,1608),(5,1609),(5,1610),(5,1611),(5,1612),(5,1613),(5,1614),(5,1615),(5,1616),(5,1617),(5,1618),(5,1619),(5,1620),(5,1621),(5,1622),(5,1623),(5,1624),(5,1625),(5,1626),(5,1627),(5,1628),(5,1629),(5,1630),(5,1631),(5,1632),(5,1633),(5,1634),(5,1635),(5,1636),(5,1637),(5,1638),(5,1639),(5,1640),(5,1641),(5,1642),(5,1643),(5,1644),(5,1645),(5,1646),(5,1647),(5,1648),(5,1649),(5,1650),(5,1651),(5,1652),(5,1653),(5,1654),(5,1655),(5,1656),(5,1657),(5,1658),(5,1659),(5,1660),(5,1661),(5,1662),(5,1663),(5,1664),(5,1665),(5,1666),(5,1667),(5,1668),(5,1669),(5,1670),(5,1671),(5,1672),(5,1673),(5,1674),(5,1675),(5,1676),(5,1677),(5,1678),(5,1679),(5,1680),(5,1681),(5,1682),(5,1683),(5,1684),(5,1685),(5,1686),(5,1687),(5,1688),(5,1689),(5,1690),(5,1691),(5,1692),(5,1693),(5,1694),(5,1695),(5,1696),(5,1697),(5,1698),(5,1699),(5,1700),(5,1701),(5,1702),(5,1703),(5,1704),(5,1705),(5,1706),(5,1707),(5,1708),(5,1709),(5,1710),(5,1711),(5,1712),(5,1713),(5,1714),(5,1715),(5,1716),(5,1717),(5,1718),(5,1719),(5,1720),(5,1721),(5,1722),(5,1723),(5,1724),(5,1725),(5,1726),(5,1727),(5,1728),(5,1729),(5,1730),(5,1731),(5,1732),(5,1733),(5,1734),(5,1735),(5,1736),(5,1737),(5,1738),(5,1739),(5,1740),(5,1741),(5,1742),(5,1743),(5,1744),(5,1745),(5,1746),(5,1747),(5,1748),(5,1749),(5,1750),(5,1751),(5,1752),(5,1753),(5,1754),(5,1755),(5,1756),(5,1757),(5,1758),(5,1759),(5,1760),(5,1761),(5,1762),(5,1763),(5,1764),(5,1765),(5,1766),(5,1767),(5,1768),(5,1769),(5,1770),(5,1771),(5,1772),(5,1773),(5,1774),(5,1775),(5,1776),(5,1777),(5,1778),(5,1779),(5,1780),(5,1781),(5,1782),(5,1783),(5,1784),(5,1785),(5,1786),(5,1787),(5,1788),(5,1789),(5,1790),(5,1791),(5,1792),(5,1793),(5,1794),(5,1795),(5,1796),(5,1797),(5,1798),(5,1799),(5,1800),(5,1801),(5,1802),(5,1803),(5,1804),(5,1805),(5,1806),(5,1807),(5,1808),(5,1809),(5,1810),(5,1811),(5,1812),(5,1813),(5,1814),(5,1815),(5,1816),(5,1817),(5,1818),(5,1819),(5,1820),(5,1821),(5,1822),(5,1823),(5,1824),(5,1825),(5,1826),(5,1827),(5,1828),(5,1829),(5,1830),(5,1831),(5,1832),(5,1833),(5,1834),(5,1835),(5,1836),(5,1837),(5,1838),(5,1839),(5,1840),(5,1841),(5,1842),(5,1843),(5,1844),(5,1845),(5,1846),(5,1847),(5,1848),(5,1849),(5,1850),(5,1851),(5,1852),(5,1853),(5,1854),(5,1855),(5,1856),(5,1857),(5,1858),(5,1859),(5,1860),(5,1861),(5,1862),(5,1863),(5,1864),(5,1865),(5,1866),(5,1867),(5,1868),(5,1869),(5,1870),(5,1871),(5,1872),(5,1873),(5,1874),(5,1875),(5,1876),(5,1877),(5,1878),(5,1879),(5,1880),(5,1881),(5,1882),(5,1883),(5,1884),(5,1885),(5,1886),(5,1887),(5,1888),(5,1889),(5,1890),(5,1891),(5,1892),(5,1893),(5,1894),(5,1895),(5,1896),(5,1897),(5,1898),(5,1899),(5,1900),(5,1901),(5,1902),(5,1903),(5,1904),(5,1905),(5,1906),(5,1907),(5,1908),(5,1909),(5,1910),(5,1911),(5,1912),(5,1913),(5,1914),(5,1915),(5,1916),(5,1917),(5,1918),(5,1919),(5,1920),(5,1921),(5,1922),(5,1923),(5,1924),(5,1925),(5,1926),(5,1927),(5,1928),(5,1929),(5,1930),(5,1931),(5,1932),(5,1933),(5,1934),(5,1935),(5,1936),(5,1937),(5,1938),(5,1939),(5,1940),(5,1941),(5,1942),(5,1943),(5,1944),(5,1945),(5,1946),(5,1947),(5,1948),(5,1949),(5,1950),(5,1951),(5,1952),(5,1953),(5,1954),(5,1955),(5,1956),(5,1957),(5,1958),(5,1959),(5,1960),(5,1961),(5,1962),(5,1963),(5,1964),(5,1965),(5,1966),(5,1967),(5,1968),(5,1969),(5,1970),(5,1971),(5,1972),(5,1973),(5,1974),(5,1975),(5,1976),(5,1977),(5,1978),(5,1979),(5,1980),(5,1981),(5,1982),(5,1983),(5,1984),(5,1985),(5,1986),(5,1987),(5,1988),(5,1989),(5,1990),(5,1991),(5,1992),(5,1993),(5,1994),(5,1995),(5,1996),(5,1997),(5,1998);
/*!40000 ALTER TABLE `label_song` ENABLE KEYS */;
UNLOCK TABLES;

--
-- Table structure for table `payment`
--

DROP TABLE IF EXISTS `payment`;
/*!40101 SET @saved_cs_client     = @@character_set_client */;
/*!40101 SET character_set_client = utf8 */;
CREATE TABLE `payment` (
  `id` int(11) NOT NULL AUTO_INCREMENT,
  `amount` decimal(10,2) NOT NULL,
  `status` varchar(255) NOT NULL DEFAULT 'PENDING_PAYMENT',
  `payee_id` int(11) NOT NULL,
  `period_id` int(11) NOT NULL,
  PRIMARY KEY (`id`),
  KEY `FKs6fue04dwm42nhkb9ivrdlfp4` (`payee_id`),
  KEY `period_id` (`period_id`),
  CONSTRAINT `payment_ibfk_2` FOREIGN KEY (`period_id`) REFERENCES `payment_period` (`id`),
  CONSTRAINT `payment_ibfk_3` FOREIGN KEY (`payee_id`) REFERENCES `label` (`id`)
) ENGINE=InnoDB DEFAULT CHARSET=utf8;
/*!40101 SET character_set_client = @saved_cs_client */;

--
-- Dumping data for table `payment`
--

LOCK TABLES `payment` WRITE;
/*!40000 ALTER TABLE `payment` DISABLE KEYS */;
/*!40000 ALTER TABLE `payment` ENABLE KEYS */;
UNLOCK TABLES;

--
-- Table structure for table `payment_period`
--

DROP TABLE IF EXISTS `payment_period`;
/*!40101 SET @saved_cs_client     = @@character_set_client */;
/*!40101 SET character_set_client = utf8 */;
CREATE TABLE `payment_period` (
  `id` int(11) NOT NULL AUTO_INCREMENT,
  `name` varchar(255) NOT NULL,
  `start` datetime NOT NULL,
  `end` datetime NOT NULL,
  PRIMARY KEY (`id`)
) ENGINE=InnoDB DEFAULT CHARSET=utf8;
/*!40101 SET character_set_client = @saved_cs_client */;

--
-- Dumping data for table `payment_period`
--

LOCK TABLES `payment_period` WRITE;
/*!40000 ALTER TABLE `payment_period` DISABLE KEYS */;
/*!40000 ALTER TABLE `payment_period` ENABLE KEYS */;
UNLOCK TABLES;

--
-- Table structure for table `play_queue`
--

DROP TABLE IF EXISTS `play_queue`;
/*!40101 SET @saved_cs_client     = @@character_set_client */;
/*!40101 SET character_set_client = utf8 */;
CREATE TABLE `play_queue` (
  `id` int(11) NOT NULL AUTO_INCREMENT,
  PRIMARY KEY (`id`)
) ENGINE=InnoDB AUTO_INCREMENT=4 DEFAULT CHARSET=utf8;
/*!40101 SET character_set_client = @saved_cs_client */;

--
-- Dumping data for table `play_queue`
--

LOCK TABLES `play_queue` WRITE;
/*!40000 ALTER TABLE `play_queue` DISABLE KEYS */;
INSERT INTO `play_queue` VALUES (1),(2),(3);
/*!40000 ALTER TABLE `play_queue` ENABLE KEYS */;
UNLOCK TABLES;

--
-- Table structure for table `play_queue_songs`
--

DROP TABLE IF EXISTS `play_queue_songs`;
/*!40101 SET @saved_cs_client     = @@character_set_client */;
/*!40101 SET character_set_client = utf8 */;
CREATE TABLE `play_queue_songs` (
  `play_queue_id` int(11) NOT NULL,
  `song_id` int(11) NOT NULL,
  KEY `play_queue_id` (`play_queue_id`),
  KEY `song_id` (`song_id`),
  CONSTRAINT `play_queue_songs_ibfk_1` FOREIGN KEY (`play_queue_id`) REFERENCES `play_queue` (`id`),
  CONSTRAINT `play_queue_songs_ibfk_2` FOREIGN KEY (`song_id`) REFERENCES `song` (`id`)
) ENGINE=InnoDB DEFAULT CHARSET=utf8;
/*!40101 SET character_set_client = @saved_cs_client */;

--
-- Dumping data for table `play_queue_songs`
--

LOCK TABLES `play_queue_songs` WRITE;
/*!40000 ALTER TABLE `play_queue_songs` DISABLE KEYS */;
/*!40000 ALTER TABLE `play_queue_songs` ENABLE KEYS */;
UNLOCK TABLES;

--
-- Table structure for table `playlist`
--

DROP TABLE IF EXISTS `playlist`;
/*!40101 SET @saved_cs_client     = @@character_set_client */;
/*!40101 SET character_set_client = utf8 */;
CREATE TABLE `playlist` (
  `type` varchar(31) NOT NULL,
  `id` int(11) NOT NULL AUTO_INCREMENT,
  `active` bit(1) NOT NULL DEFAULT b'1',
  `created_date` datetime NOT NULL DEFAULT CURRENT_TIMESTAMP,
  `name` varchar(255) NOT NULL,
  `description` varchar(255) DEFAULT NULL,
  `hidden` bit(1) NOT NULL,
  `position` int(11) NOT NULL,
  `image_id` int(11) DEFAULT NULL,
  `owner_id` int(11) DEFAULT NULL,
  `parent_folder_id` int(11) DEFAULT NULL,
  PRIMARY KEY (`id`),
  KEY `FKrlt93rdc0w07juyqnui9nc4nd` (`image_id`),
  KEY `FKth9shh6b71k2k9f8sdtuedunf` (`owner_id`),
  KEY `FK8e64e3ur48ib82wr43rmbsb7t` (`parent_folder_id`),
  CONSTRAINT `FK8e64e3ur48ib82wr43rmbsb7t` FOREIGN KEY (`parent_folder_id`) REFERENCES `playlist_folder` (`id`),
  CONSTRAINT `FKrlt93rdc0w07juyqnui9nc4nd` FOREIGN KEY (`image_id`) REFERENCES `image` (`id`),
  CONSTRAINT `FKth9shh6b71k2k9f8sdtuedunf` FOREIGN KEY (`owner_id`) REFERENCES `user` (`id`)
) ENGINE=InnoDB AUTO_INCREMENT=4 DEFAULT CHARSET=utf8;
/*!40101 SET character_set_client = @saved_cs_client */;

--
-- Dumping data for table `playlist`
--

LOCK TABLES `playlist` WRITE;
/*!40000 ALTER TABLE `playlist` DISABLE KEYS */;
INSERT INTO `playlist` VALUES ('Playlist',1,'','2017-11-19 22:10:07','a\'s playlist',NULL,'',0,NULL,1,NULL),('Playlist',2,'','2017-11-19 22:10:07','b\'s playlist',NULL,'',0,NULL,2,NULL),('Playlist',3,'','2017-11-19 22:10:08','c\'s playlist',NULL,'',0,NULL,3,NULL);
/*!40000 ALTER TABLE `playlist` ENABLE KEYS */;
UNLOCK TABLES;

--
-- Temporary view structure for view `playlist_albums`
--

DROP TABLE IF EXISTS `playlist_albums`;
/*!50001 DROP VIEW IF EXISTS `playlist_albums`*/;
SET @saved_cs_client     = @@character_set_client;
SET character_set_client = utf8;
/*!50001 CREATE VIEW `playlist_albums` AS SELECT 
 1 AS `playlist_id`,
 1 AS `album_id`,
 1 AS `date_saved`*/;
SET character_set_client = @saved_cs_client;

--
-- Temporary view structure for view `playlist_artists`
--

DROP TABLE IF EXISTS `playlist_artists`;
/*!50001 DROP VIEW IF EXISTS `playlist_artists`*/;
SET @saved_cs_client     = @@character_set_client;
SET character_set_client = utf8;
/*!50001 CREATE VIEW `playlist_artists` AS SELECT 
 1 AS `playlist_id`,
 1 AS `artist_id`,
 1 AS `date_saved`*/;
SET character_set_client = @saved_cs_client;

--
-- Table structure for table `playlist_folder`
--

DROP TABLE IF EXISTS `playlist_folder`;
/*!40101 SET @saved_cs_client     = @@character_set_client */;
/*!40101 SET character_set_client = utf8 */;
CREATE TABLE `playlist_folder` (
  `id` int(11) NOT NULL AUTO_INCREMENT,
  `name` varchar(255) NOT NULL,
  `position` int(11) NOT NULL,
  `owner_id` int(11) NOT NULL,
  `parent_folder_id` int(11) DEFAULT NULL,
  PRIMARY KEY (`id`),
  KEY `FK3gsy9iowwvpaa0ss6xre561rg` (`owner_id`),
  KEY `FKqnf78vu5x5s7kuph0f6kcy4io` (`parent_folder_id`),
  CONSTRAINT `FK3gsy9iowwvpaa0ss6xre561rg` FOREIGN KEY (`owner_id`) REFERENCES `user` (`id`),
  CONSTRAINT `FKqnf78vu5x5s7kuph0f6kcy4io` FOREIGN KEY (`parent_folder_id`) REFERENCES `playlist_folder` (`id`)
) ENGINE=InnoDB DEFAULT CHARSET=utf8;
/*!40101 SET character_set_client = @saved_cs_client */;

--
-- Dumping data for table `playlist_folder`
--

LOCK TABLES `playlist_folder` WRITE;
/*!40000 ALTER TABLE `playlist_folder` DISABLE KEYS */;
/*!40000 ALTER TABLE `playlist_folder` ENABLE KEYS */;
UNLOCK TABLES;

--
-- Table structure for table `playlist_followers`
--

DROP TABLE IF EXISTS `playlist_followers`;
/*!40101 SET @saved_cs_client     = @@character_set_client */;
/*!40101 SET character_set_client = utf8 */;
CREATE TABLE `playlist_followers` (
  `playlist_id` int(11) NOT NULL,
  `follower_id` int(11) NOT NULL,
  PRIMARY KEY (`playlist_id`,`follower_id`),
  KEY `follower_id` (`follower_id`),
  CONSTRAINT `playlist_followers_ibfk_1` FOREIGN KEY (`playlist_id`) REFERENCES `playlist` (`id`) ON DELETE CASCADE,
  CONSTRAINT `playlist_followers_ibfk_2` FOREIGN KEY (`follower_id`) REFERENCES `customer` (`id`) ON DELETE CASCADE
) ENGINE=InnoDB DEFAULT CHARSET=utf8;
/*!40101 SET character_set_client = @saved_cs_client */;

--
-- Dumping data for table `playlist_followers`
--

LOCK TABLES `playlist_followers` WRITE;
/*!40000 ALTER TABLE `playlist_followers` DISABLE KEYS */;
/*!40000 ALTER TABLE `playlist_followers` ENABLE KEYS */;
UNLOCK TABLES;

--
-- Table structure for table `playlist_songs`
--

DROP TABLE IF EXISTS `playlist_songs`;
/*!40101 SET @saved_cs_client     = @@character_set_client */;
/*!40101 SET character_set_client = utf8 */;
CREATE TABLE `playlist_songs` (
  `playlist_id` int(11) NOT NULL,
  `song_id` int(11) NOT NULL,
  `date_saved` datetime NOT NULL DEFAULT CURRENT_TIMESTAMP,
  PRIMARY KEY (`playlist_id`,`song_id`),
  KEY `song_id` (`song_id`),
  CONSTRAINT `playlist_songs_ibfk_1` FOREIGN KEY (`playlist_id`) REFERENCES `playlist` (`id`),
  CONSTRAINT `playlist_songs_ibfk_2` FOREIGN KEY (`song_id`) REFERENCES `song` (`id`)
) ENGINE=InnoDB DEFAULT CHARSET=utf8;
/*!40101 SET character_set_client = @saved_cs_client */;

--
-- Dumping data for table `playlist_songs`
--

LOCK TABLES `playlist_songs` WRITE;
/*!40000 ALTER TABLE `playlist_songs` DISABLE KEYS */;
/*!40000 ALTER TABLE `playlist_songs` ENABLE KEYS */;
UNLOCK TABLES;

--
-- Table structure for table `song`
--

DROP TABLE IF EXISTS `song`;
/*!40101 SET @saved_cs_client     = @@character_set_client */;
/*!40101 SET character_set_client = utf8 */;
CREATE TABLE `song` (
  `id` int(11) NOT NULL AUTO_INCREMENT,
  `active` bit(1) NOT NULL DEFAULT b'1',
  `created_date` datetime NOT NULL DEFAULT CURRENT_TIMESTAMP,
  `name` varchar(255) NOT NULL,
  `mbid` char(36) NOT NULL,
  `length` int(11) NOT NULL,
  `play_count` int(11) NOT NULL DEFAULT '0',
  `track_number` int(11) NOT NULL,
  `image_id` int(11) DEFAULT NULL,
  `owner_id` int(11) DEFAULT NULL,
  `album_id` int(11) NOT NULL,
  `lyrics` text,
  PRIMARY KEY (`id`),
  UNIQUE KEY `mbid` (`mbid`),
  KEY `FKe8f7vxtf0ddtotbpl28dk8voy` (`image_id`),
  KEY `FKfkw4q5q2b1fd0q2belp9olb2a` (`owner_id`),
  KEY `FKrcjmk41yqj3pl3iyii40niab0` (`album_id`),
  CONSTRAINT `FKe8f7vxtf0ddtotbpl28dk8voy` FOREIGN KEY (`image_id`) REFERENCES `image` (`id`),
  CONSTRAINT `FKfkw4q5q2b1fd0q2belp9olb2a` FOREIGN KEY (`owner_id`) REFERENCES `user` (`id`),
  CONSTRAINT `FKrcjmk41yqj3pl3iyii40niab0` FOREIGN KEY (`album_id`) REFERENCES `album` (`id`)
) ENGINE=InnoDB AUTO_INCREMENT=1999 DEFAULT CHARSET=utf8;
/*!40101 SET character_set_client = @saved_cs_client */;

--
-- Dumping data for table `song`
--

LOCK TABLES `song` WRITE;
/*!40000 ALTER TABLE `song` DISABLE KEYS */;
INSERT INTO `song` VALUES (1,'','2017-11-19 21:19:05','Rocky Mountain High','0c7b1155-8a66-3b19-9d0a-6a9c5b99676a',338800,0,1,NULL,NULL,1,''),(2,'','2017-11-19 21:19:06','Back Home Again','21bf8f91-fb82-363f-a55a-eb25730ccc3f',287493,0,2,NULL,NULL,1,''),(3,'','2017-11-19 21:19:07','Fly Away','a3a79356-c236-3318-a1b3-4a2ea09e1ec5',273000,0,3,NULL,NULL,1,''),(4,'','2017-11-19 21:19:07','Looking for Space','8f286d8b-a91a-3755-8b4c-633b75aa0a69',257106,0,4,NULL,NULL,1,''),(5,'','2017-11-19 21:19:08','I Want to Live','e48a0435-d861-373d-8b59-d8aea43c9c3a',319000,0,5,NULL,NULL,1,''),(6,'','2017-11-19 21:19:09','It\'s a Sin to Tell a Lie','747100ad-3dc4-3efe-ad67-f65a0f2093d0',183426,0,6,NULL,NULL,1,''),(7,'','2017-11-19 21:19:09','Moreton Bay','dc5786e7-bdd9-3aab-98bd-a7f38ab13bba',231600,0,7,NULL,NULL,1,''),(8,'','2017-11-19 21:19:10','Grandma\'s Feather Bed','86fea67c-6199-3157-899c-82beca890523',148640,0,8,NULL,NULL,1,''),(9,'','2017-11-19 21:19:11','Thank God I\'m a Country Boy','19233f3c-bce3-38fb-9024-a946d8940a6e',234600,0,9,NULL,NULL,1,''),(10,'','2017-11-19 21:19:12','Take Me Home Country Roads','11c8ac77-af77-3b5d-ba23-1e8ec19888d6',199200,0,10,NULL,NULL,1,''),(11,'','2017-11-19 21:19:13','The Eagle and the Hawk','55c496c5-9cda-3825-b9d0-3ef6b2948012',184293,0,11,NULL,NULL,1,''),(12,'','2017-11-19 21:19:15','Annie\'s Song','ee64162b-8cf5-3f86-bf21-f89348d16193',217840,0,12,NULL,NULL,1,''),(13,'','2017-11-19 21:19:16','Qualcuno mi renda l\'anima','30841971-7a2b-3958-b6f4-308a59e00b2a',255506,0,1,NULL,NULL,2,''),(14,'','2017-11-19 21:19:17','L\'evento','31fb0a2d-56ec-3497-850a-b917af703cb8',268666,0,2,NULL,NULL,2,''),(15,'','2017-11-19 21:19:18','113','7716182c-51c1-3bb7-b03f-1a845eb87108',122160,0,3,NULL,NULL,2,''),(16,'','2017-11-19 21:19:19','Inventi','09228f5e-cdc3-36d0-a9e9-35f20b3b52d1',209333,0,4,NULL,NULL,2,''),(17,'','2017-11-19 21:19:19','Metrò','e4ddddc1-e6e7-30e1-a0e0-186fdc762578',178000,0,5,NULL,NULL,2,''),(18,'','2017-11-19 21:19:19','Il tuo safari','ae58bdaf-b9fa-356a-975a-7822f0a06271',234733,0,6,NULL,NULL,2,''),(19,'','2017-11-19 21:19:20','Tu che sei mio fratello','41a13155-7803-398d-9795-e1f7036cbaf1',237333,0,7,NULL,NULL,2,''),(20,'','2017-11-19 21:19:21','Vamos','651acd41-be5f-3238-a12a-c68f457fb031',200506,0,8,NULL,NULL,2,''),(21,'','2017-11-19 21:19:25','Mani','930d314e-d025-32fc-98b3-e43fd9905c0d',184560,0,9,NULL,NULL,2,''),(22,'','2017-11-19 21:19:26','Depresso','458ff940-a5ac-399f-9923-5d0d6b25006f',225774,0,10,NULL,NULL,2,''),(23,'','2017-11-19 21:19:29','Yes Sir, I Can Boogie','bcc81b80-b1ef-48d1-93f2-12b1d8e20541',269000,0,1,1317,NULL,3,''),(24,'','2017-11-19 21:19:30','Love You Till I Die','f705a05e-eb85-4990-8b11-28791b148f34',266000,0,2,1317,NULL,3,''),(25,'','2017-11-19 21:19:31','Granada','6adc8e0f-fd12-4910-ab23-7cacaca8ebe5',256786,0,3,1317,NULL,3,''),(26,'','2017-11-19 21:19:31','Gimme More','820d6cf6-3f4c-4736-88b6-de43b17ce786',230000,0,4,1317,NULL,3,''),(27,'','2017-11-19 21:19:32','Koochie-Koo','4a6bacb6-2b2f-4d36-a28b-7970e664a15a',244000,0,5,1317,NULL,3,''),(28,'','2017-11-19 21:19:33','Mad in Madrid','ac4cfb4a-e93a-437a-8c8c-277617563bc9',205000,0,6,1317,NULL,3,''),(29,'','2017-11-19 21:19:34','Sorry, I’m a Lady','17320427-6213-4fb2-8235-8a2c4d0f2c70',216586,0,7,1317,NULL,3,''),(30,'','2017-11-19 21:19:34','Cara Mia','cc7744c8-7fa5-48a9-b5cf-975bddc345a7',173000,0,8,1317,NULL,3,''),(31,'','2017-11-19 21:19:35','Feel Me','3f4b39f3-d2c4-4426-a2b9-390b0aec2486',260000,0,9,1317,NULL,3,''),(32,'','2017-11-19 21:19:36','Can’t Help Falling in Love','0955e2e3-7092-4a0e-9597-bbdaa9f5f7dd',206000,0,10,1317,NULL,3,''),(33,'','2017-11-19 21:19:36','Number One','552bf659-c473-430e-9f50-63c7bb6167a2',157000,0,11,1317,NULL,3,''),(34,'','2017-11-19 21:19:37','Don’t Play Me a Symphonie','ded6b7ee-cdb7-4bd4-aa0e-0cf939162448',257000,0,12,1317,NULL,3,''),(35,'','2017-11-19 21:19:38','Macho Man','041af045-bd30-3b95-ac77-2b1f99890913',318000,0,1,NULL,NULL,4,''),(36,'','2017-11-19 21:19:39','I Am What I Am','589923b1-e22c-3ade-af13-7990a296e0e8',337000,0,2,NULL,NULL,4,''),(37,'','2017-11-19 21:19:40','Key West','a8473315-b17b-3e04-a0b2-b6d4b002b799',342000,0,3,NULL,NULL,4,''),(38,'','2017-11-19 21:19:41','Just a Gigolo / I Ain\'t Got Nobody','2c8a8c15-bf3c-33af-8d5d-79910eeccbfe',276000,0,4,NULL,NULL,4,''),(39,'','2017-11-19 21:19:42','Sodom and Gomorrah','6a515bc8-3884-3250-9af0-45c1a480b1b1',377000,0,5,NULL,NULL,4,''),(40,'','2017-11-19 21:19:44','Something for Liza','0f26e04d-68ee-4ef7-a850-de9a27f5bc20',388262,0,1,1318,NULL,5,''),(41,'','2017-11-19 21:19:45','Count Every Star','cc82302f-7095-47df-ac92-1aae913b1a55',188784,0,2,1318,NULL,5,''),(42,'','2017-11-19 21:19:46','Cabin in the Sky','3aa23f4f-6a8f-4e28-aa62-7d6a1b50122c',186538,0,3,1318,NULL,5,''),(43,'','2017-11-19 21:19:47','Move','a70d01c5-c605-4847-9134-fb4e0ba2f5ce',437289,0,4,1318,NULL,5,''),(44,'','2017-11-19 21:19:47','Autumn Leaves','031c302c-4081-4d81-94cc-ec628a2584cf',0,0,5,1318,NULL,5,''),(45,'','2017-11-19 21:19:48','Never Never Land','7c073dd7-14a2-43ad-9cd6-963be22fe84d',331059,0,6,1318,NULL,5,''),(46,'','2017-11-19 21:19:54','La Ronde','03744f07-2977-491c-a3ec-241ec2707b99',167235,0,7,1318,NULL,5,''),(47,'','2017-11-19 21:19:55','This Remind Me of You','4fc21bab-41ff-47df-9930-426ac9f531fb',196150,0,8,1318,NULL,5,''),(48,'','2017-11-19 21:19:56','Breakfast With Joe','c50e97db-6618-4fc5-95bf-8496ddeea2e5',248546,0,9,1318,NULL,5,''),(49,'','2017-11-19 21:19:57','Cohn My Way','e45fd3fa-b1ab-4d2d-b901-ee67cf267864',174523,0,10,1318,NULL,5,''),(50,'','2017-11-19 21:19:58','Inside Out','36209d6c-a708-47c6-b694-146380668d61',0,0,11,1318,NULL,5,''),(51,'','2017-11-19 21:19:59','My Stove Don\'t Work','ebf824e5-dd40-44c0-96dc-99d5d5eff96f',171000,0,1,NULL,NULL,6,''),(52,'','2017-11-19 21:20:00','Somebody Changed the Lock on My Door','6f17e34c-882d-4751-863e-76dfc6736d49',197000,0,2,NULL,NULL,6,''),(53,'','2017-11-19 21:20:00','Long Eared Mule','07673225-1106-4c6a-b8dc-f1df07b05d03',200000,0,3,NULL,NULL,6,''),(54,'','2017-11-19 21:20:01','Somebody\'s Been Talking to You','52c46c4f-1415-435d-b7f3-b3e66a621bc0',201000,0,4,NULL,NULL,6,''),(55,'','2017-11-19 21:20:02','Howlin\' Dog Blues','11294d0b-7bd0-4092-9528-f69dd347c8d0',178000,0,5,NULL,NULL,6,''),(56,'','2017-11-19 21:20:03','Your Wagon\'s Worn Out Now','11506e93-2b9a-4a62-915c-82cbaa5120ad',173000,0,6,NULL,NULL,6,''),(57,'','2017-11-19 21:20:04','I Got a Letter This Morning','191762e5-7a17-48e4-9ac5-19bd8ef23250',172000,0,7,NULL,NULL,6,''),(58,'','2017-11-19 21:20:06','I\'m a Stranger in Your Town','d95f7a41-19bd-4e2d-b8b2-a4848836fb95',212000,0,8,NULL,NULL,6,''),(59,'','2017-11-19 21:20:07','Blues Everywhere I Go','4849fc97-ab46-4379-8f49-e4824da9876d',195000,0,9,NULL,NULL,6,''),(60,'','2017-11-19 21:20:14','Somebody\'s Got to Go','973466c9-23d2-484d-9db1-aa57602b3c30',201000,0,10,NULL,NULL,6,''),(61,'','2017-11-19 21:20:15','Casey Blues','bba7850a-065a-4c8a-a7a0-5296ddb011a6',200000,0,11,NULL,NULL,6,''),(62,'','2017-11-19 21:20:16','I\'Se Just a Bad Luck Man','3c692e3b-4099-4411-873e-8f4db56c4a79',198000,0,12,NULL,NULL,6,''),(63,'','2017-11-19 21:20:16','Midnight Blues','b02239f2-e5a9-4f1e-b436-04996ff01c90',194000,0,13,NULL,NULL,6,''),(64,'','2017-11-19 21:20:17','Way Down in Louisiana','8b8da682-93ba-4e48-9bd7-c9883bca7481',205000,0,14,NULL,NULL,6,''),(65,'','2017-11-19 21:20:18','I Believe You\'re Cheatin\' on Me','3953b0aa-d9fd-40f7-a567-3eb310730de0',193000,0,15,NULL,NULL,6,''),(66,'','2017-11-19 21:20:19','You Gotta Do Your Duty','5656d91e-40be-46d3-96a2-184ca40f02cc',163000,0,16,NULL,NULL,6,''),(67,'','2017-11-19 21:20:23','Unchained Melody','47496624-200f-4dde-bad0-e5a9bd47ccef',206000,0,1,1319,NULL,7,''),(68,'','2017-11-19 21:20:24','Softly as I Leave You','82409a82-328a-45c7-a559-ab8e9d18bf9d',180000,0,2,1319,NULL,7,''),(69,'','2017-11-19 21:20:39','L\'auto targata TO','33fd8382-f204-4173-b03c-a0a9f2b73369',268826,0,1,1320,NULL,8,''),(70,'','2017-11-19 21:20:39','Alla fermata del tram','d4e71a6e-061c-4647-81ab-e1db1f149ff3',238506,0,2,1320,NULL,8,''),(71,'','2017-11-19 21:20:39','È lì','237383fd-b73c-46ba-b055-54bbde81ebc9',270760,0,3,1320,NULL,8,''),(72,'','2017-11-19 21:20:40','Passato, presente','231d483f-7afb-4d8c-aaa0-d610b5dca729',271733,0,4,1320,NULL,8,''),(73,'','2017-11-19 21:20:41','L\'operaio Gerolamo','53fc96d8-b1e7-4269-9706-8c6a0745ccb2',214173,0,5,1320,NULL,8,''),(74,'','2017-11-19 21:20:44','Il coyote','64a72c57-0a0f-4977-a235-7ad5d7542c77',275493,0,6,1320,NULL,8,''),(75,'','2017-11-19 21:20:45','Grippaggio','2184a7c0-a32b-4ec3-9bb7-68eb9a04ae5f',247173,0,7,1320,NULL,8,''),(76,'','2017-11-19 21:20:45','La bambina (L\'inverno è neve, l\'estate è sole)','c9c7a8ab-28ba-4c9e-ad75-6954806391f4',180160,0,8,1320,NULL,8,''),(77,'','2017-11-19 21:20:45','Pezzo zero','6a74d844-1c22-4277-a29f-6144a36a7cf0',178173,0,9,1320,NULL,8,''),(78,'','2017-11-19 21:20:46','La canzone di Orlando','ede2cc1e-8f00-4156-bc79-ed53afd32f99',97560,0,10,1320,NULL,8,''),(79,'','2017-11-19 21:20:48','Love Me Tender','57ae27b5-ec93-4902-8173-2590f2e3bcb8',163000,0,1,NULL,NULL,9,''),(80,'','2017-11-19 21:20:48','Can’t Help Falling in Love','05a7ccc0-8f39-40f0-90d0-9671eb8c2e67',180906,0,2,NULL,NULL,9,''),(81,'','2017-11-19 21:20:48','The Next Step Is Love','5a8659bc-5bf0-41aa-ba09-db90ca37e757',211160,0,3,NULL,NULL,9,''),(82,'','2017-11-19 21:20:49','I Need Your Love Tonight','6ca2ceb6-a796-4e8f-83ff-4fd1917695a0',125933,0,4,NULL,NULL,9,''),(83,'','2017-11-19 21:20:49','I Can\'t Stop Loving You','c7ec4990-7b0d-4b81-a2ab-6cf503bc846d',145826,0,5,NULL,NULL,9,''),(84,'','2017-11-19 21:20:50','I Want You, I Need You, I Love You','ecd81e1d-c511-46e8-8cb6-37718ccb0151',160000,0,6,NULL,NULL,9,''),(85,'','2017-11-19 21:20:50','I Love You Because','b990af46-2232-47c3-b771-dfcf3ac3d07d',162666,0,7,NULL,NULL,9,''),(86,'','2017-11-19 21:20:51','Love Letters','280894f8-4afa-49a2-93bf-f49a9f691cc7',172000,0,8,NULL,NULL,9,''),(87,'','2017-11-19 21:20:52','A Thing Called Love','e995db2d-3ae4-46e2-95f9-5931c336ac61',145773,0,9,NULL,NULL,9,''),(88,'','2017-11-19 21:20:53','A Big Hunk o\' Love','c6518193-8773-4aef-a2c2-41ff988075c4',132000,0,10,NULL,NULL,9,''),(89,'','2017-11-19 21:20:53','Avalon','d0ef59aa-c9ff-4351-8b73-a54393397233',0,0,1,NULL,NULL,10,''),(90,'','2017-11-19 21:20:53','Body And Soul','91d319d4-06d6-4a8f-81d4-8343af9f18d9',0,0,2,NULL,NULL,10,''),(91,'','2017-11-19 21:20:53','I Hadn\'t Anyone Till You','c4654876-680c-4a06-b135-47e407021ed1',0,0,3,NULL,NULL,10,''),(92,'','2017-11-19 21:20:53','Memories Of You','585dd13e-8469-4d32-bb0c-e9c72bdb753c',0,0,4,NULL,NULL,10,''),(93,'','2017-11-19 21:20:53','Shine','086da0cc-3631-4410-bc4c-b683d95b9763',0,0,5,NULL,NULL,10,''),(94,'','2017-11-19 21:20:53','Petite Fleur','8257db8b-774b-4227-b8d2-3192a0c19748',0,0,6,NULL,NULL,10,''),(95,'','2017-11-19 21:20:53','What A Little Moonlight Can Do','a8fc6de2-bd65-492f-9dd0-d6381df32a58',0,0,7,NULL,NULL,10,''),(96,'','2017-11-19 21:20:53','Good-Bye','6f8d6e57-1601-438b-adc6-e359a528a356',0,0,8,NULL,NULL,10,''),(97,'','2017-11-19 21:21:29','Niente da capire','7b588418-7e02-47e8-959a-11c655ea28ff',188160,0,1,1321,NULL,11,''),(98,'','2017-11-19 21:21:29','Cercando un altro Egitto','2218faa6-71d4-480d-9305-a567d6175f2c',223400,0,2,1321,NULL,11,''),(99,'','2017-11-19 21:21:30','Dolce amore del Bahia','433f2ac5-c906-4635-b018-a05a34164e57',219173,0,3,1321,NULL,11,''),(100,'','2017-11-19 21:21:31','Informazioni di Vincent','2d0588ee-6454-4d54-a643-cf5e15e523ee',208400,0,4,1321,NULL,11,''),(101,'','2017-11-19 21:21:32','Giorno di pioggia','5db73172-1c39-44f1-8b5b-b4b4fa0128a0',208560,0,5,1321,NULL,11,''),(102,'','2017-11-19 21:21:33','Bene','bc470391-5eb3-4a3a-8451-a10a62c5e5de',260400,0,6,1321,NULL,11,''),(103,'','2017-11-19 21:21:33','Chissà dove sei','ce168649-50f1-4d00-b496-89a2e601785b',93440,0,7,1321,NULL,11,''),(104,'','2017-11-19 21:21:33','A lupo','7d5683da-d5b2-423f-b426-b1765dfc5646',205026,0,8,1321,NULL,11,''),(105,'','2017-11-19 21:21:34','Arlecchino','d48298d2-3b5c-466f-973a-c7d69b3fba92',136040,0,9,1321,NULL,11,''),(106,'','2017-11-19 21:21:35','Finestre di dolore','83150097-2fe0-4ff2-ac85-205468458ede',301200,0,10,1321,NULL,11,''),(107,'','2017-11-19 21:21:36','Souvenir','cc93e385-91a1-4e83-9bc8-59a1a3ff9185',119200,0,11,1321,NULL,11,''),(108,'','2017-11-19 21:21:44','Beach Ball','c7d5f44a-9201-4597-a919-1091404ca708',240000,0,1,NULL,NULL,12,''),(109,'','2017-11-19 21:21:45','Let You Down','fc8f9b2a-a116-4586-98a9-4713031863ae',186000,0,2,NULL,NULL,12,''),(110,'','2017-11-19 21:21:47','Belly Full','5798c0ae-b8fa-42f6-9455-3d398cd8ee5a',139000,0,3,NULL,NULL,12,''),(111,'','2017-11-19 21:21:48','Oh','7b9cf626-6033-4ca2-ada7-18679fbf02b3',322000,0,4,NULL,NULL,12,''),(112,'','2017-11-19 21:21:49','The Stone','5d994f82-b531-4e2c-80fd-712d6a4c1b8e',770000,0,5,NULL,NULL,12,''),(113,'','2017-11-19 21:21:50','Snow Outside','19a92435-1686-4761-81d7-45ecd7aa15e4',506000,0,6,NULL,NULL,12,''),(114,'','2017-11-19 21:21:51','Satellite','b5f22348-6721-493c-a634-1b7406c8d232',348000,0,7,NULL,NULL,12,''),(115,'','2017-11-19 21:21:52','Tripping Billies','839a1113-82ec-407d-8dfa-428781d41ef2',313000,0,8,NULL,NULL,12,''),(116,'','2017-11-19 21:21:53','Cry Freedom','3f1479b9-b864-40a9-8ae6-84cf4b33f3d3',382000,0,9,NULL,NULL,12,''),(117,'','2017-11-19 21:21:54','What Would You Say','55e5f9ff-649d-46ec-8cd1-e1709db4b316',340000,0,10,NULL,NULL,12,''),(118,'','2017-11-19 21:21:56','Crazy Feeling','ad859aa8-6fb6-48dd-948c-a32c589b47c3',174000,0,1,NULL,NULL,13,''),(119,'','2017-11-19 21:21:57','Charley’s Girl','ab49bab9-f218-4b3a-bad5-a684be5e2b52',159000,0,2,NULL,NULL,13,''),(120,'','2017-11-19 21:21:58','She’s My Best Friend','5ee1c6bb-418f-4aa8-80ea-9a6c1ed1e178',360360,0,3,NULL,NULL,13,''),(121,'','2017-11-19 21:22:02','Kicks','7b889d8a-c9f1-4465-9d6e-e488cfb18df5',362000,0,4,NULL,NULL,13,''),(122,'','2017-11-19 21:22:03','A Gift','375c25d8-aa7a-4026-a775-e5944f3b131f',225000,0,5,NULL,NULL,13,''),(123,'','2017-11-19 21:22:03','Ooohhh Baby','ecc1b24f-795c-47a9-9377-fa2d2af8fcc2',226000,0,6,NULL,NULL,13,''),(124,'','2017-11-19 21:22:04','Nobody’s Business','9b868082-f410-47a2-a3c2-522ebe3fb9bd',228000,0,7,NULL,NULL,13,''),(125,'','2017-11-19 21:22:04','Coney Island Baby','0442dd9a-fe38-4be8-8ec4-e949ad50576a',395000,0,8,NULL,NULL,13,''),(126,'','2017-11-19 21:22:08','Homecoming','29330d79-9fef-47c9-944f-e18cfe33d29c',509786,0,1,1322,NULL,14,''),(127,'','2017-11-19 21:22:09','Hey, No Pressure','fc911ba1-05c6-49ac-861b-bff0307a49c8',394200,0,2,1322,NULL,14,''),(128,'','2017-11-19 21:22:10','The Changing Man','53a12b9c-7914-42ed-8812-38b447d6611f',253160,0,3,1322,NULL,14,''),(129,'','2017-11-19 21:22:14','While It Still Beats','bb2830a5-6db4-4f63-b244-cfac75ab9d06',250333,0,4,1322,NULL,14,''),(130,'','2017-11-19 21:22:15','In My Own Way','5de5bae0-cbba-41d3-89f3-a6214d839e5d',396306,0,5,1322,NULL,14,''),(131,'','2017-11-19 21:22:16','Another Day','13ca152e-f167-4d84-8390-7c99c860d0ee',185626,0,6,1322,NULL,14,''),(132,'','2017-11-19 21:22:17','A Murmuration of Starlings','279a498a-9214-41d7-b860-f267103039f9',153266,0,7,1322,NULL,14,''),(133,'','2017-11-19 21:22:17','Wouldn\'t It Make a Lovely Photograph','9b320873-55ae-42a2-8c20-e0b00ae9c74b',240066,0,8,1322,NULL,14,''),(134,'','2017-11-19 21:22:21','Alice','96f40a3a-49be-4312-bc02-33f298447a68',225066,0,1,1323,NULL,15,''),(135,'','2017-11-19 21:22:22','1940','f1cce5b2-eee6-4f27-be07-fda5111f3694',256666,0,2,1323,NULL,15,''),(136,'','2017-11-19 21:22:22','Le strade di lei','8cad65f9-fde5-4cc8-a75f-f9e8068da465',255600,0,3,1323,NULL,15,''),(137,'','2017-11-19 21:22:23','Suonatori di flauto','c19e6b7b-f060-4077-969f-9beea938128e',128333,0,4,1323,NULL,15,''),(138,'','2017-11-19 21:22:27','Buonanotte fratello','c9277cd7-2d3e-40c7-b248-56c030573499',234000,0,5,1323,NULL,15,''),(139,'','2017-11-19 21:22:28','Sono tuo','32c26cb2-2384-4dca-904f-53079d3c55f3',160226,0,6,1323,NULL,15,''),(140,'','2017-11-19 21:22:29','I musicanti','90239bb5-bcbe-4592-b2f0-9223f402e3a0',127600,0,7,1323,NULL,15,''),(141,'','2017-11-19 21:22:30','La casa di Hilde','eaa0c141-3fd4-45e8-b04e-5f44ca45c8fa',280173,0,8,1323,NULL,15,''),(142,'','2017-11-19 21:22:31','Il ragazzo','cdc114c7-50cb-4663-a4d6-d5ef13aaffe9',264666,0,9,1323,NULL,15,''),(143,'','2017-11-19 21:22:33','Irene','afea432e-672b-45e3-8fcb-4f73411e1250',132000,0,10,1323,NULL,15,''),(144,'','2017-11-19 21:22:35','Marianna al bivio','3d7109ae-6b01-46e9-9706-5fb986d111b2',181826,0,11,1323,NULL,15,''),(145,'','2017-11-19 21:22:36','Saigon','541339f9-49da-461f-8a7c-4f5c5b5f1e5e',201840,0,12,1323,NULL,15,''),(146,'','2017-11-19 21:22:39','Sparks','3c55d521-681f-42b6-b501-27cdd98d0b6f',186000,0,1,1324,NULL,16,''),(147,'','2017-11-19 21:22:41','My Kind','e4bec95b-70f7-4de4-b9eb-e1c08b288527',207000,0,2,1324,NULL,16,''),(148,'','2017-11-19 21:22:42','One in a Million','312235e8-071b-4bd1-9095-3496a355698c',225000,0,3,1324,NULL,16,''),(149,'','2017-11-19 21:22:43','Confetti','6d8620ba-6b5e-4914-9665-68330e9163da',229000,0,4,1324,NULL,16,''),(150,'','2017-11-19 21:22:44','Breathe In. Breathe Out.','c8917afa-eed0-48f2-a245-d63d2ccdd7d0',213000,0,5,1324,NULL,16,''),(151,'','2017-11-19 21:22:48','Lies','d07b1b99-5276-4143-adf1-6ea64cac9fee',216000,0,6,1324,NULL,16,''),(152,'','2017-11-19 21:22:49','Arms Around a Memory','3809c5a3-0258-48e7-96b3-5b23b9078ad1',197000,0,7,1324,NULL,16,''),(153,'','2017-11-19 21:22:50','Stay in Love','cf90ca19-4c21-42bb-9d9d-3e519eed6214',214000,0,8,1324,NULL,16,''),(154,'','2017-11-19 21:22:50','Brave Heart','f13f5c17-db8d-4b1f-99c1-73396c2c28e7',213000,0,9,1324,NULL,16,''),(155,'','2017-11-19 21:22:51','Tattoo','fce1fe2f-f8bf-488b-bc68-2eb41dd7c43c',208000,0,10,1324,NULL,16,''),(156,'','2017-11-19 21:22:52','Picture This','32cde6b2-1b09-4984-8734-95337eaa862a',202000,0,11,1324,NULL,16,''),(157,'','2017-11-19 21:22:53','Night Like This','3679215a-44bc-4a99-b19b-a4da0ac706ed',226000,0,12,1324,NULL,16,''),(158,'','2017-11-19 21:22:54','Belong','7b53aeaa-2373-493d-b071-6522e429f3bc',216000,0,13,1324,NULL,16,''),(159,'','2017-11-19 21:22:55','Rebel Hearts','6822f651-e30a-4545-b57b-6807b1ba781d',199000,0,14,1324,NULL,16,''),(160,'','2017-11-19 21:22:57','Berlin','4dc3ce03-9fc5-4d19-b25f-edc653401d45',205333,0,1,NULL,NULL,17,''),(161,'','2017-11-19 21:22:58','Lady Day','172cfab7-af8f-47ff-9a07-3ed19fc6c46d',219693,0,2,NULL,NULL,17,''),(162,'','2017-11-19 21:22:59','Men of Good Fortune','72527625-94b0-4f64-98d9-c31776f7787e',277000,0,3,NULL,NULL,17,''),(163,'','2017-11-19 21:23:00','Caroline Says I','ccba6447-d095-40bb-a313-e11f103c5fae',237106,0,4,NULL,NULL,17,''),(164,'','2017-11-19 21:23:01','How Do You Think It Feels','ebda2fdb-4268-488c-8a30-35e5b19d0ec7',223160,0,5,NULL,NULL,17,''),(165,'','2017-11-19 21:23:01','Oh, Jim','024be37e-2c4a-471c-b6ad-f9b8433ea002',312706,0,6,NULL,NULL,17,''),(166,'','2017-11-19 21:23:01','Caroline Says II','5fc2e841-628c-4404-8541-91b3f76e9286',253760,0,7,NULL,NULL,17,''),(167,'','2017-11-19 21:23:01','The Kids','2f0bf269-709c-4ec4-8760-4f1b23768a06',473733,0,8,NULL,NULL,17,''),(168,'','2017-11-19 21:23:03','The Bed','ae38d3ef-db1c-4c49-8a2d-3a70862cd5f8',351306,0,9,NULL,NULL,17,''),(169,'','2017-11-19 21:23:03','Sad Song','ac882941-c50d-48f4-9b83-874b42bebb9d',419066,0,10,NULL,NULL,17,''),(170,'','2017-11-19 21:23:09','Rimmel','67c4ae7a-5c69-4ac4-b264-21694434d2a0',224186,0,1,1325,NULL,18,''),(171,'','2017-11-19 21:23:10','Pezzi di vetro','1958ec4e-fd53-42e3-be71-fdc8048b8c8e',191186,0,2,1325,NULL,18,''),(172,'','2017-11-19 21:23:10','Il signor Hood (A M., con autonomia)','01d1207d-793a-49a0-a546-4a54a7cb160e',194040,0,3,1325,NULL,18,''),(173,'','2017-11-19 21:23:11','Pablo','25742fc4-7a37-4eda-b41f-b84c414a6af8',265293,0,4,1325,NULL,18,''),(174,'','2017-11-19 21:23:12','Buonanotte fiorellino','62ab3862-1ea6-4577-b824-759e286da7e9',126373,0,5,1325,NULL,18,''),(175,'','2017-11-19 21:23:13','Le storie di ieri','0bfd0b35-4a39-4f86-be15-5ab00d62b9e6',250906,0,6,1325,NULL,18,''),(176,'','2017-11-19 21:23:14','Quattro cani','1880fd1f-c77f-4a07-8702-caa83ae4c6ca',198826,0,7,1325,NULL,18,''),(177,'','2017-11-19 21:23:15','Piccola mela','e288c662-ae62-4d1e-8da4-8a0c886b9f47',168293,0,8,1325,NULL,18,''),(178,'','2017-11-19 21:23:16','Piano bar','1ead2640-9331-4c47-aaf8-6eb341d57814',163733,0,9,1325,NULL,18,''),(179,'','2017-11-19 21:23:22','Blues From an Airplane','01e19234-b1fe-457a-8645-8a2aed975bc4',0,0,1,1326,NULL,19,''),(180,'','2017-11-19 21:23:22','Let Me In','076ea84e-04aa-4024-b1b4-be7ea559e7e1',0,0,2,1326,NULL,19,''),(181,'','2017-11-19 21:23:22','Bringing Me Down','c004e2a7-a123-46d2-bcee-74b30eab62d1',0,0,3,1326,NULL,19,''),(182,'','2017-11-19 21:23:23','Come Up the Years','63dd9527-4208-453a-9a84-33ac509bf4a1',0,0,4,1326,NULL,19,''),(183,'','2017-11-19 21:23:24','Let\'s Go Together','60c7d005-2aeb-493e-b99a-96e89b04d054',0,0,5,1326,NULL,19,''),(184,'','2017-11-19 21:23:24','It\'s No Secret','0289178f-9ab7-4eb8-8d3e-542a441ad1ea',0,0,6,1326,NULL,19,''),(185,'','2017-11-19 21:23:25','Tobacco Road','76981491-d5ce-4dac-822e-f73cccdd5016',0,0,7,1326,NULL,19,''),(186,'','2017-11-19 21:23:25','Somebody to Love','2ff18ad6-f8cf-4a4d-88fb-e0d400873cdb',0,0,8,1326,NULL,19,''),(187,'','2017-11-19 21:23:25','Today','00050832-7a29-4146-ab1d-d184fa6fb4ea',0,0,9,1326,NULL,19,''),(188,'','2017-11-19 21:23:26','She Has Funny Cars','d52c9e50-addd-4403-80be-e8d43fe2dc36',0,0,10,1326,NULL,19,''),(189,'','2017-11-19 21:23:26','White Rabbit','6419552f-a1c6-4cd6-9f3d-944e2ec6d7a2',0,0,11,1326,NULL,19,''),(190,'','2017-11-19 21:23:26','Comin\' Back to Me','5e11a4a5-4b6a-4854-88dd-54bce5c70ffe',0,0,12,1326,NULL,19,''),(191,'','2017-11-19 21:23:27','Embryonic Journey','8724bc39-8397-40e2-9060-f20707e65513',0,0,13,1326,NULL,19,''),(192,'','2017-11-19 21:23:27','Plastic Fantastic Lover','073f0308-329a-45df-a33d-cb913a988aa9',0,0,14,1326,NULL,19,''),(193,'','2017-11-19 21:23:28','3/5 of a Mile in 10 Seconds (live)','98ce8867-7773-49d6-93dc-1295b026a5fd',0,0,15,1326,NULL,19,''),(194,'','2017-11-19 21:23:29','Introduction / Darlin\' Cora','0a29d9db-b272-4cb3-9cef-6b8dcd0a9a5f',242000,0,1,NULL,NULL,20,''),(195,'','2017-11-19 21:23:30','Sylvie','a1c08d7a-accc-4500-8121-2debcdd756db',294000,0,2,NULL,NULL,20,''),(196,'','2017-11-19 21:23:31','Cotton Fields','35740fce-4213-44cb-ab3c-48984072580a',256000,0,3,NULL,NULL,20,''),(197,'','2017-11-19 21:23:31','John Henry','c0f5d663-c2fd-4eb1-ab79-90f00d151d9a',310000,0,4,NULL,NULL,20,''),(198,'','2017-11-19 21:23:32','Take My Mother Home','a159f59e-10b7-4c28-b3a8-1909ae90bad4',310000,0,5,NULL,NULL,20,''),(199,'','2017-11-19 21:23:33','The Marching Saints','efd37468-5048-4bd5-9170-ea6841a11c51',274000,0,6,NULL,NULL,20,''),(200,'','2017-11-19 21:23:33','Day-O','cbb7433c-43f2-45d0-89e1-b01c8857687d',220000,0,7,NULL,NULL,20,''),(201,'','2017-11-19 21:23:34','Jamaica Farewell','0fb78002-543f-4c07-b3aa-02e1cfb086a4',309000,0,8,NULL,NULL,20,''),(202,'','2017-11-19 21:23:35','Man Piaba','7b771323-1fb8-46ca-a0c5-96ac687663e4',388000,0,9,NULL,NULL,20,''),(203,'','2017-11-19 21:23:35','All My Trials','46ddb3fc-f194-4e88-9cb4-83047e17ba48',232000,0,10,NULL,NULL,20,''),(204,'','2017-11-19 21:23:36','Mama Look A Boo Boo','dcb035a0-c11f-405d-a9ff-6fc642264ed5',322000,0,11,NULL,NULL,20,''),(205,'','2017-11-19 21:23:37','Come Back Lisa','33695572-41ee-44e7-903a-0322525c6fd3',186000,0,12,NULL,NULL,20,''),(206,'','2017-11-19 21:23:38','Man Smart (Woman Smarter)','f0cdf282-9c2a-428f-8a73-db76dd35de1e',267000,0,13,NULL,NULL,20,''),(207,'','2017-11-19 21:23:42','Hava Nageela','b836b76c-f278-487e-83ef-0d2e4911f935',243000,0,14,NULL,NULL,20,''),(208,'','2017-11-19 21:23:43','Danny Boy','2f9f0cdd-a6eb-45b4-88c1-f230d3858fc4',324000,0,15,NULL,NULL,20,''),(209,'','2017-11-19 21:23:43','Merci Bon Dieu (From the Haitian Suite)','c8ed02de-8342-41a6-ac13-89d6505af1e5',169000,0,16,NULL,NULL,20,''),(210,'','2017-11-19 21:23:43','Cucurrucucú Paloma','42c56a4f-a887-4ea7-9240-dfa0add5fe9f',412000,0,17,NULL,NULL,20,''),(211,'','2017-11-19 21:23:44','Shenandoah','8db54589-4021-4f81-859a-d2e89ff17e78',229000,0,18,NULL,NULL,20,''),(212,'','2017-11-19 21:23:45','Matilda','0b459763-ee39-497a-a271-2f3108baac91',761000,0,19,NULL,NULL,20,''),(213,'','2017-11-19 21:23:50','I\'ll Be Your San Antone Rose','156782cf-228f-4136-8fe6-15dc83206b9f',185000,0,1,1327,NULL,21,''),(214,'','2017-11-19 21:23:54','If I Only Had the Words (To Tell You)','78cadec2-8c57-4e01-adb4-5fd7e3239bb8',192000,0,2,1327,NULL,21,''),(215,'','2017-11-19 21:23:55','We Still Sing Love Songs Here (In Texas)','d6ee2d4c-bbce-4d68-8d18-ec08173f016a',192000,0,3,1327,NULL,21,''),(216,'','2017-11-19 21:23:56','There Is a Place','ca070b69-0356-43aa-bed7-d230eb10ff10',143000,0,4,1327,NULL,21,''),(217,'','2017-11-19 21:23:57','Lying in My Arms','874b6a36-e1e6-4f4b-b01e-8930f5d30815',214000,0,5,1327,NULL,21,''),(218,'','2017-11-19 21:23:58','The Sweetest Thing (I\'ve Ever Known)','9bdda372-47b0-4d02-ac83-c974910c8929',204000,0,6,1327,NULL,21,''),(219,'','2017-11-19 21:23:58','A Good Love Is Like a Good Song','48a06e8d-0c6b-4077-a0a2-c3fe607d1370',177000,0,7,1327,NULL,21,''),(220,'','2017-11-19 21:24:00','Storms Never Last','39113ac5-2f75-4a72-8223-d792929a7861',183000,0,8,1327,NULL,21,''),(221,'','2017-11-19 21:24:01','Follow Me','94931eda-e690-4f42-a737-3e14857e63b9',179000,0,9,1327,NULL,21,''),(222,'','2017-11-19 21:24:04','Just Remember Who Your Friends Are','0e255d87-0e57-4489-8463-7dd64926cd78',176000,0,10,1327,NULL,21,''),(223,'','2017-11-19 21:24:05','I Don\'t Want to Have to Marry You','6ee067a4-d178-3b89-aa12-a0148b2b7a04',183000,0,1,NULL,NULL,22,''),(224,'','2017-11-19 21:24:06','Have I Told You Lately That I Love You','83f0e333-6c56-367a-b3ba-537f6e717ad4',179000,0,2,NULL,NULL,22,''),(225,'','2017-11-19 21:24:08','Teddy Bear','867fc50d-5bab-4cc6-bd0c-779d423d2497',0,0,1,1328,NULL,23,''),(226,'','2017-11-19 21:24:09','Little Rosa','e773d671-224d-48bb-8c75-468621ecf340',0,0,2,1328,NULL,23,''),(227,'','2017-11-19 21:24:10','It Ain\'t No Big Thing','8e027f8a-f7a1-436c-8bc4-e4656397f619',0,0,3,1328,NULL,23,''),(228,'','2017-11-19 21:24:14','Last Mile Of The Way','8d67e808-a96c-4cfd-82ea-017427adb288',0,0,4,1328,NULL,23,''),(229,'','2017-11-19 21:24:16','Bootlegger King','f4841a92-4633-493f-a845-5b6e1c21f36f',0,0,5,1328,NULL,23,''),(230,'','2017-11-19 21:24:17','Daddy','6bdb3d33-ef78-4e12-b32b-c365f6734dc3',0,0,6,1328,NULL,23,''),(231,'','2017-11-19 21:24:18','Love Is','ba2a689f-963d-4c3b-8f4f-7a51c36884fa',0,0,7,1328,NULL,23,''),(232,'','2017-11-19 21:24:19','1460 Elder Street','76f2bc79-8223-4287-8d58-8c6fec72b8ad',0,0,8,1328,NULL,23,''),(233,'','2017-11-19 21:24:20','Does Steppin\' Out Mean Daddy Took A Walk','87e657b3-f731-429d-b0e8-fe062de78e4c',0,0,9,1328,NULL,23,''),(234,'','2017-11-19 21:24:20','18 Wheels Hummin\' Home Sweet Home','6714c0e0-3e09-44fd-a4d1-c1802867fca9',0,0,10,1328,NULL,23,''),(235,'','2017-11-19 21:24:21','Sad Violins','d31a1338-eebd-4bd8-a3ec-b78a3f1d8448',0,0,11,1328,NULL,23,''),(236,'','2017-11-19 21:24:22','Stadaconé','c4c793fd-8812-3c55-909b-e17b85a4b464',600533,0,1,NULL,NULL,24,''),(237,'','2017-11-19 21:24:23','Le Cosmophile','9b717ae4-d137-3f6a-9f22-54c6bf2502d5',328506,0,2,NULL,NULL,24,''),(238,'','2017-11-19 21:24:26','Il Faut Sauver Barbara','e38fd6e4-742c-3358-8f11-a1497f2fc8ca',250146,0,3,NULL,NULL,24,''),(239,'','2017-11-19 21:24:27','Ad Hoc','fff8a10d-e26e-378d-a204-6335c8e63d98',262213,0,4,NULL,NULL,24,''),(240,'','2017-11-19 21:24:29','La \"Baloune\" de Varenkurtel au Zythogala','7f857f74-5e40-3f3d-83ac-5aaa41985c5f',287960,0,5,NULL,NULL,24,''),(241,'','2017-11-19 21:24:29','Isacaaron (Ou le Démon des Choses Sexuelles)','5f233715-4f31-3425-8a4e-9dfe82861ed6',662640,0,6,NULL,NULL,24,''),(242,'','2017-11-19 21:24:32','Blue Christmas','b7522509-5a22-3d2c-836f-c3fd25462499',125000,0,1,NULL,NULL,25,''),(243,'','2017-11-19 21:24:33','O Come, All Ye Faithful','011d5a52-f9ab-3fd7-acdf-b710269ce120',167000,0,2,NULL,NULL,25,''),(244,'','2017-11-19 21:24:34','On A Snowy Christmas Night','6d5d5c49-5eb8-3b0e-8e95-2603fef43ab9',166000,0,3,NULL,NULL,25,''),(245,'','2017-11-19 21:24:37','It Won\'t Seem Like Christmas (Without You)','b7bc1fa0-c5a9-3cb5-8d38-7d043f21ee81',158000,0,4,NULL,NULL,25,''),(246,'','2017-11-19 21:24:39','Holly Leaves (& Christmas Trees)','c454e2a2-f696-3371-8d3b-2955d1678b0d',132000,0,5,NULL,NULL,25,''),(247,'','2017-11-19 21:24:39','Santa Bring My Baby Back (To Me)','15fbe13a-3171-357e-b813-82e172bd6ff4',112000,0,6,NULL,NULL,25,''),(248,'','2017-11-19 21:24:41','I\'ll Be Home on Christmas Day','d2588ca1-72a7-3b03-9bc1-2743bdb4bcde',228000,0,7,NULL,NULL,25,''),(249,'','2017-11-19 21:24:42','Santa Claus Is Back in Town','30892226-350a-3f0c-a1d6-1bcc5179b49d',141000,0,8,NULL,NULL,25,''),(250,'','2017-11-19 21:24:43','Silent Night','6d6e4bbe-aac7-3d30-9374-d73cc85179ba',143000,0,9,NULL,NULL,25,''),(251,'','2017-11-19 21:24:44','Here Comes Santa Claus (Down Santa Claus Lane)','40084d08-af14-3303-97d9-3ddc894a6870',120000,0,10,NULL,NULL,25,''),(252,'','2017-11-19 21:24:45','Winter Wonderland','81256c17-e244-3ea7-a363-4af0900d3be1',197000,0,11,NULL,NULL,25,''),(253,'','2017-11-19 21:24:46','White Christmas','8189a5d2-4c6f-33c3-847f-99fb58ad76de',143000,0,12,NULL,NULL,25,''),(254,'','2017-11-19 21:24:48','Silver Bells','2d4ac860-ecf8-39f9-a09f-e084d3bda4b4',147000,0,13,NULL,NULL,25,''),(255,'','2017-11-19 21:24:49','Mama Liked The Roses','61ce4280-6682-36db-a1d0-00c5f885ed7b',155000,0,14,NULL,NULL,25,''),(256,'','2017-11-19 21:24:52','Theme From S.W.A.T.','734f1b8f-eb02-4e95-88d5-32ce375d5fa4',227000,0,1,1329,NULL,26,''),(257,'','2017-11-19 21:24:53','More','483368fa-554e-4c88-be96-ce85c2834a8c',269000,0,2,1329,NULL,26,''),(258,'','2017-11-19 21:24:54','Sugar, Sugar','11cead43-8c5a-4ca8-a0a9-632a7f160a31',262000,0,3,1329,NULL,26,''),(259,'','2017-11-19 21:24:58','Dawn Patrol','7d41e13d-1712-4f27-bdb0-7f29a9c944c9',260000,0,4,1329,NULL,26,''),(260,'','2017-11-19 21:24:59','Early Riser','48ca7b77-f8cf-4e6d-89f7-921291ca29a0',292000,0,5,1329,NULL,26,''),(261,'','2017-11-19 21:25:00','Crazy, Crazy','2828ecf4-c079-4c1e-9e93-4e03150240d6',190000,0,6,1329,NULL,26,''),(262,'','2017-11-19 21:25:00','Manha De Carnaval','02eb7c79-3ba5-4993-a1ff-09bac9a795ce',290000,0,7,1329,NULL,26,''),(263,'','2017-11-19 21:25:01','Shadow Of Your Smile','8094ac43-e867-4b68-9836-8907744b032e',294000,0,8,1329,NULL,26,''),(264,'','2017-11-19 21:25:02','Sleepwalk','0ea25b07-d494-455b-9b65-ce657c9e4bf1',205000,0,9,1329,NULL,26,''),(265,'','2017-11-19 21:25:04','Fatti mandare dalla mamma a prendere il latte','d4d0e525-aa6b-3805-8ef0-1f4353e3f210',132000,0,1,NULL,NULL,27,''),(266,'','2017-11-19 21:25:05','In ginocchio da te','60cecc30-a53b-34cf-aad3-dd516e628cf2',192000,0,2,NULL,NULL,27,''),(267,'','2017-11-19 21:25:06','Non son degno di te','9f55100c-42d2-33d2-82e1-a9ad88c21e6a',182000,0,3,NULL,NULL,27,''),(268,'','2017-11-19 21:25:06','Se non avessi più te','620f6c7b-2a76-3d87-a829-288bd4c9467c',173000,0,4,NULL,NULL,27,''),(269,'','2017-11-19 21:25:07','Si fa sera','f3ac3fce-2a0c-3dc4-ba8a-c6bff66e070a',163000,0,5,NULL,NULL,27,''),(270,'','2017-11-19 21:25:10','La fisarmonica','70f79eb6-75d7-319b-aac7-afc7875f4231',173000,0,6,NULL,NULL,27,''),(271,'','2017-11-19 21:25:10','Notte di ferragosto','d1cd858a-c789-32ef-bad1-a8d0b035d8d2',154000,0,7,NULL,NULL,27,''),(272,'','2017-11-19 21:25:12','Se perdo te','7c8b4a90-34bb-313c-b27e-4312bed6f4ee',149000,0,8,NULL,NULL,27,''),(273,'','2017-11-19 21:25:16','C\'era un ragazzo che come me amava i Beatles e i Rolling Stones','ff5604a9-a5a4-38a0-bc22-d11807c971d7',185000,0,9,NULL,NULL,27,''),(274,'','2017-11-19 21:25:17','Un mondo d\'amore','7255e48a-4070-3739-bed6-b5b061e31ee2',162000,0,10,NULL,NULL,27,''),(275,'','2017-11-19 21:25:18','Tenerezza','eecc3b97-74ec-3991-b220-dda91f30e123',191000,0,11,NULL,NULL,27,''),(276,'','2017-11-19 21:25:19','Chimera','4718380c-cde2-3a40-9dde-7aaff0e0ca09',177000,0,12,NULL,NULL,27,''),(277,'','2017-11-19 21:25:22','Sylvie','df592288-b90d-3775-8dc9-049794d3799c',192000,0,1,1330,NULL,28,''),(278,'','2017-11-19 21:25:23','Piazza Grande','d6a00301-bd8c-395b-a45d-db8b0575c5e6',234000,0,2,1330,NULL,28,''),(279,'','2017-11-19 21:25:24','Itaca','a28c9be6-3bcb-39bd-bf49-8d6466dc05a3',247000,0,3,1330,NULL,28,''),(280,'','2017-11-19 21:25:28','La casa in riva al mare','7b0347e9-5119-3290-8411-cae5ac6d6f09',234000,0,4,1330,NULL,28,''),(281,'','2017-11-19 21:25:29','Paff... bum','3bc2958b-66d4-312e-aa3b-512da8394b33',140000,0,5,1330,NULL,28,''),(282,'','2017-11-19 21:25:29','4/3/1943','5feba168-6e2a-3c69-b67f-4ae0a1349509',219000,0,6,1330,NULL,28,''),(283,'','2017-11-19 21:25:30','Un uomo come me','11b8af69-b5bb-3fe4-a04b-40b368f6f961',204000,0,7,1330,NULL,28,''),(284,'','2017-11-19 21:25:31','Anna Bellanna','a62a0f7e-122d-3e11-9d79-f05ef82b985e',200000,0,8,1330,NULL,28,''),(285,'','2017-11-19 21:25:31','Pezzo zero','c5065fba-4e3e-330f-ae45-6cf5d18c6045',175000,0,9,1330,NULL,28,''),(286,'','2017-11-19 21:25:32','Sulla rotta di Cristoforo Colombo','ab01ddfc-e646-348e-9f0a-1a5f841c2779',216000,0,10,1330,NULL,28,''),(287,'','2017-11-19 21:25:34','Nous nous sommes tant aimés','447778b9-b221-4075-9779-766900f3b647',195000,0,1,1331,NULL,29,''),(288,'','2017-11-19 21:25:34','Macadam à 4 voies','fa7f32b7-5f95-4a96-824b-eb13ebe5a0e6',200000,0,2,1331,NULL,29,''),(289,'','2017-11-19 21:25:36','Alice','54fb3345-0f6b-4213-8e5a-5a7452344a52',225066,0,1,1332,NULL,30,''),(290,'','2017-11-19 21:25:36','La casa di Hilde','eb4607e5-637b-41c4-9a50-9e752cc2c708',280173,0,2,1332,NULL,30,''),(291,'','2017-11-19 21:25:36','Il ragazzo','1a735210-b120-4c3e-b375-4c89716b1582',264666,0,3,1332,NULL,30,''),(292,'','2017-11-19 21:25:36','Souvenir','af35295a-fc8f-47e5-97f1-dc1d01525757',119200,0,4,1332,NULL,30,''),(293,'','2017-11-19 21:25:36','Niente da capire','93e82d41-6e02-4ef5-ad78-1e7419e10a95',188160,0,5,1332,NULL,30,''),(294,'','2017-11-19 21:25:37','Signora Aquilone','0bc86d16-8724-414c-8162-4a346955fd56',198266,0,6,1332,NULL,30,''),(295,'','2017-11-19 21:25:37','1940','ae74d810-6aab-4e7b-bfa5-a045fb84c829',256666,0,7,1332,NULL,30,''),(296,'','2017-11-19 21:25:37','Bene','688768ea-35ef-44e3-b00f-24951ee469a7',260400,0,8,1332,NULL,30,''),(297,'','2017-11-19 21:25:37','Cercando un altro Egitto','42e237fe-a60a-49b3-a111-12478b7e0c1b',223400,0,9,1332,NULL,30,''),(298,'','2017-11-19 21:25:37','I musicanti','7b25ba49-c602-4dfe-861b-8243a0de1f8b',127600,0,10,1332,NULL,30,''),(299,'','2017-11-19 21:25:42','The Sleazy Remix','85a5c6e3-44a5-4e32-a541-f7b3d1e2ff39',228000,0,1,1333,NULL,31,''),(300,'','2017-11-19 21:25:44','Only Human','7c69db03-1fcd-3cca-844e-13a489822970',213373,0,1,NULL,NULL,32,''),(301,'','2017-11-19 21:25:48','Hey You','3062a323-f633-31af-84ec-c2939d08ce97',148626,0,2,NULL,NULL,32,''),(302,'','2017-11-19 21:25:49','Bridges','d81e46aa-1efe-31d7-9a6a-709652c4f81b',216120,0,3,NULL,NULL,32,''),(303,'','2017-11-19 21:25:50','Use It for Good','f0ae7105-8f26-3a71-89e5-693a2b7532b6',221440,0,4,NULL,NULL,32,''),(304,'','2017-11-19 21:25:51','Out of It','2b785eb0-9b9e-3663-bfeb-16b96bac09ee',221760,0,5,NULL,NULL,32,''),(305,'','2017-11-19 21:25:52','You Don\'t Care','afa97ee7-8138-30de-9f16-462f4e48063f',185093,0,6,NULL,NULL,32,''),(306,'','2017-11-19 21:25:53','Work Song','f678574e-29d2-3b5b-9ffd-5ffae43c0eaf',172120,0,7,NULL,NULL,32,''),(307,'','2017-11-19 21:25:53','I Lay My Head','d5b116b4-d54d-3e65-81df-53d087f4b508',197840,0,8,NULL,NULL,32,''),(308,'','2017-11-19 21:25:55','The Black Cat Neighbourhood','a7bbe796-63b1-38db-a687-be15e9118968',192426,0,9,NULL,NULL,32,''),(309,'','2017-11-19 21:25:55','Give Us a Little Love','b4842a64-41a3-30fa-a420-3607a9615c90',225906,0,10,NULL,NULL,32,''),(310,'','2017-11-19 21:25:56','Hold Your Horses','71bb8ae5-b62f-35bc-a424-30a44dcb278a',142893,0,11,NULL,NULL,32,''),(311,'','2017-11-19 21:25:57','Back and Forth','5717bb1a-9b52-374f-bfbf-d3fc8597577c',187920,0,12,NULL,NULL,32,''),(312,'','2017-11-19 21:26:02','New York, You\'re My Concrete Lover','d9c111a6-a82f-3982-9f29-e48ff7fc93bf',184306,0,13,NULL,NULL,32,''),(313,'','2017-11-19 21:26:03','Wailing','28bae2c8-8ff5-34e2-b4b2-cbd3649259ff',122493,0,14,NULL,NULL,32,''),(314,'','2017-11-19 21:26:10','We R Who We R','35d1cfe2-a9b9-3cac-bccc-10f9f1169c83',204000,0,1,1334,NULL,33,''),(315,'','2017-11-19 21:26:11','Sleazy','af55b9d6-add0-3c82-b63f-2c1f58e64a2f',206000,0,2,1334,NULL,33,''),(316,'','2017-11-19 21:26:11','Animal (Dave Audé remix)','9e5c7ca5-278d-3368-837d-37d06853444f',277000,0,3,1334,NULL,33,''),(317,'','2017-11-19 21:26:15','Animal - Billboard Remix','7928afec-8d41-3f93-879e-4c5da3e7e733',255000,0,4,1334,NULL,33,''),(318,'','2017-11-19 21:26:17','What the Hell','844e2d8d-a63e-37ec-b375-fbcbaa28a0da',219000,0,1,1335,NULL,34,''),(319,'','2017-11-19 21:26:18','Alice','678b7ff1-d749-300f-a272-5a42d818cdde',300000,0,2,1335,NULL,34,''),(320,'','2017-11-19 21:26:19','What the Hell (instrumental)','5d3c4445-c9ff-3dca-b94d-0dd76733dcfe',219000,0,3,1335,NULL,34,''),(321,'','2017-11-19 21:26:24','We Can Be Together','5fca4e2f-da00-3f33-80f5-3baa477036d9',348000,0,1,1336,NULL,35,''),(322,'','2017-11-19 21:26:25','Good Shepherd','3ad512d6-7e15-35cb-b064-c704f6e677dc',263000,0,2,1336,NULL,35,''),(323,'','2017-11-19 21:26:26','The Farm','0c339280-217c-32a9-81b8-6f388311b330',194000,0,3,1336,NULL,35,''),(324,'','2017-11-19 21:26:27','Hey Fredrick','f8b895b5-ff10-3a58-acfa-322d69801148',514000,0,4,1336,NULL,35,''),(325,'','2017-11-19 21:26:29','Turn My Life Down','69869c78-50ce-3156-9ef6-d08fe51d63d5',177000,0,5,1336,NULL,35,''),(326,'','2017-11-19 21:26:30','Wooden Ships','c0bb7fe1-7bc8-3775-bcba-49694b7551a7',388000,0,6,1336,NULL,35,''),(327,'','2017-11-19 21:26:31','Eskimo Blue Day','d98ee264-9012-3404-a152-fc2a03d07722',396000,0,7,1336,NULL,35,''),(328,'','2017-11-19 21:26:31','A Song for All Seasons','cdad8437-da37-3193-b851-bc90b7b0f06f',210000,0,8,1336,NULL,35,''),(329,'','2017-11-19 21:26:33','Meadowlands','175d5b66-078e-3949-9560-dbbcbefb7975',64000,0,9,1336,NULL,35,''),(330,'','2017-11-19 21:26:36','Volunteers','36083a3a-efbb-3618-9085-ad94cea4aac8',128000,0,10,1336,NULL,35,''),(331,'','2017-11-19 21:26:37','Good Shepherd (live, 1969-11: Fillmore East)','d2961a29-5f9d-3896-bdf1-75d5b7632302',440000,0,11,1336,NULL,35,''),(332,'','2017-11-19 21:26:38','Somebody to Love (live, 1969-11: Fillmore East)','36e1ede0-3566-31ff-b140-680635d4f35a',251000,0,12,1336,NULL,35,''),(333,'','2017-11-19 21:26:39','Plastic Fantastic Lover (live, 1969-11: Fillmore East)','5e74d066-2cff-3f94-93a2-ee701c2e0761',202000,0,13,1336,NULL,35,''),(334,'','2017-11-19 21:26:40','Wooden Ships (live, 1969-11: Fillmore East)','d026e119-cca0-3fd3-986b-eea50d0c0eaf',420000,0,14,1336,NULL,35,''),(335,'','2017-11-19 21:26:41','Volunteers (live, 1969-11: Fillmore East)','7599b821-6256-37b3-9eac-25f6d111b24e',207000,0,15,1336,NULL,35,''),(336,'','2017-11-19 21:26:44','Your Love Is My Drug','7b1a9368-b638-4840-8989-3e6cffa858c4',187000,0,1,1337,NULL,36,''),(337,'','2017-11-19 21:26:51','TiK ToK','17723a99-b302-4db7-bfd1-95f78230f00f',200000,0,2,1337,NULL,36,''),(338,'','2017-11-19 21:26:52','Take It Off','fcb8f7fc-56f2-4396-833c-1ef364b44289',215000,0,3,1337,NULL,36,''),(339,'','2017-11-19 21:26:53','Kiss n Tell','3ec54dfb-e657-4acd-86fc-63330e406b25',207000,0,4,1337,NULL,36,''),(340,'','2017-11-19 21:26:54','Stephen','69dc427d-c89c-4d59-ac1e-7c5ad9f431c1',212000,0,5,1337,NULL,36,''),(341,'','2017-11-19 21:26:55','Blah Blah Blah','c51b1483-00d3-4332-815c-d912e8b1cf09',172000,0,6,1337,NULL,36,''),(342,'','2017-11-19 21:26:56','Hungover','71e9f7c8-371a-4245-a8f0-ec8851dfd5be',232000,0,7,1337,NULL,36,''),(343,'','2017-11-19 21:26:57','Party at a Rich Dude’s House','5155dcb7-d45f-4d85-8318-d670e65573e1',175000,0,8,1337,NULL,36,''),(344,'','2017-11-19 21:26:58','Backstabber','2a850c7c-7585-4ebc-bacc-abf7c73afc58',186000,0,9,1337,NULL,36,''),(345,'','2017-11-19 21:26:59','Blind','67677168-e5a8-4ca3-9876-d6e69a8e939c',197000,0,10,1337,NULL,36,''),(346,'','2017-11-19 21:27:00','Dinosaur','856fdb80-d4ce-4df2-87c1-56159ff96851',175000,0,11,1337,NULL,36,''),(347,'','2017-11-19 21:27:01','Dancing With Tears in My Eyes','25b3025c-bde2-4b6d-b6e7-c73fda775b26',209000,0,12,1337,NULL,36,''),(348,'','2017-11-19 21:27:03','Boots & Boys','53ad1b6f-bcaa-493d-a928-83b72d349051',176000,0,13,1337,NULL,36,''),(349,'','2017-11-19 21:27:04','Animal','b3e9f218-fe08-4f74-b822-c1c3d611d9f3',237000,0,14,1337,NULL,36,''),(350,'','2017-11-19 21:27:05','VIP','436f1fcc-b077-49f7-864e-2b6e4cce6840',211000,0,15,1337,NULL,36,''),(351,'','2017-11-19 21:27:07','Dirty Picture, Part 2','51b8036c-dbf6-4e09-b15e-94553554b534',221000,0,16,1337,NULL,36,''),(352,'','2017-11-19 21:27:07','Cannibal','b09ef009-76f9-4e0a-ac5c-2fa349df076c',194000,0,17,1337,NULL,36,''),(353,'','2017-11-19 21:27:07','We R Who We R','76b5cffa-1b65-4317-8c6e-ebe41e5e1ab3',204000,0,18,1337,NULL,36,''),(354,'','2017-11-19 21:27:07','Sleazy','3f4b3702-404d-491c-ba91-099af7865b70',206000,0,19,1337,NULL,36,''),(355,'','2017-11-19 21:27:09','Blow','43526c42-0840-4fc8-88c5-92dd7ee8aacf',219000,0,20,1337,NULL,36,''),(356,'','2017-11-19 21:27:10','The Harold Song','571f488d-82cf-49f9-9dc6-df3254520288',238000,0,21,1337,NULL,36,''),(357,'','2017-11-19 21:27:11','Crazy Beautiful Life','76f09719-0651-4259-bbc8-0c8f328a450e',170000,0,22,1337,NULL,36,''),(358,'','2017-11-19 21:27:12','Grow a Pear','c6cb2172-c958-4757-8073-304864032d3a',208000,0,23,1337,NULL,36,''),(359,'','2017-11-19 21:27:13','C U Next Tuesday','2d162f2d-e4c9-4c06-93f1-9a12faeb6a71',231000,0,24,1337,NULL,36,''),(360,'','2017-11-19 21:27:13','Animal - Billboard Remix','1d73e164-ccac-45b6-abc3-f1d79fa3b3ab',255000,0,25,1337,NULL,36,''),(361,'','2017-11-19 21:27:13','The Sleazy Remix','dbf3a9c3-a943-4b0b-9635-18db74111402',228000,0,26,1337,NULL,36,''),(362,'','2017-11-19 21:27:19','Rockstar','604729ac-98d0-3b50-bf00-2c38cbf90f40',199146,0,1,1338,NULL,37,''),(363,'','2017-11-19 21:27:20','Bleame','846d065e-3d67-3303-a15c-6f8b3514e30d',211493,0,2,1338,NULL,37,''),(364,'','2017-11-19 21:27:21','Hod si mi','59721403-0a07-314c-a580-567b9b772bae',193373,0,3,1338,NULL,37,''),(365,'','2017-11-19 21:27:21','Vorbei geh','c4f95b93-13c4-372b-acb0-25d68ec1969b',194706,0,4,1338,NULL,37,''),(366,'','2017-11-19 21:27:22','Schau mi o','e02f343f-22a7-360e-94ae-fed24451a6e8',216493,0,5,1338,NULL,37,''),(367,'','2017-11-19 21:27:23','Drahn','835a4dff-083c-366d-8b0f-18fcc72916fd',191453,0,6,1338,NULL,37,''),(368,'','2017-11-19 21:27:24','Mexican Gringo','06f126a7-84a5-339a-9ef9-b6cdf4301ab8',201133,0,7,1338,NULL,37,''),(369,'','2017-11-19 21:27:24','Weil i di mog','e2dc4e16-575e-3af9-86bb-bc898a194a5d',206573,0,8,1338,NULL,37,''),(370,'','2017-11-19 21:27:26','Dirndl','e0fa2e15-f491-31c9-8073-64a6028b504c',217800,0,9,1338,NULL,37,''),(371,'','2017-11-19 21:27:27','Litanei','364c72f4-40d5-3015-9ac3-d59f14999bf7',177813,0,10,1338,NULL,37,''),(372,'','2017-11-19 21:27:28','Liveband','7a26ec7d-037b-39e7-bdaa-999e37faec9c',184400,0,11,1338,NULL,37,''),(373,'','2017-11-19 21:27:29','Berg','32566247-b8fa-3191-91f5-4f0925cccd7c',212440,0,12,1338,NULL,37,''),(374,'','2017-11-19 21:27:31','Rockstar','35438b57-8d6f-32dd-a06e-ff2f3c485b05',198013,0,1,1339,NULL,38,''),(375,'','2017-11-19 21:27:32','Rockstar (R&B version)','c5397183-e9ff-3343-bb37-b87d97262a9f',163933,0,2,1339,NULL,38,''),(376,'','2017-11-19 21:27:33','Rockstar (Petticoat version)','f4b91534-00b6-38c3-9528-baf86988dce0',177040,0,3,1339,NULL,38,''),(377,'','2017-11-19 21:27:38','I Like Them Girls','fd57c406-a162-378c-95cd-5c69f3c93752',0,0,1,1340,NULL,39,''),(378,'','2017-11-19 21:27:39','Fling','cbf8e595-a856-3af9-8ef7-b12101f7b080',0,0,2,1340,NULL,39,''),(379,'','2017-11-19 21:27:40','Lately','d5df7cc5-42d0-3bf7-90e1-7c22bdd03390',0,0,3,1340,NULL,39,''),(380,'','2017-11-19 21:27:41','On Top of Me','7ff44b04-dc66-36ef-8dac-ddda9624ae27',0,0,4,1340,NULL,39,''),(381,'','2017-11-19 21:27:42','Sweet Lady','8243ba74-eadd-369b-a5ea-b7a044cd05b1',0,0,5,1340,NULL,39,''),(382,'','2017-11-19 21:27:42','Signs of Love Makin\', Part II','340b52a4-5fd9-3a7e-bfd2-da1bff197ea1',0,0,6,1340,NULL,39,''),(383,'','2017-11-19 21:27:44','All Ghetto Girl','b09a2fae-b925-39fa-b716-b623121e4e43',0,0,7,1340,NULL,39,''),(384,'','2017-11-19 21:27:45','Come Back to Me Shawty','9684b71b-974e-3143-b692-106a3868ae29',0,0,8,1340,NULL,39,''),(385,'','2017-11-19 21:27:46','Just a Baby Boy','ac55c005-1f24-3a73-9f2a-9c8e91342f2e',0,0,9,1340,NULL,39,''),(386,'','2017-11-19 21:27:49','What Am I Gonna Do','64de2cc8-364e-37d7-a5f2-cab62367a557',0,0,10,1340,NULL,39,''),(387,'','2017-11-19 21:27:50','How You Gonna Act Like That','334983dc-6e96-343e-b278-2158f05b7793',0,0,11,1340,NULL,39,''),(388,'','2017-11-19 21:27:51','Taste My Love','f85be39a-a946-35e7-ad64-1499a45f366b',0,0,12,1340,NULL,39,''),(389,'','2017-11-19 21:27:51','I Can\'t Go On','677d0fa0-e249-335b-9dd2-a1a54af835e5',0,0,13,1340,NULL,39,''),(390,'','2017-11-19 21:27:53','She Let\'s Me Be a Man','1e647ce4-7f5b-385d-9113-1a495f63ea86',0,0,14,1340,NULL,39,''),(391,'','2017-11-19 21:27:56','Living Out Loud (KDA remix)','2755a10e-98c6-4b5a-93db-c9ccc8b964a4',221658,0,1,1341,NULL,40,''),(392,'','2017-11-19 21:27:58','No Small Talk','36cab674-66d8-45be-aff9-fd382b8b4050',181000,0,1,NULL,NULL,41,''),(393,'','2017-11-19 21:27:58','Broken Pussy','14339862-6c8f-45c2-99bf-6c0992fb534f',80000,0,2,NULL,NULL,41,''),(394,'','2017-11-19 21:28:00','Lavish','d386c054-f6f1-4de9-b361-fb977376b863',206000,0,3,NULL,NULL,41,''),(395,'','2017-11-19 21:28:00','D2B (Dick 2 Bomb)','5bd464f9-1c18-43dd-9ef5-52b822936a57',259000,0,4,NULL,NULL,41,''),(396,'','2017-11-19 21:28:02','Top Down','a8ce6149-8571-487a-8ade-412e6f3a56da',149000,0,5,NULL,NULL,41,''),(397,'','2017-11-19 21:28:03','Palm Trees','12d0957c-16a5-40c2-a947-318f650f0aa7',214000,0,6,NULL,NULL,41,''),(398,'','2017-11-19 21:28:04','Girl','9fc414a1-94f7-4a8a-9d46-70f3ed5fc04a',430000,0,7,NULL,NULL,41,''),(399,'','2017-11-19 21:28:08','Keep You in Mind','08b59cb0-3427-4a23-bc94-fd70c98bd70b',196000,0,8,NULL,NULL,41,''),(400,'','2017-11-19 21:28:09','In the Meantime','c4ae54fe-7da4-4e5e-b1a5-c729520fa6e6',278000,0,9,NULL,NULL,41,''),(401,'','2017-11-19 21:28:10','Sugah Daddy','d992773b-354a-4bb4-a850-e6d41f7403f6',303000,0,10,NULL,NULL,41,''),(402,'','2017-11-19 21:28:11','Just Sayin / I Tried','993da7f2-060d-410b-b977-186abf65e482',412000,0,11,NULL,NULL,41,''),(403,'','2017-11-19 21:28:12','Conflict of a Man','dc38a67f-db81-4dba-be38-03d4c3b937b4',253000,0,12,NULL,NULL,41,''),(404,'','2017-11-19 21:28:12','Hold On','3c392ac9-45d5-43d9-a8d6-7c66749a6efd',207000,0,13,NULL,NULL,41,''),(405,'','2017-11-19 21:28:14','Heartbreaks + Setbacks','aae865d7-4738-4e53-b9d8-601e62db6921',204000,0,14,NULL,NULL,41,''),(406,'','2017-11-19 21:28:15','Borders','4a08ac6d-5a31-4be2-94e6-636d89b39ed6',185000,0,15,NULL,NULL,41,''),(407,'','2017-11-19 21:28:16','Plastic','64a0f334-f6be-4a8b-907d-e2ef617746c1',159000,0,16,NULL,NULL,41,''),(408,'','2017-11-19 21:28:21','Human Touch (acoustic version)','b52a6d49-64c5-4691-9da6-62f24c5d2881',251530,0,1,1342,NULL,42,''),(409,'','2017-11-19 21:28:22','Kerosene','182fae25-888f-42c1-a97e-a8e30a575528',193000,0,1,NULL,NULL,43,''),(410,'','2017-11-19 21:28:24','New Dawns','4e27e423-9934-4634-a950-37b34cde3719',182000,0,1,1343,NULL,44,''),(411,'','2017-11-19 21:28:25','Fast Car','20ae8558-4d71-48f6-aa8a-85b7e80d8701',240000,0,2,1343,NULL,44,''),(412,'','2017-11-19 21:28:26','Wild Things','dad4abea-753c-4c3c-87b5-f68356909715',192000,0,3,1343,NULL,44,''),(413,'','2017-11-19 21:28:27','Human','b5436955-c101-4ec4-8637-10546e922dc8',196000,0,4,1343,NULL,44,''),(414,'','2017-11-19 21:28:28','Piece of My Heart','09a6bb50-d8b4-4aad-9dd8-e4b8b1d042fd',159000,0,5,1343,NULL,44,''),(415,'','2017-11-19 21:28:29','Vedrai vedrai','ac964d5e-5c17-473f-967c-aec0ff25c392',200000,0,6,1343,NULL,44,''),(416,'','2017-11-19 21:28:35','She\'s Like a Star','7bc63c0d-8fed-4665-a24e-312c61f5aaca',170000,0,1,1344,NULL,45,''),(417,'','2017-11-19 21:28:36','Gold Digger','ecb2c0f4-c858-42cd-a7aa-10b7d73972ca',228000,0,2,1344,NULL,45,''),(418,'','2017-11-19 21:28:37','Where Is the Love?','2ee58363-4aa6-47ff-adae-6167649404e5',240000,0,3,1344,NULL,45,''),(419,'','2017-11-19 21:28:38','Holy Grail','eaceaaca-30fe-454e-a97c-50e04b7c0aac',284000,0,4,1344,NULL,45,''),(420,'','2017-11-19 21:28:39','Thinking out Loud','8d57427c-a46d-4b1e-86d1-025ff21ffa24',163000,0,5,1344,NULL,45,''),(421,'','2017-11-19 21:28:40','All That She Wants','47eadb2a-8be9-44e5-a2c0-bc728fc0d09b',153000,0,6,1344,NULL,45,''),(422,'','2017-11-19 21:28:43','Can\'t Do It Like Me','56912031-00a6-4b29-9147-0f254ae949a8',186000,0,1,1345,NULL,46,''),(423,'','2017-11-19 21:28:44','Going In','034738fc-2590-4d66-8871-fee0d60c5907',210000,0,2,1345,NULL,46,''),(424,'','2017-11-19 21:28:45','King','930dcae1-be06-4dac-9b84-11b5091338a9',227000,0,3,1345,NULL,46,''),(425,'','2017-11-19 21:28:46','One Minute','b89d98f2-00f7-498e-8551-7b4a5161eb8c',156000,0,4,1345,NULL,46,''),(426,'','2017-11-19 21:28:46','Going In','836bac5f-c3c1-49b9-9b75-c4e16e73e89e',210000,0,1,NULL,NULL,47,''),(427,'','2017-11-19 21:28:53','Vengeance on My Mind','19990b72-7548-4a79-a78c-d3e7e3b2cf82',207907,0,1,1346,NULL,48,''),(428,'','2017-11-19 21:28:56','What U Do to Me','a0b060ec-d711-47af-b973-be31733127ab',186000,0,1,1347,NULL,49,''),(429,'','2017-11-19 21:28:57','Cold Water','9789d2b1-fd1a-4b9e-937c-92abf46369a9',192000,0,2,1347,NULL,49,''),(430,'','2017-11-19 21:28:58','Animal','a1ab665c-7923-4779-9bc9-1725481bafe5',223000,0,3,1347,NULL,49,''),(431,'','2017-11-19 21:28:59','Confetti','fb0f0160-09f9-4adc-9da0-fb1d6589021c',239000,0,4,1347,NULL,49,''),(432,'','2017-11-19 21:29:00','Doo Wop','51c494fe-47c9-4ed0-98a5-187ca55aee5f',233000,0,5,1347,NULL,49,''),(433,'','2017-11-19 21:29:01','Heavy Dirty Soul','1a0c969c-15e3-403b-ac04-6266fdc94c70',201000,0,6,1347,NULL,49,''),(434,'','2017-11-19 21:29:07','Summer','318b874d-f8fc-4d45-83e1-a4bd44393fd1',224000,0,1,1348,NULL,50,''),(435,'','2017-11-19 21:29:11','I’m Electro','d5453f4e-43af-441b-932d-652cc44c6b35',46880,0,1,1349,NULL,51,''),(436,'','2017-11-19 21:29:12','There He Is','57361969-ab94-43ae-86dd-112e8d01bdcb',174453,0,2,1349,NULL,51,''),(437,'','2017-11-19 21:29:12','I’m Spider-Man','f6cf8a25-16d6-4917-bd9a-c5fbff23e00c',64267,0,3,1349,NULL,51,''),(438,'','2017-11-19 21:29:13','My Enemy','d78836bf-e207-44de-9147-db798cbeea34',497960,0,4,1349,NULL,51,''),(439,'','2017-11-19 21:29:14','Ground Rules','ca82211c-e5ac-41a1-986f-148973e204e3',71960,0,5,1349,NULL,51,''),(440,'','2017-11-19 21:29:18','Look at Me','a1c18021-3f1a-4f8b-b4eb-ff1356d0414c',190547,0,6,1349,NULL,51,''),(441,'','2017-11-19 21:29:19','Special Project','76a19cd1-fbdd-4811-9042-f299105ba2c3',194280,0,7,1349,NULL,51,''),(442,'','2017-11-19 21:29:20','You Need Me','ec4010a7-ea2f-4f15-b4d4-5e95f3f005cf',197187,0,8,1349,NULL,51,''),(443,'','2017-11-19 21:29:20','So Much Anger','0aea9a10-cb68-4afe-adce-7d898dc185bd',132200,0,9,1349,NULL,51,''),(444,'','2017-11-19 21:29:21','I’m Moving to England','70485f29-36f8-4e15-8f73-057f7c77fcba',63387,0,10,1349,NULL,51,''),(445,'','2017-11-19 21:29:22','I’m Goblin','e41a6961-7966-480b-a8e4-069a68db39ef',222707,0,11,1349,NULL,51,''),(446,'','2017-11-19 21:29:23','Let Her Go','9cbec5a1-6156-464f-9ea8-5987a89110cd',33880,0,12,1349,NULL,51,''),(447,'','2017-11-19 21:29:24','You’re My Boy','26da4233-6c19-41af-8829-57af187bbbb0',177093,0,13,1349,NULL,51,''),(448,'','2017-11-19 21:29:25','I Need to Know','a3c9e071-5775-4d1d-9a6c-7ea8207d14d7',300773,0,14,1349,NULL,51,''),(449,'','2017-11-19 21:29:26','Sum Total','6884ca10-1007-4e78-9089-e106fd392cb1',171333,0,15,1349,NULL,51,''),(450,'','2017-11-19 21:29:27','I Chose You','2d5d0dde-763b-443e-9c76-738eac929095',94187,0,16,1349,NULL,51,''),(451,'','2017-11-19 21:29:28','We’re Best Friends','0bdbf4a2-9762-427a-80df-21a722c20328',136987,0,17,1349,NULL,51,''),(452,'','2017-11-19 21:29:29','Still Crazy','cd8aef13-c0a0-49cf-9a5b-18f4f5bc9425',162600,0,18,1349,NULL,51,''),(453,'','2017-11-19 21:29:30','The Rest of My Life','51222411-ff70-4215-8a0f-a706dff59945',148200,0,19,1349,NULL,51,''),(454,'','2017-11-19 21:29:31','You’re That Spider Guy','748d5bab-870f-4e3c-b4f8-6f25afbabc0b',329800,0,20,1349,NULL,51,''),(455,'','2017-11-19 21:29:39','American Beauty','0995dc8a-ae22-49b5-b132-17f61ed5a296',246000,0,1,1350,NULL,52,''),(456,'','2017-11-19 21:29:40','Mary Mary','73cb2ea9-f1cd-42d1-b726-437ab4f6c3d5',168000,0,2,1350,NULL,52,''),(457,'','2017-11-19 21:29:41','Hurry Up Sundown','7b7e1f21-68cc-4e3c-a06d-3a24867fd3b8',197000,0,3,1350,NULL,52,''),(458,'','2017-11-19 21:29:42','Hey Blue Eyes','1f5f300e-ecbb-47c6-b290-8502ca9a6c6d',273000,0,4,1350,NULL,52,''),(459,'','2017-11-19 21:29:45','Budapest','57fab5ba-08d9-414e-a8f7-f4748642c9b3',202000,0,1,1351,NULL,53,''),(460,'','2017-11-19 21:29:55','Angry Hill','e8cf6237-7e3c-413a-bf4e-765063f32dff',250000,0,2,1351,NULL,53,''),(461,'','2017-11-19 21:29:58','Batuka','615312ca-6d1c-4298-a14f-9e35c1b06a6a',214183,0,1,1352,NULL,54,''),(462,'','2017-11-19 21:29:59','No One to Depend On','a2410557-e649-49fc-b220-e771dcdc988c',332136,0,2,1352,NULL,54,''),(463,'','2017-11-19 21:30:00','Taboo','5f8cf040-544a-4224-9ae2-463cdccf68eb',335097,0,3,1352,NULL,54,''),(464,'','2017-11-19 21:30:01','Toussaint L’Overture','bda9f57f-bf5a-4c56-b3a4-1905c8a5b2d8',355153,0,4,1352,NULL,54,''),(465,'','2017-11-19 21:30:02','Everybody’s Everything','75bd0bdb-ffea-40af-b282-6aad04b05869',210637,0,5,1352,NULL,54,''),(466,'','2017-11-19 21:30:03','Guajira','db6bac65-6687-462f-ba9b-bf2ccb387451',342559,0,6,1352,NULL,54,''),(467,'','2017-11-19 21:30:07','Jungle Strut','ab08e2cd-4ce9-4870-857d-5646dbb78d56',320048,0,7,1352,NULL,54,''),(468,'','2017-11-19 21:30:08','Everything’s Coming Our Way','130b4806-a1df-4d2a-8282-b43b49b7438b',195463,0,8,1352,NULL,54,''),(469,'','2017-11-19 21:30:08','Para los rumberos','fe3aea0d-1e2d-4806-bbf2-cdd8588f641e',167232,0,9,1352,NULL,54,''),(470,'','2017-11-19 21:30:10','Holding On for Life','20ce8b3b-62f3-44cf-9516-422a1c8b09b1',236000,0,1,NULL,NULL,55,''),(471,'','2017-11-19 21:30:10','Holding On for Life (Baio remix)','a5c872db-0d99-4352-8848-8c590b6b1f5e',319000,0,2,NULL,NULL,55,''),(472,'','2017-11-19 21:30:11','Holding On for Life (Nick Zinner remix)','e60f3baa-21b6-4c38-8947-07f26b009b79',289000,0,3,NULL,NULL,55,''),(473,'','2017-11-19 21:30:13','Holding On for Life (Doc McKinney & Ali Shaheed Muhammad remix)','7e963c02-1ba9-4a61-8c25-378369d3eb0b',207000,0,4,NULL,NULL,55,''),(474,'','2017-11-19 21:30:14','Holding On for Life (instrumental version)','77957bf8-e0bb-4268-9d46-f116c30d319f',236000,0,5,NULL,NULL,55,''),(475,'','2017-11-19 21:30:15','Holding On for Life (a cappella version)','579d57c4-4979-4499-861a-0726c8f56fd1',210000,0,6,NULL,NULL,55,''),(476,'','2017-11-19 21:30:22','Singing Winds, Crying Beasts','1cf5039b-d316-42ee-92dd-fcd879dd5f81',291310,0,1,1353,NULL,56,''),(477,'','2017-11-19 21:30:22','Black Magic Woman / Gypsy Queen','f9d34fff-6d4c-41cc-9895-281adeb500cd',320406,0,2,1353,NULL,56,''),(478,'','2017-11-19 21:30:23','Oye como va','e42c872b-a8cb-47a6-aea1-f6adf63bd866',260229,0,3,1353,NULL,56,''),(479,'','2017-11-19 21:30:25','Incident at Neshabur','1d0cc5f9-7554-48c8-b4fb-e54b64d0a3eb',302463,0,4,1353,NULL,56,''),(480,'','2017-11-19 21:30:25','Se acabó','d1e47cfb-8d18-4267-9467-d940d07f8056',174414,0,5,1353,NULL,56,''),(481,'','2017-11-19 21:30:26','Mother’s Daughter','5057b22a-3e0b-4918-8245-2d6c7544d4da',270728,0,6,1353,NULL,56,''),(482,'','2017-11-19 21:30:27','Samba pa ti','193a69c0-6406-4195-8d30-591d13ebdc15',289963,0,7,1353,NULL,56,''),(483,'','2017-11-19 21:30:27','Hope You’re Feeling Better','23c4bae6-11a0-4190-a4a0-9bfb0da262e8',249057,0,8,1353,NULL,56,''),(484,'','2017-11-19 21:30:28','El Nicoya','115721d0-a423-4987-ba08-a44ec437549e',89270,0,9,1353,NULL,56,''),(485,'','2017-11-19 21:30:32','The Reason (LP radio edit)','0cb02143-d17d-47f3-ba44-3b28cb85732d',235000,0,1,1354,NULL,57,''),(486,'','2017-11-19 21:30:33','When the Funk Hits the Fan (LP radio edit)','46b2d382-4729-4213-8974-3b06b50cf88c',246000,0,2,1354,NULL,57,''),(487,'','2017-11-19 21:30:34','The Reason (Bahamadia radio edit)','e581204e-a0d9-4f9f-a37d-1c5f1eadd4f1',275000,0,3,1354,NULL,57,''),(488,'','2017-11-19 21:30:38','The Reason (King Britt\'s original demo)','3834e983-dd24-4f5b-8088-0216425c60f2',249000,0,4,1354,NULL,57,''),(489,'','2017-11-19 21:30:39','When the Funk Hits the Fan (Mood II Swing Main Pass)','77b2ebca-99cb-4f2b-a0de-ba30f1fad9d4',575000,0,5,1354,NULL,57,''),(490,'','2017-11-19 21:30:39','When the Funk Hits the Fan (King Britt\'s original 12\" mix)','05de1c03-f6e2-4068-a7b9-57760abb5916',450000,0,6,1354,NULL,57,''),(491,'','2017-11-19 21:30:40','When the Funk Hits the Fan (Mood II Swing When the Dub Hits the Fan)','1117b2b2-b947-45fb-8f84-755aa18b8b94',423000,0,7,1354,NULL,57,''),(492,'','2017-11-19 21:30:42','Ascension (No One\'s Gonna Love You, So Don\'t Ever Wonder) (The Tribute cut)','b91a86d0-6ff5-303c-a7bb-d807f086f1c1',257800,0,1,1355,NULL,58,''),(493,'','2017-11-19 21:30:43','Ascension (No One\'s Gonna Love You, So Don\'t Ever Wonder) (Uncut)','3a9235d3-56f4-3ceb-83c4-1b4042597d19',319760,0,2,1355,NULL,58,''),(494,'','2017-11-19 21:30:44','Ascension (No One\'s Gonna Love You, So Don\'t Ever Wonder) (Unsung)','d262c945-5665-3815-b80d-ba8f35ad52b3',218173,0,3,1355,NULL,58,''),(495,'','2017-11-19 21:30:45','Ascension (Dub Ever Wonder)','e81c07e9-83e7-3f25-9687-34891f2c749f',207533,0,4,1355,NULL,58,''),(496,'','2017-11-19 21:30:46','Ascension (Uncut)','ac4b594b-145f-3a81-bc74-f307e418fbde',350533,0,5,1355,NULL,58,''),(497,'','2017-11-19 21:30:50','Lock You Up n\' Love Fa Days','f4c7b73e-ca80-340b-8638-77431804f34c',326200,0,6,1355,NULL,58,''),(498,'','2017-11-19 21:30:51','Part 1','c4530488-5548-49b4-b2ee-6dd31197caaa',413733,0,1,NULL,NULL,59,''),(499,'','2017-11-19 21:30:51','Part 2','e4634743-fb55-4001-999c-c7195f200836',342666,0,2,NULL,NULL,59,''),(500,'','2017-11-19 21:30:52','Part 3: Uncut','620c9ed6-f822-4b58-8382-bdbcad0ce702',361000,0,3,NULL,NULL,59,''),(501,'','2017-11-19 21:30:53','Part 4: Lock You Up n’ Love fa Days','f80cbee7-88f5-4f99-b67c-ed6d77e0a41f',325800,0,4,NULL,NULL,59,''),(502,'','2017-11-19 21:30:54','Part 5: Lock You Up n’ Love fa Days Unsung','08acbd27-69ad-4446-81b7-579c4be2f77b',327626,0,5,NULL,NULL,59,''),(503,'','2017-11-19 21:30:55','Η επόμενη κίνηση','96399316-41ae-32cf-b6de-a07ef39f06ce',306000,0,1,1356,NULL,60,''),(504,'','2017-11-19 21:30:55','Σε πόσα ταμπλώ','8dff2c41-dbd9-3727-8f66-28d9fcf689b7',186000,0,2,1356,NULL,60,''),(505,'','2017-11-19 21:30:55','Όταν κάνουμε έρωτα','74a13c80-c6bb-3dec-8d02-9aaea4a21c2d',259000,0,3,1356,NULL,60,''),(506,'','2017-11-19 21:30:55','Σκεπαστό','b1c4d340-fb76-34f7-86b0-bf8f044c01e2',146000,0,4,1356,NULL,60,''),(507,'','2017-11-19 21:30:55','Αγάπη και μίσος','96cf3c0c-9cc9-37f4-8918-ebf5d8f16aa8',280000,0,5,1356,NULL,60,''),(508,'','2017-11-19 21:30:55','Πράγματα','797f4e3a-1f52-35a0-8734-bc7d231492fa',280000,0,6,1356,NULL,60,''),(509,'','2017-11-19 21:30:55','Αποδείξεις','044105a5-5002-3f72-97b6-3d19099364d3',169000,0,7,1356,NULL,60,''),(510,'','2017-11-19 21:30:55','Σ\' αγαπάω, τελεία και παύλα','91fe51bc-be83-313f-8088-e09ceb29a081',208000,0,8,1356,NULL,60,''),(511,'','2017-11-19 21:30:55','Με αγάπη από μένα για σένα','8cb98139-d9f5-3286-bda4-0195b71fee77',153000,0,9,1356,NULL,60,''),(512,'','2017-11-19 21:30:56','Δρόμος','53fcf0ea-fc3a-3ce9-b54b-cdb9a70adb4f',288000,0,10,1356,NULL,60,''),(513,'','2017-11-19 21:30:57','Are You There... (original version)','0239d3fa-4bbb-3ce9-bd8d-7f0cbbb1926c',588000,0,1,NULL,NULL,61,''),(514,'','2017-11-19 21:30:57','Are You There... (a cappella)','d9bf162b-ea5a-390e-af76-fd33f632627c',59000,0,2,NULL,NULL,61,''),(515,'','2017-11-19 21:30:58','Are You There... (New mix)','c92dc0ee-c41b-35e5-bf92-30f2ce372e84',530000,0,3,NULL,NULL,61,''),(516,'','2017-11-19 21:30:59','Are You There... (original remix)','b150676f-b1db-35f8-8410-6eaf75da58eb',534000,0,4,NULL,NULL,61,''),(517,'','2017-11-19 21:30:59','Are You There, My Friend (remix)','6bfde260-71c0-3660-a6ce-f254cee51d8f',262000,0,5,NULL,NULL,61,''),(518,'','2017-11-19 21:31:00','Autumn Dayz','a7eb6cc4-08e4-33e6-8cc6-77168a0c2bcb',455000,0,6,NULL,NULL,61,''),(519,'','2017-11-19 21:31:01','Shout (Play Boys vocal edit mix)','3d0bafff-16ee-3cc7-ba01-4fc6beeb69aa',231000,0,1,NULL,NULL,62,''),(520,'','2017-11-19 21:31:02','Shout (Staxx of Joy original mix)','25c52509-3cb8-3b68-bf94-86cddeb5712d',251000,0,2,NULL,NULL,62,''),(521,'','2017-11-19 21:31:02','Shout (Play Boys vocal 12\" mix)','a876685f-e406-380e-a83f-45bf48046e62',428000,0,3,NULL,NULL,62,''),(522,'','2017-11-19 21:31:03','Shout (Play Boys Fully Loaded dub mix)','44956edf-96ea-3aaa-980b-0519d3bbeadc',449000,0,4,NULL,NULL,62,''),(523,'','2017-11-19 21:31:04','Shout (Marks! Screamin\' vocal mix)','e9833e99-6716-3347-adda-ab27d322c381',681000,0,5,NULL,NULL,62,''),(524,'','2017-11-19 21:31:06','Always Be My Baby','20174720-25ab-3b57-bdb7-39e36574276d',260826,0,1,1357,NULL,63,''),(525,'','2017-11-19 21:31:07','Always Be My Baby (Mr. Dupri mix)','d79d4067-ec7b-39b5-99f7-d3fbecb63a06',281973,0,2,1357,NULL,63,''),(526,'','2017-11-19 21:31:08','Slipping Away','e1d3e90e-eea6-3bac-8871-b786701ff2bb',269200,0,3,1357,NULL,63,''),(527,'','2017-11-19 21:31:09','I Like It (edit)','befa0f2c-0a1b-35c9-8fc2-07730aff8576',260000,0,1,NULL,NULL,64,''),(528,'','2017-11-19 21:31:10','Joy / Reach / I\'m Gonna Get You','b3834891-ac2b-3cc3-86f4-41afad48c80f',414000,0,2,NULL,NULL,64,''),(529,'','2017-11-19 21:31:10','Άσε τον παλιόκοσμο να λέει','3160fc5a-1f76-3137-8e63-8f856abaade2',216000,0,1,NULL,NULL,65,''),(530,'','2017-11-19 21:31:10','Θα ξαναρθείς','d41e2243-dfba-3d0a-b02d-fa135d135c52',181000,0,2,NULL,NULL,65,''),(531,'','2017-11-19 21:31:10','Ψεύτικα βγήκανε όσα ονειρεύτηκα','323d53fd-9308-3516-9abb-a1ab8e904727',83000,0,3,NULL,NULL,65,''),(532,'','2017-11-19 21:31:10','Ας ερχόσουν για λίγο','a342c2b0-06f5-3822-a146-aa54824ae889',218000,0,4,NULL,NULL,65,''),(533,'','2017-11-19 21:31:10','Δυο πράσινα μάτια','49c8c0a5-78f0-30c7-91dd-8601a4f2d157',214000,0,5,NULL,NULL,65,''),(534,'','2017-11-19 21:31:10','Καινούρια ζωή','56671789-0bd9-3408-aadd-e66c07e93a01',99000,0,6,NULL,NULL,65,''),(535,'','2017-11-19 21:31:10','Ζητάτε να σας πω','8c243103-1cc5-3ca1-a7bb-aa3644d4af39',179000,0,7,NULL,NULL,65,''),(536,'','2017-11-19 21:31:10','Ήταν γραμμένο στη ζωή να σε γνωρίσω','c175ae06-08ea-3d57-913c-d32d7a93d421',177000,0,8,NULL,NULL,65,''),(537,'','2017-11-19 21:31:10','Ήρθες αργά','d516dc88-1493-3579-860b-c926cc7a098e',116000,0,9,NULL,NULL,65,''),(538,'','2017-11-19 21:31:10','Χωρίς φιλί','54252f1a-f7d6-357d-94c4-09ee1970423e',109000,0,10,NULL,NULL,65,''),(539,'','2017-11-19 21:31:10','Από μέσα πεθαμένος','22969aa6-8c6f-335f-b7e4-76ecd56dde8e',183000,0,11,NULL,NULL,65,''),(540,'','2017-11-19 21:31:10','Πάμε στο άγνωστο','bca83353-fea1-3111-b895-5363d2110bb7',234000,0,12,NULL,NULL,65,''),(541,'','2017-11-19 21:31:13','I Finally Found Someone','b78dc77b-060d-382d-89a3-742b89528e42',223533,0,1,1358,NULL,66,''),(542,'','2017-11-19 21:31:14','Let\'s Make a Night to Remember','bd5d1da1-eeee-3223-a56f-19aeb82d0e3e',380000,0,2,1358,NULL,66,''),(543,'','2017-11-19 21:31:15','Evergreen (Love Theme from \"A Star Is Born\") (Spanish version)','9e539dce-62d8-335a-bc12-dc3f0c5c6123',186493,0,3,1358,NULL,66,''),(544,'','2017-11-19 21:31:18','Italian Love Song','9edc8d5c-77c7-311e-96be-8cf9753767e5',230640,0,1,1359,NULL,67,''),(545,'','2017-11-19 21:31:19','Take Me Apart','55228301-1905-3347-9f68-3e474b5c5d12',243066,0,2,1359,NULL,67,''),(546,'','2017-11-19 21:31:19','Dare You to Be Happy (remix)','d124cf1f-dc3f-3b65-9773-52d00a4accbb',273746,0,3,1359,NULL,67,''),(547,'','2017-11-19 21:31:21','Je voudrais que tu me consoles','c17af73a-77af-305b-a922-054ba1f40910',232960,0,1,1360,NULL,68,''),(548,'','2017-11-19 21:31:21','L\'Âge que j\'ai','88e8fde0-af91-3805-8ad8-8367e84cbfdd',194960,0,2,1360,NULL,68,''),(549,'','2017-11-19 21:31:22','Le Sort du monde','94725baa-38aa-335e-bedc-4c47f226b07b',230160,0,3,1360,NULL,68,''),(550,'','2017-11-19 21:31:22','À quoi ça sert','6b63f01e-c192-355e-b004-71a93eaaec9b',201653,0,4,1360,NULL,68,''),(551,'','2017-11-19 21:31:23','Couvre-moi','0ca99f9f-9598-3cd8-bbd8-24faeb794afb',239360,0,5,1360,NULL,68,''),(552,'','2017-11-19 21:31:24','On efface','9d7a9d9c-eb88-3456-94b5-bd701c6f7c33',253000,0,6,1360,NULL,68,''),(553,'','2017-11-19 21:31:24','Dans ces villes','64b7feb3-32f6-3888-9da9-27e56a64603f',227546,0,7,1360,NULL,68,''),(554,'','2017-11-19 21:31:25','Rendez-moi le silence','48e42d2e-b0fd-39cf-ac3c-27147c7ea737',221080,0,8,1360,NULL,68,''),(555,'','2017-11-19 21:31:26','L\'amour s\'en fout','b184863d-b2ef-3d76-9242-873de14a3795',257000,0,9,1360,NULL,68,''),(556,'','2017-11-19 21:31:27','Prends soin de moi','3dcc46ef-3a5a-3298-9791-09617079fd40',211373,0,10,1360,NULL,68,''),(557,'','2017-11-19 21:31:27','Lis dans mes pensées','022fc6dc-d5bc-36a6-b6b8-252f778e262d',168626,0,11,1360,NULL,68,''),(558,'','2017-11-19 21:31:27','Des nouvelles','d3957249-9aaf-3db0-bfb0-10a758c2d8e1',225773,0,12,1360,NULL,68,''),(559,'','2017-11-19 21:31:28','Comme vous','1f315015-b111-307d-93ff-dff0cafd9c41',225386,0,13,1360,NULL,68,''),(560,'','2017-11-19 21:31:29','Mon amour','9604a611-3e08-3354-9219-ba23961ef6ae',698306,0,14,1360,NULL,68,''),(561,'','2017-11-19 21:31:31','Calling All Angels','7676ec52-90e0-3a2e-b506-dcb7cf2c6d48',317533,0,1,1361,NULL,69,''),(562,'','2017-11-19 21:31:32','She’s on Fire','60d9a956-2845-3908-b935-03eef0b42f14',264693,0,2,1361,NULL,69,''),(563,'','2017-11-19 21:31:32','Meet Virginia','83c70136-b686-3fde-84ed-361e5290d879',283400,0,3,1361,NULL,69,''),(564,'','2017-11-19 21:31:33','Save the Day','095b1160-d0d5-318a-99f0-09e330bb54c5',430506,0,4,1361,NULL,69,''),(565,'','2017-11-19 21:31:34','Get to Me','46d1df40-da28-368b-84e2-a1d4066dac3f',373360,0,5,1361,NULL,69,''),(566,'','2017-11-19 21:31:35','Landmine','68355a83-f0dc-39f9-8abe-0233afe951de',224706,0,6,1361,NULL,69,''),(567,'','2017-11-19 21:31:35','All American Girl','fdb7d718-112e-303c-ae6e-290ea9cd3bdd',281560,0,7,1361,NULL,69,''),(568,'','2017-11-19 21:31:36','When I Look to the Sky','5d114e41-6cd8-3f40-9b4a-c9798b2d3ed0',246733,0,8,1361,NULL,69,''),(569,'','2017-11-19 21:31:37','Latin Interlude','dbe0ba20-98ed-397f-8582-be595e77aefa',108440,0,9,1361,NULL,69,''),(570,'','2017-11-19 21:31:38','I Wish You Would','f397ae64-5229-3f9a-a9c6-cb0772060df6',264693,0,10,1361,NULL,69,''),(571,'','2017-11-19 21:31:39','Sweet Rain','1eab90d3-6563-35d2-aa89-b02e29ba43a1',395600,0,11,1361,NULL,69,''),(572,'','2017-11-19 21:31:43','Free','569da7f5-292e-3d51-8d13-dd23b4c10583',405706,0,12,1361,NULL,69,''),(573,'','2017-11-19 21:31:44','Drops of Jupiter','d65e1e40-f916-3567-8027-849bf53662bd',267560,0,13,1361,NULL,69,''),(574,'','2017-11-19 21:31:44','Stay With Me','91088557-ff41-34df-9bb7-9f34cba51351',296240,0,14,1361,NULL,69,''),(575,'','2017-11-19 21:31:45','Ordinary','4ee56e9d-e22f-33bf-808c-aa24a960e1c2',214400,0,15,1361,NULL,69,''),(576,'','2017-11-19 21:31:46','New Sensation','c362c3e3-2a1b-38d9-8549-8802cd0061b6',207693,0,16,1361,NULL,69,''),(577,'','2017-11-19 21:31:47','Lose My Breath','538a139b-46dc-3135-917b-598ed5325e97',244080,0,1,NULL,NULL,70,''),(578,'','2017-11-19 21:31:48','Lose My Breath (Paul Johnson\'s club mix)','7eac56d5-b562-3a3b-9181-9d403dc9b090',366000,0,2,NULL,NULL,70,''),(579,'','2017-11-19 21:31:49','Why You Actin’','63bf84ff-fc6c-3145-9132-cc815c8f598c',267920,0,3,NULL,NULL,70,''),(580,'','2017-11-19 21:31:49','Alles Lüge','b9a0a346-2f6e-3ee8-9b74-8cddbac29ac8',255200,0,1,NULL,NULL,71,''),(581,'','2017-11-19 21:31:50','Lass uns das Ding drehn','a893d2aa-1025-3531-92c4-2c73a631edb9',222160,0,2,NULL,NULL,71,''),(582,'','2017-11-19 21:31:50','Für immer und dich','47af05dd-9a28-3467-992e-02f5e220a489',335173,0,3,NULL,NULL,71,''),(583,'','2017-11-19 21:31:51','Menschenfresser','c7e32c4e-6876-3053-a2c2-9f1612ee0f9c',238293,0,4,NULL,NULL,71,''),(584,'','2017-11-19 21:31:52','Junimond','58d9b23d-af6d-3120-8daa-1bdd54343ca8',240840,0,5,NULL,NULL,71,''),(585,'','2017-11-19 21:31:52','König von Deutschland','f6750862-cf44-33cb-b16a-400c80c89ff2',210826,0,6,NULL,NULL,71,''),(586,'','2017-11-19 21:31:53','Lass mich los','c8b583e5-476e-3572-8dfc-35b541a849a8',285866,0,7,NULL,NULL,71,''),(587,'','2017-11-19 21:31:54','So allein','40ca9dcb-5be3-3228-b3f3-c3b1542227f1',212733,0,8,NULL,NULL,71,''),(588,'','2017-11-19 21:31:54','Ich leb doch','ee809bd3-1488-31fd-a139-4f86da1a878f',206440,0,9,NULL,NULL,71,''),(589,'','2017-11-19 21:31:55','Bei Nacht','338be312-5355-3784-b93d-515300001a5a',365200,0,10,NULL,NULL,71,''),(590,'','2017-11-19 21:31:56','Waiting','27e59546-a315-3207-bd85-f5f9e568c525',247200,0,1,NULL,NULL,72,''),(591,'','2017-11-19 21:31:57','Evil Ways','d5b33749-aad1-3f56-ae3f-d797ad061a52',240333,0,2,NULL,NULL,72,''),(592,'','2017-11-19 21:31:58','Shades of Time','0d584137-be92-387f-bdfc-bc37ce2ab200',193826,0,3,NULL,NULL,72,''),(593,'','2017-11-19 21:31:58','Savor','e95a0d59-a517-3747-9983-58c1459d0284',167266,0,4,NULL,NULL,72,''),(594,'','2017-11-19 21:31:59','Jingo','83655ea2-e80a-3588-ba29-4bf542d912db',263333,0,5,NULL,NULL,72,''),(595,'','2017-11-19 21:32:00','Persuasion','69b308c3-a74a-301e-a96c-06a732388423',156733,0,6,NULL,NULL,72,''),(596,'','2017-11-19 21:32:00','Treat','476490b7-9477-37aa-99a7-edbe9b98cf33',286906,0,7,NULL,NULL,72,''),(597,'','2017-11-19 21:32:01','You Just Don’t Care','4b891a6d-79b0-3dbf-8913-9c8b9a11840c',277866,0,8,NULL,NULL,72,''),(598,'','2017-11-19 21:32:02','Soul Sacrifice','a840374f-f463-339a-af65-dce828265286',402066,0,9,NULL,NULL,72,''),(599,'','2017-11-19 21:32:02','Savor (alternate take 2)','f362ddfd-a0f7-3138-b9d2-aa220d69fc49',177400,0,10,NULL,NULL,72,''),(600,'','2017-11-19 21:32:03','Soul Sacrifice (alternate take 4)','39860627-feee-3869-a2eb-7c1d8a9b9b7f',530893,0,11,NULL,NULL,72,''),(601,'','2017-11-19 21:32:04','Studio Jam','3f4f1908-1d2e-35bc-9df0-433daf9c6bb2',429174,0,12,NULL,NULL,72,''),(602,'','2017-11-19 21:32:05','Bridging the Gap','cc0d46e3-cf4a-3101-973f-b9c1a8c3c033',242440,0,1,NULL,NULL,73,''),(603,'','2017-11-19 21:32:05','Doo Rags','0c241743-ea34-3173-b015-cf9b8a307280',245746,0,2,NULL,NULL,73,''),(604,'','2017-11-19 21:32:06','The World Is Yours','92b8787b-ed82-35f1-a35c-49c73f4a9f0d',292213,0,3,NULL,NULL,73,''),(605,'','2017-11-19 21:32:07','Bridging the Gap (instrumental)','3cfab121-2077-31dd-8063-3e46a925d597',242000,0,4,NULL,NULL,73,''),(606,'','2017-11-19 21:32:09','I Walk the Line (mono)','b79f5f16-f779-357b-8b36-803def32121e',165000,0,1,NULL,NULL,74,''),(607,'','2017-11-19 21:32:09','Oh, What a Dream','b7e3891d-fe97-33d0-906a-3da0b8c62c14',123000,0,2,NULL,NULL,74,''),(608,'','2017-11-19 21:32:10','All Over Again','15f98501-e09f-3ff2-8f5a-2b500deab2a3',134000,0,3,NULL,NULL,74,''),(609,'','2017-11-19 21:32:11','A Little at a Time','a8cf8f8f-73a3-3cd3-ad9a-5df5efd811eb',117000,0,4,NULL,NULL,74,''),(610,'','2017-11-19 21:32:12','My Old Faded Rose','95c304f1-b05d-30bd-8027-a61b2303878d',173000,0,5,NULL,NULL,74,''),(611,'','2017-11-19 21:32:12','Happiness Is You','b1b2fd60-fd48-356e-bd31-00e3b6a5edcb',177000,0,6,NULL,NULL,74,''),(612,'','2017-11-19 21:32:13','Flesh and Blood','9c4e427a-7c23-32cf-8d74-3b601ed4ed47',160000,0,7,NULL,NULL,74,''),(613,'','2017-11-19 21:32:14','I Tremble for You','1c4afa43-c2c5-3828-9627-74dd5891d7be',135000,0,8,NULL,NULL,74,''),(614,'','2017-11-19 21:32:15','I Feel Better All Over','374525cb-ad0a-3a7c-a40a-8f5158951acf',125000,0,9,NULL,NULL,74,''),(615,'','2017-11-19 21:32:15','’Cause I Love You','80cfc655-7aab-3d63-88c1-2753e1d628f4',107000,0,10,NULL,NULL,74,''),(616,'','2017-11-19 21:32:16','Ballad of Barbara','456934fe-0269-345c-83df-54fcd8d6c0c7',229000,0,11,NULL,NULL,74,''),(617,'','2017-11-19 21:32:17','Ring of Fire','e500f9a3-4385-3664-946c-330fe803fe47',158000,0,12,NULL,NULL,74,''),(618,'','2017-11-19 21:32:17','My Shoes Keep Walking Back to You','d2965c25-e8e4-367d-8894-3f69502c2d22',145000,0,13,NULL,NULL,74,''),(619,'','2017-11-19 21:32:18','While I’ve Got It on My Mind','ddd583b5-d33a-3d8e-9bfb-b3b4c42966d9',141000,0,14,NULL,NULL,74,''),(620,'','2017-11-19 21:32:19','I Still Miss Someone','240532cc-9b5e-3d1d-990e-582dcbe0ac71',156000,0,15,NULL,NULL,74,''),(621,'','2017-11-19 21:32:20','The One Rose (That’s Left in My Heart) (mono)','2124ded9-1951-3f85-9b39-ea2ff26e96e3',147000,0,16,NULL,NULL,74,''),(622,'','2017-11-19 21:32:28','Down By The Riverside','a321cf51-e174-4dd9-989c-52055fa43586',216000,0,1,1362,NULL,75,''),(623,'','2017-11-19 21:32:31','Half a Boy and Half a Man','dda0686e-0331-4eb9-b99b-90b682679b3e',175906,0,1,NULL,NULL,76,''),(624,'','2017-11-19 21:32:31','Breakaway','254db584-b539-44d9-a11a-88fdaca128ef',222693,0,2,NULL,NULL,76,''),(625,'','2017-11-19 21:32:32','You’ll Never Get Me Up in One of Those','1a9c7993-b60e-4414-81ab-9143b1674437',278693,0,3,NULL,NULL,76,''),(626,'','2017-11-19 21:32:33','Love Like a Glove','f7f62cdb-b11e-4341-b1b3-5e3f962cd5e8',196373,0,4,NULL,NULL,76,''),(627,'','2017-11-19 21:32:34','The Gee and the Rick and the Three Card Trick','0766ff59-27ad-4ed7-b0b9-29b8ace59d42',262173,0,5,NULL,NULL,76,''),(628,'','2017-11-19 21:32:35','(Hey Big Mouth) Stand Up and Say That','1eeb9dfa-959e-49b8-8148-add89591ee7b',168026,0,6,NULL,NULL,76,''),(629,'','2017-11-19 21:32:37','Awesome','595c6925-1b00-4512-a8be-0877cd71bb42',168506,0,7,NULL,NULL,76,''),(630,'','2017-11-19 21:32:40','God’s Gift to Women','3eef8add-54ec-44dd-9dd2-2d38f39bcdab',211093,0,8,NULL,NULL,76,''),(631,'','2017-11-19 21:32:42','Maureen','55d059bf-b026-4f8a-bb25-b6ef04d286da',185706,0,9,NULL,NULL,76,''),(632,'','2017-11-19 21:32:43','L.A.F.S.','9c17f99e-a93d-409f-bd73-1085fc20fa66',213974,0,10,NULL,NULL,76,''),(633,'','2017-11-19 21:32:44','Live Fast, Love Hard, Die Young','876c864d-8030-469c-95b3-72bca7aef449',158426,0,11,NULL,NULL,76,''),(634,'','2017-11-19 21:32:50','The Only Flame in Town','4ea67dce-6126-3cd6-9bf1-4804e6ec236f',242560,0,1,1363,NULL,77,''),(635,'','2017-11-19 21:32:51','Home Truth','b52d70b1-5d09-355a-a8e5-1cb837aa7161',193000,0,2,1363,NULL,77,''),(636,'','2017-11-19 21:32:51','Room With No Number','0e8eb18b-92a2-35aa-8618-66aa94b9c84c',253666,0,3,1363,NULL,77,''),(637,'','2017-11-19 21:32:52','Inch by Inch','0ba603be-1bcb-3b8f-a589-c57a9b208425',149240,0,4,1363,NULL,77,''),(638,'','2017-11-19 21:32:53','Worthless Thing','92ef794e-0d1d-30d9-b19f-0e2dad155440',184533,0,5,1363,NULL,77,''),(639,'','2017-11-19 21:32:54','Love Field','54449b41-0b44-32f1-b4c1-2547d1ac577c',208226,0,6,1363,NULL,77,''),(640,'','2017-11-19 21:32:54','I Wanna Be Loved','4df1368f-8f2a-32b1-bdfb-86b4a221a4d4',287906,0,7,1363,NULL,77,''),(641,'','2017-11-19 21:32:55','The Comedians','0363e0e8-9f56-3fa7-8802-fdb197778556',155800,0,8,1363,NULL,77,''),(642,'','2017-11-19 21:32:56','Joe Porterhouse','68ff2ee7-4fc9-3182-b620-70ba5ea2ad8c',209693,0,9,1363,NULL,77,''),(643,'','2017-11-19 21:32:57','Sour Milk‐Cow Blues','96d96a46-3cb8-3f3c-b4ae-8043d0328fea',170706,0,10,1363,NULL,77,''),(644,'','2017-11-19 21:32:58','The Great Unknown','8b29650e-f4a2-3590-8373-e2ca25e2ae5c',180200,0,11,1363,NULL,77,''),(645,'','2017-11-19 21:32:58','The Deportees Club','0c43316f-97d0-379e-9a73-2aa8f0a7640d',174493,0,12,1363,NULL,77,''),(646,'','2017-11-19 21:32:59','Peace in Our Time','8685e2e2-21e2-3a32-886c-9da6bffbf1bc',247733,0,13,1363,NULL,77,''),(647,'','2017-11-19 21:33:00','(Love Is Just) The Game','e5264e04-4ce2-34dd-8ac6-c737ee16e47f',253000,0,1,NULL,NULL,78,''),(648,'','2017-11-19 21:33:01','Electric Shoes','5a4cc3f3-bf1e-3971-bdbf-199f2381c80b',260000,0,2,NULL,NULL,78,''),(649,'','2017-11-19 21:33:02','(Make You) Rock With Me','bb6ed6c8-b9cc-389b-986b-aa160598d4fc',248000,0,3,NULL,NULL,78,''),(650,'','2017-11-19 21:33:02','Double or Nothing','94596b04-e849-3d28-b807-497e4f8f28ec',196000,0,4,NULL,NULL,78,''),(651,'','2017-11-19 21:33:03','Just Like You','cceef9b6-6f98-318e-82bc-583c1888f27b',249000,0,5,NULL,NULL,78,''),(652,'','2017-11-19 21:33:04','They Only Come Out at Night','5a731616-0051-3286-a383-76a3b9e52931',307000,0,6,NULL,NULL,78,''),(653,'','2017-11-19 21:33:05','Classical Dancing','63786c5a-e0ce-3de8-b95c-195b8ba22785',266000,0,7,NULL,NULL,78,''),(654,'','2017-11-19 21:33:05','Zie Zie Won\'t Dance','875be8dc-a910-3f2f-b388-92e593da709a',256000,0,8,NULL,NULL,78,''),(655,'','2017-11-19 21:33:06','Hot Flash','ee894a2a-783a-30ee-9803-8b65fd3bca7e',301000,0,9,NULL,NULL,78,''),(656,'','2017-11-19 21:33:07','Let’s Hear It for the Boy','c1a925ed-1a41-3ef4-86dc-6aa1e97fa05d',260760,0,1,NULL,NULL,79,''),(657,'','2017-11-19 21:33:08','I Want You','7748f71b-053e-3061-bdb1-ca424138ac34',171000,0,2,NULL,NULL,79,''),(658,'','2017-11-19 21:33:09','Picking Up the Pieces','beffa5f6-b951-32ab-a57d-4e0109c30240',281600,0,3,NULL,NULL,79,''),(659,'','2017-11-19 21:33:10','Black Butterfly','a26fd6ef-4199-3592-8a8b-6b993064c553',266706,0,4,NULL,NULL,79,''),(660,'','2017-11-19 21:33:10','Next Love','bb11398c-bc24-33cd-b933-5918b94b4a1c',276760,0,5,NULL,NULL,79,''),(661,'','2017-11-19 21:33:11','Haunting Me','1fafeec7-b2e2-3f7d-a547-6c39fe88c235',298866,0,6,NULL,NULL,79,''),(662,'','2017-11-19 21:33:12','Don\'t Tell Me We Have Nothing','e8a498f0-b206-3533-a8c7-78a14475638a',240840,0,7,NULL,NULL,79,''),(663,'','2017-11-19 21:33:12','Blind Dating','a6e93a58-63cb-3542-8191-c3894d65af96',220066,0,8,NULL,NULL,79,''),(664,'','2017-11-19 21:33:13','Wrapped Up','98169dcb-e1f4-3821-a3f5-3c85ef1231bc',278333,0,9,NULL,NULL,79,''),(665,'','2017-11-19 21:33:14','Whiter Than Snow','5f1c82ef-426f-3b9c-b619-07938afe093e',223067,0,10,NULL,NULL,79,''),(666,'','2017-11-19 21:33:23','Future Primitive','0c99089d-dd9a-426d-ba30-f6849631e2f9',414000,0,1,1364,NULL,80,''),(667,'','2017-11-19 21:33:23','Thank You Mr. Edison','a2bee5a5-400b-4619-b667-a278cfe5ca95',298000,0,2,1364,NULL,80,''),(668,'','2017-11-19 21:33:25','The Strut','b5f58380-fd85-468e-b538-f9dc953a0612',349000,0,3,1364,NULL,80,''),(669,'','2017-11-19 21:33:26','Orion','6794e7f5-ad20-45c8-aaee-1d1c2c076fc3',230000,0,4,1364,NULL,80,''),(670,'','2017-11-19 21:33:30','Blade','ebdd620a-933a-462a-91f7-dc0e39053fb2',313000,0,5,1364,NULL,80,''),(671,'','2017-11-19 21:33:31','The Adventures of Hector and Jose','3f47b946-a796-4f5c-aaa5-1183b91d4705',449000,0,6,1364,NULL,80,''),(672,'','2017-11-19 21:33:32','Shadows Past','5c913171-9033-4419-8179-cab439387f8f',343000,0,7,1364,NULL,80,''),(673,'','2017-11-19 21:33:33','Blues to Bappe II','b7c4021e-a781-4189-b16c-111c139b1284',348000,0,8,1364,NULL,80,''),(674,'','2017-11-19 21:33:34','Hardrock','6f8d022c-fda1-3e0c-b1e5-a37e89d3217f',369866,0,1,NULL,NULL,81,''),(675,'','2017-11-19 21:33:35','Metal Beat','d73edf4a-dfb5-3de6-9b70-338e6ce69c3c',296226,0,2,NULL,NULL,81,''),(676,'','2017-11-19 21:33:36','Karabali','0377a7d9-d4d5-3ce4-91ce-0b514946a4ed',319533,0,3,NULL,NULL,81,''),(677,'','2017-11-19 21:33:36','Junku','ba3e37c0-410c-3cb1-bad1-8d6caea77d81',331506,0,4,NULL,NULL,81,''),(678,'','2017-11-19 21:33:37','People Are Changing','b022c8f2-96cf-3408-8a9d-5633c7db7a45',365160,0,5,NULL,NULL,81,''),(679,'','2017-11-19 21:33:38','Sound-System','411b1380-b093-3aa1-b559-4947891978e3',353400,0,6,NULL,NULL,81,''),(680,'','2017-11-19 21:33:41','Wake Me Up Before You Go‐Go','b3977e98-8b52-3cec-827b-49638a661829',231893,0,1,1365,NULL,82,''),(681,'','2017-11-19 21:33:42','Everything She Wants','cf9eccdc-9a5a-3b3a-96e8-c8e2339d985e',303106,0,2,1365,NULL,82,''),(682,'','2017-11-19 21:33:43','Heartbeat','b4557536-e1f8-3c8d-af89-d42009d2bd1f',284000,0,3,1365,NULL,82,''),(683,'','2017-11-19 21:33:48','Like a Baby','d1216e63-64d8-364a-a17e-46087a9518c9',254760,0,4,1365,NULL,82,''),(684,'','2017-11-19 21:33:49','Freedom','bb59c69f-6c0f-322e-bca9-e4bb6b206200',303373,0,5,1365,NULL,82,''),(685,'','2017-11-19 21:33:51','If You Were There','3718bce1-7fbf-3420-9b0b-9e2bd8ea67ff',219200,0,6,1365,NULL,82,''),(686,'','2017-11-19 21:33:51','Credit Card Baby','d05d07a6-545e-3d9c-963d-9018a2a784e4',310160,0,7,1365,NULL,82,''),(687,'','2017-11-19 21:33:52','Careless Whisper','b148f7a5-48f9-36f4-9a0a-6dc9094762e7',391666,0,8,1365,NULL,82,''),(688,'','2017-11-19 21:33:55','Runaround','ad2f0ea2-b048-455a-9297-85d3d4b51c0c',0,0,1,1366,NULL,83,''),(689,'','2017-11-19 21:33:56','You Lied','e365871a-c950-4f2f-ab20-b9fc5b172a05',0,0,2,1366,NULL,83,''),(690,'','2017-11-19 21:33:57','My Life','653405d8-c2fb-4fbd-8c7c-80d3c66ca6ea',0,0,3,1366,NULL,83,''),(691,'','2017-11-19 21:33:58','Make It Up To You','f38fa006-aa38-47a0-b1cf-bf0899aa8af4',0,0,4,1366,NULL,83,''),(692,'','2017-11-19 21:33:59','Fast Johnny','552a32af-7e95-40e4-b7a6-8f7ca1320e15',0,0,5,1366,NULL,83,''),(693,'','2017-11-19 21:34:05','Cry For The World','20f5881c-e8c4-4cb3-9f1c-4d8365987653',0,0,6,1366,NULL,83,''),(694,'','2017-11-19 21:34:05','Getaway','5a74541a-37b3-46ca-86d6-8cfd92647a86',0,0,7,1366,NULL,83,''),(695,'','2017-11-19 21:34:06','White Zone','c6e39b91-ff8e-44fe-abd2-50db8d2b6a71',0,0,8,1366,NULL,83,''),(696,'','2017-11-19 21:34:07','Love Sick','01c4a43a-2f6b-49be-a839-9bffac1ca714',0,0,9,1366,NULL,83,''),(697,'','2017-11-19 21:34:08','I Can\'t Say Goodbye','d0e6dc38-9440-4e77-84ef-49eda8e794cf',0,0,10,1366,NULL,83,''),(698,'','2017-11-19 21:34:11','Diana \'D\'','1390a66e-a608-3fa4-b99f-e9f483330642',349826,0,1,1367,NULL,84,''),(699,'','2017-11-19 21:34:12','Love Theme from \'London & Davis in New York\'','f741c6fd-b508-3113-a651-0272074da2b5',268573,0,2,1367,NULL,84,''),(700,'','2017-11-19 21:34:13','Love Wears No Disguise','28feb718-79db-3f33-8a44-0df232c25807',355466,0,3,1367,NULL,84,''),(701,'','2017-11-19 21:34:14','She\'s Not Mine to Love (No More)','670510cb-cbc0-3d9f-9c9e-73c9e9f8272a',206600,0,4,1367,NULL,84,''),(702,'','2017-11-19 21:34:15','Shirley MacLaine','4af6b19e-b94a-3e84-a439-3b82273d2de2',361066,0,5,1367,NULL,84,''),(703,'','2017-11-19 21:34:15','Josephine','ff8ebcea-7ee4-39a7-b1b5-ab3335a4d69f',402066,0,6,1367,NULL,84,''),(704,'','2017-11-19 21:34:16','Leonardo\'s Lady','f2fe2b29-3f1c-38e8-8868-6460e5cea811',415400,0,7,1367,NULL,84,''),(705,'','2017-11-19 21:34:19','Until We Sleep','b850d8f0-e41b-3c60-a0de-ca1fc9616dcf',358000,0,1,1368,NULL,85,''),(706,'','2017-11-19 21:34:20','Murder','02d6fad7-713e-3fd1-a574-0853b8583cff',298000,0,2,1368,NULL,85,''),(707,'','2017-11-19 21:34:22','Love on the Air','3584cfcc-03d4-3a26-a7b3-a362bf4d8be3',258000,0,3,1368,NULL,85,''),(708,'','2017-11-19 21:34:22','Blue Light','ebcd114c-5b9e-307a-8936-fb7c452217c2',275000,0,4,1368,NULL,85,''),(709,'','2017-11-19 21:34:23','Out of the Blue','292c8f41-bbc5-3347-9089-e69cb0671d64',216000,0,5,1368,NULL,85,''),(710,'','2017-11-19 21:34:24','All Lovers Are Deranged','1ab66294-dcaa-3879-9e6f-69e5eda16776',194000,0,6,1368,NULL,85,''),(711,'','2017-11-19 21:34:25','You Know I’m Right','543333dc-840c-335b-8b40-d6104b3c4eaa',304000,0,7,1368,NULL,85,''),(712,'','2017-11-19 21:34:26','Cruise','888d4d42-148e-3918-be36-accbbb72242a',279000,0,8,1368,NULL,85,''),(713,'','2017-11-19 21:34:28','Let’s Get Metaphysical','b087af68-24a0-3745-9003-c64d0c0906f5',249000,0,9,1368,NULL,85,''),(714,'','2017-11-19 21:34:29','Near the End','c55a343a-3870-3491-9f0e-109f71906178',343000,0,10,1368,NULL,85,''),(715,'','2017-11-19 21:34:35','Devils & Dust','59783a5d-1028-3ffb-8a84-27c66729ae3b',298626,0,1,1369,NULL,86,''),(716,'','2017-11-19 21:34:36','All the Way Home','4ea870dd-21dc-3cf7-925e-42eaf0008f2e',218600,0,2,1369,NULL,86,''),(717,'','2017-11-19 21:34:36','Reno','5bca4da3-6797-3c19-aade-c12605367d8b',248173,0,3,1369,NULL,86,''),(718,'','2017-11-19 21:34:37','Long Time Comin’','77f55326-b87d-32e0-94c2-0b38f4c12ffa',257360,0,4,1369,NULL,86,''),(719,'','2017-11-19 21:34:39','Black Cowboys','9a482041-cdbb-3de4-971f-06dfdac93bbd',248773,0,5,1369,NULL,86,''),(720,'','2017-11-19 21:34:40','Maria’s Bed','50cc4431-1702-39b8-a24d-2a34ac075568',335400,0,6,1369,NULL,86,''),(721,'','2017-11-19 21:34:41','Silver Palomino','cb3d8f1c-1afb-3b90-8804-76c810ad86cf',202533,0,7,1369,NULL,86,''),(722,'','2017-11-19 21:34:42','Jesus Was an Only Son','4ed9e2b8-a47a-3d84-995f-56f971a6bf0f',174160,0,8,1369,NULL,86,''),(723,'','2017-11-19 21:34:46','Leah','4fe246de-b9f4-3fc3-9ca7-dde511670044',211733,0,9,1369,NULL,86,''),(724,'','2017-11-19 21:34:47','The Hitter','265f1565-2957-36c1-a5e3-e3d1c897b272',353000,0,10,1369,NULL,86,''),(725,'','2017-11-19 21:34:52','All I’m Thinkin’ About','0539c866-5240-3eff-b97a-59b71ba4a65d',262573,0,11,1369,NULL,86,''),(726,'','2017-11-19 21:34:53','Matamoros Banks','58158f00-3689-3d6d-ac42-1745d04d8c21',240266,0,12,1369,NULL,86,''),(727,'','2017-11-19 21:34:55','Me Lovin\' You','ce46d57a-3997-37d9-80eb-351a4a26fdbd',194066,0,1,1370,NULL,87,''),(728,'','2017-11-19 21:34:56','If She Were Any Other Woman','f659eb88-9af4-3a27-8dce-4907d768e55e',200080,0,2,1370,NULL,87,''),(729,'','2017-11-19 21:34:57','Back to You','ddf105c5-b6c0-3b00-b710-d8c3c20b2315',190080,0,3,1370,NULL,87,''),(730,'','2017-11-19 21:34:58','So Gone','71bd3457-0b6e-3f8f-a680-b0c5f949fe92',184066,0,4,1370,NULL,87,''),(731,'','2017-11-19 21:34:59','You Ain\'t Doin\' It Right','0ab05e4f-3915-3183-b582-2f9574a77d51',212066,0,5,1370,NULL,87,''),(732,'','2017-11-19 21:35:00','Addicted to the Rain','eeef72ac-cb99-3044-ad5d-ae574a0b6133',222080,0,6,1370,NULL,87,''),(733,'','2017-11-19 21:35:04','I\'d Run','441c38f0-5775-36e5-a856-09a2aef8de57',254080,0,7,1370,NULL,87,''),(734,'','2017-11-19 21:35:05','Dyess Arkansas','928c530d-5359-30a9-afc2-1674b66e95bc',292080,0,8,1370,NULL,87,''),(735,'','2017-11-19 21:35:06','Glad I\'m Gone','7e64bea4-dc5a-3850-bd43-8f985b39ec02',218080,0,9,1370,NULL,87,''),(736,'','2017-11-19 21:35:07','Times Like These','5f7bdc90-abc9-3edd-bbdf-d3727b2aa157',212066,0,10,1370,NULL,87,''),(737,'','2017-11-19 21:35:08','Run Away Home','9255d77e-11e1-3820-8bb2-08ffa0707fa3',235254,0,11,1370,NULL,87,''),(738,'','2017-11-19 21:35:09','Snowball','6ad1e1ef-8b8b-3501-81e8-4954546ac81c',344000,0,1,NULL,NULL,88,''),(739,'','2017-11-19 21:35:10','Moose the Mooche','d60da5b6-3ac0-3cf9-bad4-f8da5dbb25e6',203000,0,2,NULL,NULL,88,''),(740,'','2017-11-19 21:35:11','That\'s How You Got Killed Before','7ae9180f-b408-3d5f-95f7-d5c075aac6fb',191000,0,3,NULL,NULL,88,''),(741,'','2017-11-19 21:35:12','Use Your Brain','f97ed284-3cbe-32a6-8972-392607ea64ed',407000,0,4,NULL,NULL,88,''),(742,'','2017-11-19 21:35:13','Don\'t Drive Drunk','a11a8f3a-0c6c-3dcc-a39e-d4c7371561f6',198000,0,5,NULL,NULL,88,''),(743,'','2017-11-19 21:35:14','It\'s All Over Now','9aebac7c-7a5a-34ca-8c10-8e77125d8740',296000,0,6,NULL,NULL,88,''),(744,'','2017-11-19 21:35:18','Freakish','83c71eea-5c9e-3c19-8a2b-6ebe034b0ae0',401000,0,7,NULL,NULL,88,''),(745,'','2017-11-19 21:35:19','Song for Bobe','1699de27-5b24-3388-aabb-b11f39304af4',329000,0,8,NULL,NULL,88,''),(746,'','2017-11-19 21:35:19','Remember When','73b648c5-d8da-3420-9223-8e49f565cf66',247000,0,9,NULL,NULL,88,''),(747,'','2017-11-19 21:35:20','Jungle Blues','fa24d280-f6c6-393d-9ad2-161d91ba7867',321000,0,10,NULL,NULL,88,''),(748,'','2017-11-19 21:35:21','Eyomzi','78d3f299-d5a3-31ec-bed4-1916f2de557e',269000,0,11,NULL,NULL,88,''),(749,'','2017-11-19 21:35:22','Charlie Dozen','256c5679-2b92-3b6b-bf49-cb8ac8026bb1',290000,0,12,NULL,NULL,88,''),(750,'','2017-11-19 21:35:23','Oop Pop a Dah','945a5884-1c3c-320f-8087-351506d5a2e6',235000,0,13,NULL,NULL,88,''),(751,'','2017-11-19 21:35:24','Kidd Jordan\'s Second Line','1b01df7f-dffc-391f-8b66-2d9e396cf359',165000,0,14,NULL,NULL,88,''),(752,'','2017-11-19 21:35:27','The Wanderer','296e5d9f-6cc1-49d6-a9bf-15aa732dd477',163626,0,1,1371,NULL,89,''),(753,'','2017-11-19 21:35:28','Runaround Sue','68a50662-5499-473d-a195-ef51d67125e3',161933,0,2,1371,NULL,89,''),(754,'','2017-11-19 21:35:29','Lovers Who Wander','1c7ef4d9-f104-46ae-b6cc-408d94c4dcbc',142266,0,3,1371,NULL,89,''),(755,'','2017-11-19 21:35:30','Ruby Baby','b73c849f-ee76-464e-a110-1af7ccc12110',158573,0,4,1371,NULL,89,''),(756,'','2017-11-19 21:35:31','Can\'t We Be Sweethearts','0c48fab4-417e-42c3-ab46-940d08eb5460',141426,0,5,1371,NULL,89,''),(757,'','2017-11-19 21:35:32','This Little Girl of Mine','8097af4a-4cf9-4f4c-813a-24fd866df3cd',168466,0,6,1371,NULL,89,''),(758,'','2017-11-19 21:35:33','Donna the Prima Donna','3f390310-3854-4958-a352-e6a52c9b1265',169373,0,7,1371,NULL,89,''),(759,'','2017-11-19 21:35:34','No One\'s Waiting for Me','9cf2a93e-099b-4b59-8b44-9107facac95c',131266,0,8,1371,NULL,89,''),(760,'','2017-11-19 21:35:35','Drip Drop','e463962e-dfcc-4434-875f-a43de4bbffb4',155426,0,9,1371,NULL,89,''),(761,'','2017-11-19 21:35:37','This Little Girl','b11a2a1e-54e0-43de-98be-ed8bd784b24f',157533,0,10,1371,NULL,89,''),(762,'','2017-11-19 21:35:39','Sweet, Sweet Baby','2504820a-88a3-4d0d-a545-4864daadb181',142133,0,11,1371,NULL,89,''),(763,'','2017-11-19 21:35:40','Kickin\' Child','a746b0c7-e572-4588-849b-996ebe46f73b',183200,0,12,1371,NULL,89,''),(764,'','2017-11-19 21:35:41','Time in My Heart for You','dcf1befd-f1a0-4e73-9b63-93b17aa789dc',167240,0,13,1371,NULL,89,''),(765,'','2017-11-19 21:35:45','Abraham, Martin and John','6a975013-e636-4242-940a-921108d8c68c',196000,0,14,1371,NULL,89,''),(766,'','2017-11-19 21:35:46','1 Thing','f963f2de-3549-4571-961f-904c317450d7',240826,0,1,NULL,NULL,90,''),(767,'','2017-11-19 21:35:47','All I Need','d7f32319-4b39-47b4-992e-3c592243205c',192453,0,2,NULL,NULL,90,''),(768,'','2017-11-19 21:35:47','Touch (album version)','8a126965-6c25-4316-8aeb-6d2a73bbe7d9',220973,0,3,NULL,NULL,90,''),(769,'','2017-11-19 21:35:48','Not the Only One','589e0f1f-4582-4d82-962c-eea680d543bc',227946,0,4,NULL,NULL,90,''),(770,'','2017-11-19 21:35:49','Like It Used to Be','2ae338b1-85c9-4ee1-8ef5-dd3f11803644',221706,0,5,NULL,NULL,90,''),(771,'','2017-11-19 21:35:50','Talkin\' About','8a54f119-aef0-4283-88b2-e7ba390aa6cb',262253,0,6,NULL,NULL,90,''),(772,'','2017-11-19 21:35:51','Come With Me','ec09beec-e946-4c29-ba19-4cf7db7d2425',216146,0,7,NULL,NULL,90,''),(773,'','2017-11-19 21:35:51','Rolling Down My Face','1613e4a2-db02-41bb-87b5-da3a765adb1d',215933,0,8,NULL,NULL,90,''),(774,'','2017-11-19 21:35:52','Can We Go','366a7041-0b97-4a85-8b40-2c1ed1ad0133',211546,0,9,NULL,NULL,90,''),(775,'','2017-11-19 21:35:54','Just Like Me','02614522-22ce-4a66-8cfc-ce77a80f9417',228453,0,10,NULL,NULL,90,''),(776,'','2017-11-19 21:35:55','Falling','10fab393-138a-4057-bb24-b96f0e82132c',300680,0,11,NULL,NULL,90,''),(777,'','2017-11-19 21:35:55','1 Thing','f680410c-1bc5-42f0-a482-9ced6238e221',260573,0,12,NULL,NULL,90,''),(778,'','2017-11-19 21:35:56','Why Don\'t We Fall in Love (Richcraft remix)','3eb8a143-8aec-4080-ba57-8e83ecc26a7c',215507,0,13,NULL,NULL,90,''),(779,'','2017-11-19 21:36:01','Dead','cd4692e1-1954-404a-9b7f-db89260ca18b',72226,0,1,NULL,NULL,91,''),(780,'','2017-11-19 21:36:02','Falling Away From Me','aa2b60d4-14db-4082-bee1-3a0973ab42e8',271000,0,2,NULL,NULL,91,''),(781,'','2017-11-19 21:36:03','Trash','d09e4d2d-1a0d-4de5-8a34-d1858b6e4fd9',206973,0,3,NULL,NULL,91,''),(782,'','2017-11-19 21:36:04','4 U','f23bcdb4-96d0-4a75-867f-58b98d627cf0',102000,0,4,NULL,NULL,91,''),(783,'','2017-11-19 21:36:05','Beg for Me','9816a190-a43c-4368-a909-1415b2df5f2d',233760,0,5,NULL,NULL,91,''),(784,'','2017-11-19 21:36:06','Make Me Bad','00ca3238-0d19-45eb-bfef-8879038847e6',235400,0,6,NULL,NULL,91,''),(785,'','2017-11-19 21:36:06','It’s Gonna Go Away','f7253dc9-f90a-4ee9-831a-7c275d9f57c3',90733,0,7,NULL,NULL,91,''),(786,'','2017-11-19 21:36:07','Wake Up','bd4c2e5d-9237-4688-aa47-afe19a3505f9',247866,0,8,NULL,NULL,91,''),(787,'','2017-11-19 21:36:08','Am I Going Crazy','50fa14dd-e227-4fdb-a584-1b326d08f07c',59333,0,9,NULL,NULL,91,''),(788,'','2017-11-19 21:36:09','Hey Daddy','9bb22e2c-0fe0-435f-989f-1d596dd1e4f8',224333,0,10,NULL,NULL,91,''),(789,'','2017-11-19 21:36:09','Somebody Someone','17b746e3-bb00-4e06-9194-9658c4cf259e',227400,0,11,NULL,NULL,91,''),(790,'','2017-11-19 21:36:10','No Way','a8412e66-25b9-4237-86e5-b0ddd93eb5dc',247866,0,12,NULL,NULL,91,''),(791,'','2017-11-19 21:36:12','Let’s Get This Party Started','443b72c0-04db-4add-946f-6385f0a860c1',221173,0,13,NULL,NULL,91,''),(792,'','2017-11-19 21:36:13','Wish You Could Be Me','c3c6c31c-d496-45d2-8390-3c8e98773500',67026,0,14,NULL,NULL,91,''),(793,'','2017-11-19 21:36:15','Counting','71cdef88-6da2-4fae-8f95-0416b3b6010c',217800,0,15,NULL,NULL,91,''),(794,'','2017-11-19 21:36:16','Dirty','b378b955-97ac-4432-890b-e5d4c91cb213',470133,0,16,NULL,NULL,91,''),(795,'','2017-11-19 21:36:18','Heart Skips a Beat','af2633ce-7351-32f0-b883-2eb23222ff2f',202000,0,1,NULL,NULL,92,''),(796,'','2017-11-19 21:36:19','Heart Skips a Beat (Mnek\'s Gimmeabeat mix)','5126ead2-9e86-3e48-a897-e0455b5cb3d1',217000,0,2,NULL,NULL,92,''),(797,'','2017-11-19 21:36:23','Heart Skips a Beat (Pokerface Lyndsey (club mix))','96cb9299-3b9e-3207-b017-ae3b5bae16f2',327000,0,3,NULL,NULL,92,''),(798,'','2017-11-19 21:36:24','On My Cloud','b6c97c0d-f243-3c46-b841-6213dcef9022',144000,0,4,NULL,NULL,92,''),(799,'','2017-11-19 21:36:25','She Makes Me Wanna','c8ccfbbe-23a4-3415-a750-8e5f642ac56d',220000,0,1,NULL,NULL,93,''),(800,'','2017-11-19 21:36:26','She Makes Me Wanna (karaoke version)','d47fa5c0-bf8a-37b1-82de-f3be466006ec',0,0,2,NULL,NULL,93,''),(801,'','2017-11-19 21:36:27','If Not Now, When?','50546652-b06c-3987-8ab6-ba709cd86172',305000,0,1,NULL,NULL,94,''),(802,'','2017-11-19 21:36:28','Promises, Promises','6e8468c3-2b59-37be-a2d5-cbf432199f20',265000,0,2,NULL,NULL,94,''),(803,'','2017-11-19 21:36:29','Friends and Lovers','f7832b59-3335-3bac-9aa3-e657225ab7bc',247000,0,3,NULL,NULL,94,''),(804,'','2017-11-19 21:36:30','Thieves','5e420c74-5940-3fa4-b685-6e57d05729e8',257000,0,4,NULL,NULL,94,''),(805,'','2017-11-19 21:36:30','Isadore','ae6b4e85-a78f-3193-be8f-d5ad1cb6f7d3',275000,0,5,NULL,NULL,94,''),(806,'','2017-11-19 21:36:31','The Original','49448133-f253-3f89-a1e5-23c3ace3e418',305000,0,6,NULL,NULL,94,''),(807,'','2017-11-19 21:36:32','Defiance','b605063d-1cce-34f2-8e35-f33d81d3abf2',139000,0,7,NULL,NULL,94,''),(808,'','2017-11-19 21:36:33','In the Company of Wolves','e60900c8-ab0e-3f17-8344-6133d80e44b2',455000,0,8,NULL,NULL,94,''),(809,'','2017-11-19 21:36:33','Switchblade','5b5b1042-39d2-32c6-9d90-63259f100285',207000,0,9,NULL,NULL,94,''),(810,'','2017-11-19 21:36:34','Adolescents','e2b5c230-d9b9-399e-bac0-350c6b83866e',289000,0,10,NULL,NULL,94,''),(811,'','2017-11-19 21:36:35','Tomorrow’s Food','541cf7da-5c6e-3a6f-ad39-bed88b965f48',259000,0,11,NULL,NULL,94,''),(812,'','2017-11-19 21:36:35','Surface to Air','442e0a33-ff6e-3f6e-9fed-74ee9cdc3f5e',252000,0,12,NULL,NULL,94,''),(813,'','2017-11-19 21:36:36','Megalomaniac (explicit version) (live)','8dd77d35-249a-36f9-bf8f-005050cff2e8',337000,0,13,NULL,NULL,94,''),(814,'','2017-11-19 21:36:37','Dig (live)','ad2ea233-c902-3e83-bf5b-48ecebe3c5e5',308000,0,14,NULL,NULL,94,''),(815,'','2017-11-19 21:36:38','Love Hurts (live)','ebf9d9c3-9e15-3309-9d11-de73b4f43731',238000,0,15,NULL,NULL,94,''),(816,'','2017-11-19 21:36:39','Wish You Were Here (live)','76d9ba8e-5b4f-349d-ab78-a3d184b66620',222000,0,16,NULL,NULL,94,''),(817,'','2017-11-19 21:36:40','Nice to Know You (live)','89101a5d-04fa-3f79-b32b-f64a762e0e72',379000,0,17,NULL,NULL,94,''),(818,'','2017-11-19 21:36:42','Call My Name','cd72d2d9-2971-4674-9d9d-b04fbbc470f4',223000,0,1,1372,NULL,95,''),(819,'','2017-11-19 21:36:43','High and Low (Taped remix)','10f6ba1d-9dcd-4c17-b8f9-87387f341a3e',368000,0,2,1372,NULL,95,''),(820,'','2017-11-19 21:36:43','High and Low (Taped radio edit)','1f47df0f-abfe-4986-bf29-f945a6bd2adb',215000,0,3,1372,NULL,95,''),(821,'','2017-11-19 21:36:44','Propeller Seeds','e56a6941-e3c8-33c5-ab03-d506e7bc7826',232000,0,1,NULL,NULL,96,''),(822,'','2017-11-19 21:36:47','Don’t Let Him Go','7a30f3b1-82ab-49e4-afb8-5c64e1b5c416',225000,0,1,1373,NULL,97,''),(823,'','2017-11-19 21:36:48','Keep On Loving You','3ce23928-3854-4c4a-b61c-2510d32d39e5',200000,0,2,1373,NULL,97,''),(824,'','2017-11-19 21:36:48','Follow My Heart','4acedce8-3550-4854-919f-3bdd65c0b4e6',228000,0,3,1373,NULL,97,''),(825,'','2017-11-19 21:36:49','In Your Letter','b6286479-e3b1-4e4f-b050-d75b0f97aa2d',196000,0,4,1373,NULL,97,''),(826,'','2017-11-19 21:36:50','Take It on the Run','fa6a7b40-426b-4693-8f45-fe88629aa2db',239000,0,5,1373,NULL,97,''),(827,'','2017-11-19 21:36:50','Tough Guys','64f9abcb-9090-4d19-a9e7-4d9a2f5778f4',229000,0,6,1373,NULL,97,''),(828,'','2017-11-19 21:36:51','Out of Season','f74230a5-f023-4fdb-b836-47ba57746243',185000,0,7,1373,NULL,97,''),(829,'','2017-11-19 21:36:52','Shakin’ It Loose','3164a6d6-3426-4e30-9f91-6da4e62bb6cb',145000,0,8,1373,NULL,97,''),(830,'','2017-11-19 21:36:53','Someone Tonight','75237ac7-c1a5-4ea1-ba64-5f97f3bf8483',160000,0,9,1373,NULL,97,''),(831,'','2017-11-19 21:36:54','I Wish You Were There','1d826f80-3a37-4aed-a8cd-650fd76f829b',267000,0,10,1373,NULL,97,''),(832,'','2017-11-19 21:36:57','Trip at the Brain','6f98b221-4d9c-35d0-a781-38e394c72f7e',272000,0,1,NULL,NULL,98,''),(833,'','2017-11-19 21:36:58','Hearing Voices','1e3eef31-c255-3ab8-947a-750bc1ad6454',254000,0,2,NULL,NULL,98,''),(834,'','2017-11-19 21:36:59','Pledge Your Allegiance','13a755db-bb89-3459-9b44-23f54cd7c2ae',272000,0,3,NULL,NULL,98,''),(835,'','2017-11-19 21:37:00','How Will I Laugh Tomorrow','8f50ec45-82ab-3815-8032-42ca2f4f3af0',405000,0,4,NULL,NULL,98,''),(836,'','2017-11-19 21:37:04','The Miracle','8e852b48-d095-394f-86e4-b4e0678fc9ee',328000,0,5,NULL,NULL,98,''),(837,'','2017-11-19 21:37:05','Suicyco Mania','b4b945af-650c-3a10-917a-ccd109b6b646',354000,0,6,NULL,NULL,98,''),(838,'','2017-11-19 21:37:06','Surf and Slam','13e5d637-713d-3755-a763-27cf6cc6b558',172000,0,7,NULL,NULL,98,''),(839,'','2017-11-19 21:37:08','If I Don’t Wake Up','080a48c5-074a-37be-87e9-fbf3f66ef43f',294000,0,8,NULL,NULL,98,''),(840,'','2017-11-19 21:37:09','Sorry?!','6c5b9826-5df5-3c95-bb4f-a10518847ce3',227000,0,9,NULL,NULL,98,''),(841,'','2017-11-19 21:37:10','One Too Many Times','78062f56-663c-3395-b268-82293eb1d891',193000,0,10,NULL,NULL,98,''),(842,'','2017-11-19 21:37:11','The Feeling’s Back','ae6037a8-269e-3701-8e02-84bc4e97e941',244000,0,11,NULL,NULL,98,''),(843,'','2017-11-19 21:37:14','Love Never Felt So Good','a15a8999-b5da-42f2-a68e-516957e4e291',234000,0,1,1374,NULL,99,''),(844,'','2017-11-19 21:37:15','Chicago','5566a39a-9110-45f8-a4be-0ecfba3732c6',245000,0,2,1374,NULL,99,''),(845,'','2017-11-19 21:37:16','Loving You','6a01db06-7827-4b29-9a39-9c2395d5ac37',195000,0,3,1374,NULL,99,''),(846,'','2017-11-19 21:37:17','A Place With No Name','c9a41822-37b5-4f36-8539-c0a396d3b54a',335000,0,4,1374,NULL,99,''),(847,'','2017-11-19 21:37:18','Slave to the Rhythm','23673c2a-5c58-4eda-8f19-600a751268aa',255000,0,5,1374,NULL,99,''),(848,'','2017-11-19 21:37:18','Do You Know Where Your Children Are','36f2c44d-37e1-46df-85cf-5753b3fe0c46',276000,0,6,1374,NULL,99,''),(849,'','2017-11-19 21:37:20','Blue Gangsta','e5ee967e-38ae-409b-8e60-2970f042b672',254000,0,7,1374,NULL,99,''),(850,'','2017-11-19 21:37:24','Xscape','fdf57930-6516-477d-9f11-b2716a6325c3',244000,0,8,1374,NULL,99,''),(851,'','2017-11-19 21:37:24','Love Never Felt So Good (original version)','03cc408f-d08f-4207-bc25-d3df530a71c6',199000,0,9,1374,NULL,99,''),(852,'','2017-11-19 21:37:25','Chicago (original version)','750f0bea-bc82-4427-814e-7083e2ffc43d',283000,0,10,1374,NULL,99,''),(853,'','2017-11-19 21:37:26','Loving You (original version)','99efa88a-3fec-4d05-a375-7c16d10ab521',182000,0,11,1374,NULL,99,''),(854,'','2017-11-19 21:37:27','A Place With No Name (original version)','2a83377e-840d-4a40-96db-5c7256bcbced',295000,0,12,1374,NULL,99,''),(855,'','2017-11-19 21:37:28','Slave to the Rhythm (original version)','26ca5f69-7007-46b5-a784-d0b0fb04523e',275000,0,13,1374,NULL,99,''),(856,'','2017-11-19 21:37:29','Do You Know Where Your Children Are (original version)','cda64c3a-f145-4a9c-ad96-e8c0afadad4c',279000,0,14,1374,NULL,99,''),(857,'','2017-11-19 21:37:30','Blue Gangsta (original version)','0494e62b-5217-4a8c-a132-674c14c8b009',256000,0,15,1374,NULL,99,''),(858,'','2017-11-19 21:37:31','Xscape (original version)','7cf32264-5302-4e1b-b0c7-369ad911e3bc',344000,0,16,1374,NULL,99,''),(859,'','2017-11-19 21:37:31','Love Never Felt So Good','9fbc4e77-cd96-494f-b72b-495a472124f1',245000,0,17,1374,NULL,99,''),(860,'','2017-11-19 21:37:39','Redeemer of Souls','cc64bdb7-ba36-4bf5-98a4-ba894a55707f',240000,0,1,1375,NULL,100,''),(861,'','2017-11-19 21:37:42','We Built a House','a1b5f3a7-2610-4150-b9d4-7f7086ccd605',276240,0,1,1376,NULL,101,''),(862,'','2017-11-19 21:37:43','Parachute','09086a14-2a53-480c-b242-4f635dfbfa96',227693,0,2,1376,NULL,101,''),(863,'','2017-11-19 21:37:44','This One’s Gonna Hurt','3b7ffcd9-d793-4fef-a64e-12359d190ab6',220853,0,3,1376,NULL,101,''),(864,'','2017-11-19 21:37:45','Teenage Dreamstage','20e8a57c-b394-486a-8855-8a3f78598d8b',192800,0,4,1376,NULL,101,''),(865,'','2017-11-19 21:37:49','Manilla Vanilla','a133c6f2-1aa2-47b7-8ec3-7204f3f7d796',349227,0,5,1376,NULL,101,''),(866,'','2017-11-19 21:37:50','Don’t Break My Corazon','ea6c89e4-7d85-44a0-be6f-a6316cb6959c',260840,0,6,1376,NULL,101,''),(867,'','2017-11-19 21:37:50','Dame de Voyage','0f2ade97-cfcd-41f7-91fc-d116f771f2ff',302453,0,7,1376,NULL,101,''),(868,'','2017-11-19 21:37:52','Big in Japan','2783034a-f885-47a2-8144-b839b23ac950',20973,0,8,1376,NULL,101,''),(869,'','2017-11-19 21:37:52','Thank You for Your Heart','dcc4f40c-f642-4854-82be-3b7462735d8f',277120,0,9,1376,NULL,101,''),(870,'','2017-11-19 21:37:53','Delorean','ea87d331-83ab-4a58-ac12-7e007d1ef54d',189120,0,10,1376,NULL,101,''),(871,'','2017-11-19 21:37:54','Freedom Fighter','a9e501c6-6b80-4d92-a701-ff15bf31e5a1',212747,0,11,1376,NULL,101,''),(872,'','2017-11-19 21:37:55','New Lang Syne','40dfd4e4-eb2a-42c9-80bf-0f2103a50f81',296427,0,12,1376,NULL,101,''),(873,'','2017-11-19 21:37:56','Let It Go','297b2dc4-2da0-45a9-bc54-1678bef83b18',234200,0,13,1376,NULL,101,''),(874,'','2017-11-19 21:38:06','Thunder and Lightning','be60eb50-0467-385c-a02a-83f7b12fb8ce',263133,0,1,1377,NULL,102,''),(875,'','2017-11-19 21:38:06','Chained','8454848f-aedb-3e26-8a6e-68c5f186572b',439493,0,2,1377,NULL,102,''),(876,'','2017-11-19 21:38:07','Lay It on the Line','7fc49045-077b-3364-92b5-4d8400df1021',322840,0,3,1377,NULL,102,''),(877,'','2017-11-19 21:38:08','Stay','68851dbe-475c-3689-b90f-a7d9c5878c1d',286493,0,4,1377,NULL,102,''),(878,'','2017-11-19 21:38:09','Lost in Paradise','8396c693-92dc-3a1d-96d8-46a642c23be3',331106,0,5,1377,NULL,102,''),(879,'','2017-11-19 21:38:10','Smoulder','bf552999-d9c7-3c42-b376-3a5bd4dcde6a',29466,0,6,1377,NULL,102,''),(880,'','2017-11-19 21:38:11','Time to Burn','1ff3f482-5db7-340c-9cdd-4f4d452c0a6e',289160,0,7,1377,NULL,102,''),(881,'','2017-11-19 21:38:12','I\'ll Be There (When It\'s Over)','b2834a3a-499b-321d-886a-887d07b043cb',269773,0,8,1377,NULL,102,''),(882,'','2017-11-19 21:38:13','Save Me Tonight','daece58c-8e3e-337c-965e-8331bf0503a3',360600,0,9,1377,NULL,102,''),(883,'','2017-11-19 21:38:13','Without You','bab581c9-242a-3e86-8582-702060ffc1f1',266533,0,10,1377,NULL,102,''),(884,'','2017-11-19 21:38:15','Now Until Forever','1ac9d650-2000-31a3-8e4a-2b7f8db9da06',344893,0,11,1377,NULL,102,''),(885,'','2017-11-19 21:38:16','Get Used to It','6f5350be-35c2-3f2b-9948-2ce083a8bc5a',290840,0,12,1377,NULL,102,''),(886,'','2017-11-19 21:38:17','African Scaredy Katz in a One-Exit Maze','eec9f15e-944f-3245-ad6c-8d8629c54af0',276000,0,1,NULL,NULL,103,''),(887,'','2017-11-19 21:38:18','360 Degrees of Power','167c249e-5396-348d-bedf-c03b4312b0d1',216000,0,2,NULL,NULL,103,''),(888,'','2017-11-19 21:38:19','The Hate That Hate Produced','ee837ae6-3132-3ef3-be7b-19a191379569',183000,0,3,NULL,NULL,103,''),(889,'','2017-11-19 21:38:20','State of Accomodation: Why Aren’t You Angry','88f9f475-1ec8-3b39-b388-da9854f200b8',162000,0,4,NULL,NULL,103,''),(890,'','2017-11-19 21:38:24','Nigga’s Gotta','ae99d989-220e-3fad-a49f-b2d8c012d482',182000,0,5,NULL,NULL,103,''),(891,'','2017-11-19 21:38:25','Wild Buck Beer','53c6527f-0a66-3d4c-99d6-1b2e4d1006d6',99000,0,6,NULL,NULL,103,''),(892,'','2017-11-19 21:38:26','The Final Solution: Slavery’s Back in Effect','1e8443cf-6bf9-3dd5-b6d1-85d57e17648a',327000,0,7,NULL,NULL,103,''),(893,'','2017-11-19 21:38:27','Killing Me Softly: Deadly Code of Silence','81e8b633-4b58-301e-b760-2a0fabd305d4',185000,0,8,NULL,NULL,103,''),(894,'','2017-11-19 21:38:29','Umbilical Cord to the Future','6fcdcd1c-6ca5-3405-98fe-042f17e7590e',286000,0,9,NULL,NULL,103,''),(895,'','2017-11-19 21:38:30','The Tom Selloutkin Show','57be7832-fa51-3893-a588-1c5dd5272c79',75000,0,10,NULL,NULL,103,''),(896,'','2017-11-19 21:38:31','Brainteasers and Doubtbusters','95d8ecc3-8c26-3515-ae8b-5f6032829185',278000,0,11,NULL,NULL,103,''),(897,'','2017-11-19 21:38:33','My God Is a Powerful God','b18aaa9a-a0c9-3087-ad47-8acd85202fe1',260000,0,12,NULL,NULL,103,''),(898,'','2017-11-19 21:38:34','Survival Handbook Vs. Global Extinction','8643d123-b326-31a1-8f8b-d0c577fc3243',266000,0,13,NULL,NULL,103,''),(899,'','2017-11-19 21:38:40','Operating Tracks','221527a3-922c-37c8-94fc-0369d05f5c4d',232000,0,1,1378,NULL,104,''),(900,'','2017-11-19 21:38:41','With Your Cries','4fb0bc5b-25f5-3f46-94a1-0d46aa1debff',165000,0,2,1378,NULL,104,''),(901,'','2017-11-19 21:38:42','Art & Strategy','fc4845b3-6be1-362d-b33e-d720461002ce',136000,0,3,1378,NULL,104,''),(902,'','2017-11-19 21:38:43','Geography II','3ecdec7f-352f-3bf0-91e8-305c07312394',71000,0,4,1378,NULL,104,''),(903,'','2017-11-19 21:38:44','U-Men','f211bc35-24ee-3666-8b71-bbca858374d3',196000,0,5,1378,NULL,104,''),(904,'','2017-11-19 21:38:45','Dialogues','683c6fd3-874a-361f-97d0-64926a23e078',126000,0,6,1378,NULL,104,''),(905,'','2017-11-19 21:38:47','Least Inkling','d96bcb25-64d9-3cdd-855f-a15bd62530de',146000,0,7,1378,NULL,104,''),(906,'','2017-11-19 21:38:51','GVDT','a9bcd758-8fc7-3c23-b743-762a9f9b9eaa',177000,0,8,1378,NULL,104,''),(907,'','2017-11-19 21:38:52','Geography I','9a3975fd-45ba-35ac-a9a3-9cace8fee882',134000,0,9,1378,NULL,104,''),(908,'','2017-11-19 21:38:54','Black White Blue','3cd5a921-c8bb-3836-a324-b45825f48989',261000,0,10,1378,NULL,104,''),(909,'','2017-11-19 21:38:54','Kinetics','4813a0be-f7e0-3133-85af-d0000b5e8ca7',125000,0,11,1378,NULL,104,''),(910,'','2017-11-19 21:38:55','Kampfbereit','8ddf64b1-7084-3906-843c-1bbd3ff0ea59',201000,0,12,1378,NULL,104,''),(911,'','2017-11-19 21:38:56','Ethics','a3c85c9e-60be-3cb4-a49d-e85eaffe54e8',151000,0,13,1378,NULL,104,''),(912,'','2017-11-19 21:38:57','Principles','8cd83198-6510-3a6b-a47a-390c0db40e82',284000,0,14,1378,NULL,104,''),(913,'','2017-11-19 21:38:58','Body to Body','d795b89e-395a-3645-ae21-968eac3dafed',249000,0,15,1378,NULL,104,''),(914,'','2017-11-19 21:39:02','Three Hits','4489134e-316d-3d8a-8459-a450850c7fef',191400,0,1,1379,NULL,105,''),(915,'','2017-11-19 21:39:02','Galileo','8285ac77-0a0e-30ae-827e-54c25765feaa',254333,0,2,1379,NULL,105,''),(916,'','2017-11-19 21:39:04','Ghost','f9520ced-cddd-3ade-8769-012beb0f506a',315226,0,3,1379,NULL,105,''),(917,'','2017-11-19 21:39:05','Joking','3dbfdbc4-29be-35b3-ae1b-cac9112cd3b8',213666,0,4,1379,NULL,105,''),(918,'','2017-11-19 21:39:06','Jonas & Ezekial','7eb21982-b50e-3cdd-9ef7-b1696bb4afce',249200,0,5,1379,NULL,105,''),(919,'','2017-11-19 21:39:07','Love Will Come to You','e624adb7-19d4-3f84-a6db-fe6bb88c4b6d',277573,0,6,1379,NULL,105,''),(920,'','2017-11-19 21:39:08','Romeo and Juliet','2f5363d3-feea-3c46-8edb-684cd27cf4cb',287600,0,7,1379,NULL,105,''),(921,'','2017-11-19 21:39:09','Virginia Woolf','3de6c7f5-b724-31ee-a895-b30df15852d8',327226,0,8,1379,NULL,105,''),(922,'','2017-11-19 21:39:10','Chickenman','b91cdd12-4d53-37b2-a7d5-de5ee40d7267',345533,0,9,1379,NULL,105,''),(923,'','2017-11-19 21:39:12','Airplane','ef14729b-9e38-3f1b-a624-50874d6b7c5e',202733,0,10,1379,NULL,105,''),(924,'','2017-11-19 21:39:12','Nashville','750f6b7d-7e9c-3abd-b5d5-9b6d73237dfe',238266,0,11,1379,NULL,105,''),(925,'','2017-11-19 21:39:13','Let It Be Me','06920f79-dbd3-31d4-8b06-aa1a6ef23bf1',234800,0,12,1379,NULL,105,''),(926,'','2017-11-19 21:39:14','Cedar Tree','f108b5d4-eb7c-342f-bad8-81461d6312b4',226466,0,13,1379,NULL,105,''),(927,'','2017-11-19 21:39:17','Smokin\' in Bed','3ff42f96-fba0-3787-9736-fe270c14127a',193800,0,1,1380,NULL,106,''),(928,'','2017-11-19 21:39:18','Michigan Rain','9ef8b500-bacd-316e-89d9-9f35c8bc45df',172733,0,2,1380,NULL,106,''),(929,'','2017-11-19 21:39:19','Loving You Sets Me Free','84efb705-85ae-3e33-b6b9-74f554f46000',266800,0,3,1380,NULL,106,''),(930,'','2017-11-19 21:39:19','Intoxifornication','e961ed34-3a71-3465-a135-699c6f0159b9',244893,0,4,1380,NULL,106,''),(931,'','2017-11-19 21:39:20','The Truth','458b42fd-c68a-3fab-9f46-bad9dfa77d27',317400,0,5,1380,NULL,106,''),(932,'','2017-11-19 21:39:21','Save Me From Myself','ba31dfb4-db0a-35fa-92cc-07caaffae23c',382066,0,6,1380,NULL,106,''),(933,'','2017-11-19 21:39:22','I Wanna Seduce You','ba9a0c8f-839c-3243-8b09-d165e268d634',194373,0,7,1380,NULL,106,''),(934,'','2017-11-19 21:39:23','Electric Girlfriend','6c04fd12-2ca0-32b2-9109-807b1597be8b',147133,0,8,1380,NULL,106,''),(935,'','2017-11-19 21:39:24','Cruel With Me','c6974998-f729-3b34-bc38-616ce94f2662',244533,0,9,1380,NULL,106,''),(936,'','2017-11-19 21:39:25','The World We Love So Much','89b2819b-de82-318e-8a74-60749f781f56',278093,0,10,1380,NULL,106,''),(937,'','2017-11-19 21:39:29','[untitled]','8c0d6b53-9251-317e-baba-3f869b531434',271174,0,11,1380,NULL,106,''),(938,'','2017-11-19 21:39:30','Prelude','81aee9f6-3944-3758-a922-a1f99bac46b0',110160,0,1,NULL,NULL,107,''),(939,'','2017-11-19 21:39:31','Ladykiller','6209d99d-1093-31b5-a177-a7d4a2a5e1d5',268840,0,2,NULL,NULL,107,''),(940,'','2017-11-19 21:39:32','Tongue-Tied and Twisted','61e5602c-cf4f-3e77-b763-94871970707e',289960,0,3,NULL,NULL,107,''),(941,'','2017-11-19 21:39:33','Colouring Blue','92694c22-970e-34bf-88ce-046cffba04ec',252466,0,4,NULL,NULL,107,''),(942,'','2017-11-19 21:39:34','Independence Days','d4de1427-bd07-3dfd-98a9-501d160c6d61',254800,0,5,NULL,NULL,107,''),(943,'','2017-11-19 21:39:34','This Town','923bdd4e-d9f2-3700-8810-02298c0f3db3',304533,0,6,NULL,NULL,107,''),(944,'','2017-11-19 21:39:35','Box of Rain','a9559d9a-b5b2-35af-9b83-e3a9263953bd',277373,0,7,NULL,NULL,107,''),(945,'','2017-11-19 21:39:36','Face of the Moon','2e9f6248-6843-3525-aaef-8af9377955ab',215400,0,8,NULL,NULL,107,''),(946,'','2017-11-19 21:39:37','Running Around Again','91d2aa9d-c536-3789-a96a-bef66dd1babb',302066,0,9,NULL,NULL,107,''),(947,'','2017-11-19 21:39:38','The Night We Never Met','a5466601-088b-3ee8-a45f-2436df4cdf64',324933,0,10,NULL,NULL,107,''),(948,'','2017-11-19 21:39:39','On the Stairs','fc76c655-9ed6-364e-b2c7-56f7a558a92a',188466,0,11,NULL,NULL,107,''),(949,'','2017-11-19 21:39:40','Mother Isn\'t Always Right','1be43e41-49d1-3291-9799-0fb0ae3d0606',145266,0,1,NULL,NULL,108,''),(950,'','2017-11-19 21:39:41','Six Clean Words You Can Say Anywhere','d89eecb7-8cdf-3597-8435-489b77670a21',215000,0,2,NULL,NULL,108,''),(951,'','2017-11-19 21:39:42','At the Dentist','1a291823-addd-3b5e-9fbf-9d2537a376f4',533093,0,3,NULL,NULL,108,''),(952,'','2017-11-19 21:39:43','Continental Steel','b650e9a3-cc4c-3a37-bce7-c8e5ab628ee1',83800,0,4,NULL,NULL,108,''),(953,'','2017-11-19 21:39:44','Science Marches On','04ee8f18-08a2-36c4-8785-cdb8c7b7ee86',222266,0,5,NULL,NULL,108,''),(954,'','2017-11-19 21:39:44','On Campus','da37dc51-9fb9-3166-aab7-8a3e7b48c9d9',78373,0,6,NULL,NULL,108,''),(955,'','2017-11-19 21:39:45','Stranger in a Strange Land','787f715e-8d46-39fa-a336-fe8709728d45',137133,0,7,NULL,NULL,108,''),(956,'','2017-11-19 21:39:46','On the Bayou Song','d2cedc69-0363-3174-9c60-42da53241825',74600,0,8,NULL,NULL,108,''),(957,'','2017-11-19 21:39:47','Animals All','448da163-37de-3174-9bb6-efb8c185d2c2',287360,0,9,NULL,NULL,108,''),(958,'','2017-11-19 21:39:48','Illusions','b277284e-3a2c-333e-a1e1-63aa8ccef678',189640,0,10,NULL,NULL,108,''),(959,'','2017-11-19 21:39:48','Fear the Greatest Salesman','f334f624-cca1-34ba-a694-e56598144e1d',172866,0,11,NULL,NULL,108,''),(960,'','2017-11-19 21:39:49','Young People\'s Guide to the Orchestra','8340a82e-4a0c-360c-8769-24be65f50dec',335226,0,12,NULL,NULL,108,''),(961,'','2017-11-19 21:39:50','Ferrill Cynch','a8faac4e-0d3f-3c92-a07a-4fa243b1d7a2',45133,0,13,NULL,NULL,108,''),(962,'','2017-11-19 21:39:51','Odd Jobs','d136ea3c-9b2d-3ada-acde-1c2fb7856067',141573,0,14,NULL,NULL,108,''),(963,'','2017-11-19 21:39:52','Actors\' Strike','95dd43c0-097b-334f-a99e-464a71ad1886',80600,0,15,NULL,NULL,108,''),(964,'','2017-11-19 21:39:53','Scary Story (Nebs\' Tune)','27a780c1-b251-3b0c-a13f-8ef53b9ab2ed',228800,0,16,NULL,NULL,108,''),(965,'','2017-11-19 21:40:04','Babe Ruth Story','0f25b9ec-0da4-30db-938c-06f65e551085',132866,0,17,NULL,NULL,108,''),(966,'','2017-11-19 21:40:04','Mobutaba','29a54784-76ba-3dc8-b6df-8afba54dda65',66400,0,18,NULL,NULL,108,''),(967,'','2017-11-19 21:40:07','When I\'m With U / Everything I Ever Needed','8127425b-17f9-4ebe-be07-24b7776bb45e',289933,0,1,1381,NULL,109,''),(968,'','2017-11-19 21:40:08','Reaching Out 2 U (Todos Bajo La Misma Luna) (Salsa 4 Peace) (feat. Carlos Santana)','7eed5e5d-f9eb-4854-a8ee-44b69835ef49',298773,0,2,1381,NULL,109,''),(969,'','2017-11-19 21:40:09','Merengue de Alegrias (Candy 4 My Soul) (Merengue)','e88665d6-ca86-48ea-89e4-3f653058e1f1',297760,0,3,1381,NULL,109,''),(970,'','2017-11-19 21:40:10','Deep in Your Heart','e61fad28-03e0-40a4-9026-41e3cdd0598b',267600,0,4,1381,NULL,109,''),(971,'','2017-11-19 21:40:11','Danza Viva (My Heart Grows Wings) (Sevillanas)','ec6bae59-51b9-4f81-9c27-66f92766abc6',195773,0,5,1381,NULL,109,''),(972,'','2017-11-19 21:40:11','Promise (Beyond the Mountains) (Bulerias 4 Jane Bay)','cec8685f-e94e-4a91-96ab-9364a2339614',303893,0,6,1381,NULL,109,''),(973,'','2017-11-19 21:40:12','Samba Pa Ti (Thru Every Step in Life U Find Freedom from Within) (Dedicated to Carlos Santana) (feat. Carlos Santana)','409c4b6e-3b76-48cb-92e2-27c47e598fe7',255040,0,7,1381,NULL,109,''),(974,'','2017-11-19 21:40:13','Lilac Sun (Bossa 4 Love)','fb9211b6-add3-4f67-af02-2869f78757ea',316933,0,8,1381,NULL,109,''),(975,'','2017-11-19 21:40:13','Black Hair in the Wind','67e13f2d-45ca-4d4c-b27c-7208e46bac1a',223426,0,9,1381,NULL,109,''),(976,'','2017-11-19 21:40:14','Duende del Amor (Day) (Buleriasalsa)','670a025d-6bf8-4c1b-b6ee-5bd02396bb9f',248333,0,10,1381,NULL,109,''),(977,'','2017-11-19 21:40:15','Duende del Amor (Night) (Buleriasalsa)','43803136-78e5-4ef6-a899-0e20e3f4e182',78506,0,11,1381,NULL,109,''),(978,'','2017-11-19 21:40:16','Dawn in a New World','00af8d7b-f516-475f-891d-11fff537676a',261026,0,12,1381,NULL,109,''),(979,'','2017-11-19 21:40:17','Whispering Hills (Lullaby 4 Mandarine)','5e3a5077-5b55-461a-b9b5-be439a186cb1',161733,0,13,1381,NULL,109,''),(980,'','2017-11-19 21:40:17','Arrow w/o Destination','6cf98d13-19cd-4fd8-b267-8d781bce38ed',210733,0,14,1381,NULL,109,''),(981,'','2017-11-19 21:40:20','Be Quick or Be Dead','372f4f47-224f-3a67-9d5f-5ea65cd2b829',204360,0,1,1382,NULL,110,''),(982,'','2017-11-19 21:40:21','From Here to Eternity','c8c8a946-9f3e-30a5-b02d-2463195b5587',218306,0,2,1382,NULL,110,''),(983,'','2017-11-19 21:40:25','Afraid to Shoot Strangers','31fb9be4-f4ab-337a-94d2-e259dc51418e',416493,0,3,1382,NULL,110,''),(984,'','2017-11-19 21:40:26','Fear Is the Key','dc133a18-439e-399b-aaea-1c8ffabcc0dd',335306,0,4,1382,NULL,110,''),(985,'','2017-11-19 21:40:27','Childhood’s End','85ec231d-2752-38f9-8699-f3ab7a335a19',280560,0,5,1382,NULL,110,''),(986,'','2017-11-19 21:40:28','Wasting Love','b0d0ff6e-c995-3b30-88bb-2e1241e4c3b3',350933,0,6,1382,NULL,110,''),(987,'','2017-11-19 21:40:29','The Fugitive','3e670d21-2e4e-3f81-bc31-24ff49307d0c',294066,0,7,1382,NULL,110,''),(988,'','2017-11-19 21:40:30','Chains of Misery','cc855e8f-c52d-38e5-afcf-fd97d4bca667',217400,0,8,1382,NULL,110,''),(989,'','2017-11-19 21:40:31','The Apparition','d4dabbf0-e903-39ba-9b02-923e98795156',234533,0,9,1382,NULL,110,''),(990,'','2017-11-19 21:40:32','Judas Be My Guide','63274d18-76f0-386d-8be4-c3bd5dd876c7',188800,0,10,1382,NULL,110,''),(991,'','2017-11-19 21:40:32','Weekend Warrior','f1a85c50-496c-3b1d-85a4-1727946ca58f',339706,0,11,1382,NULL,110,''),(992,'','2017-11-19 21:40:33','Fear of the Dark','a21ad86d-76aa-3f44-bdfb-7c31b52a6ad3',438826,0,12,1382,NULL,110,''),(993,'','2017-11-19 21:40:39','When the Sun Burns Red','bf083f75-09d1-420a-9a28-9a345ee5eadc',331000,0,1,NULL,NULL,111,''),(994,'','2017-11-19 21:40:40','Coma of Souls','06dc19d7-a41c-4587-9bdb-a59ea39abcc1',258000,0,2,NULL,NULL,111,''),(995,'','2017-11-19 21:40:41','People of the Lie','963cf628-ecfe-4816-be0f-76e2e7c55acd',195000,0,3,NULL,NULL,111,''),(996,'','2017-11-19 21:40:42','World Beyond','d6f9b5f8-6f9e-4329-a4f7-bb0a77ec4d3c',123000,0,4,NULL,NULL,111,''),(997,'','2017-11-19 21:40:43','Terror Zone','b76bfded-26df-4856-a1d5-a41d727ff5b0',357000,0,5,NULL,NULL,111,''),(998,'','2017-11-19 21:40:43','Agents of Brutality','d5ba9085-29e3-4cf1-9095-53c733ddaea8',317000,0,6,NULL,NULL,111,''),(999,'','2017-11-19 21:40:44','Material World Paranoia','a9718766-ce73-4cc5-992b-d2b67b040385',301000,0,7,NULL,NULL,111,''),(1000,'','2017-11-19 21:40:46','Twisted Urges','f7497ee8-5366-45db-b442-2190a2e6fa8a',166000,0,8,NULL,NULL,111,''),(1001,'','2017-11-19 21:40:46','Hidden Dictator','b32f790f-d16f-472c-985e-e50da6f7502e',290000,0,9,NULL,NULL,111,''),(1002,'','2017-11-19 21:40:48','Mental Slavery','727bfe74-401d-435a-84f3-25fed03156df',343000,0,10,NULL,NULL,111,''),(1003,'','2017-11-19 21:40:49','Eh, Sabina','30664266-21f8-3001-b26c-724d638f49bd',222893,0,1,1383,NULL,112,''),(1004,'','2017-11-19 21:40:49','Qué demasiao (Una canción para el Jaro)','994e25e3-3060-3e2e-b20b-a5c42753789d',213040,0,2,1383,NULL,112,''),(1005,'','2017-11-19 21:40:49','Círculos viciosos','78556880-27b7-3bea-a40e-e6c03e739b07',245360,0,3,1383,NULL,112,''),(1006,'','2017-11-19 21:40:49','Ring, ring, ring','27aa300b-fced-396e-a6c8-a21317ecf7f7',248640,0,4,1383,NULL,112,''),(1007,'','2017-11-19 21:40:49','Pisa el acelerador','646a7811-c837-3522-8c3f-8d7e59aaed84',221760,0,5,1383,NULL,112,''),(1008,'','2017-11-19 21:40:49','Carguen, apunten, fuego','b2456bbb-d9aa-3469-908c-17c734b8f460',224933,0,6,1383,NULL,112,''),(1009,'','2017-11-19 21:40:49','Pasándolo bien','b275eef3-c6b7-3be6-85d4-4098dcdce257',163640,0,7,1383,NULL,112,''),(1010,'','2017-11-19 21:40:49','Negra noche','7898d56f-2248-3bb5-bc12-3cc7e98b759e',280866,0,8,1383,NULL,112,''),(1011,'','2017-11-19 21:40:49','Juana la loca','a5c85042-e2a3-3b7c-9252-b331156744b9',339800,0,9,1383,NULL,112,''),(1012,'','2017-11-19 21:40:49','Pongamos que hablo de Madrid','8d8762c1-b72b-3629-bbfe-92b7791924eb',248333,0,10,1383,NULL,112,''),(1013,'','2017-11-19 21:40:49','Guerra mundial','80ee6f9f-20e6-35df-a825-f6b49b5b2872',233626,0,11,1383,NULL,112,''),(1014,'','2017-11-19 21:40:49','Manual para héroes o canallas','3c3567fb-e5f0-3ae7-b72b-9968c8fd8ba8',193000,0,12,1383,NULL,112,''),(1015,'','2017-11-19 21:40:49','Telespañolito','60f97bc1-b3e4-3b05-ad68-7bf6e4cf02f5',348200,0,13,1383,NULL,112,''),(1016,'','2017-11-19 21:40:49','Mi amigo Satán','0028f756-85d1-3373-b693-6d05f90c3c71',260573,0,14,1383,NULL,112,''),(1017,'','2017-11-19 21:40:49','Calle melancolía','e1ee98a6-4894-39f7-87c6-20bc8eef8ad7',269600,0,15,1383,NULL,112,''),(1018,'','2017-11-19 21:40:49','Bruja','31c1e386-0371-3fd1-9564-fa9954c4d9d8',269960,0,16,1383,NULL,112,''),(1019,'','2017-11-19 21:40:49','Ocupen su localidad','a4f0301a-cc7c-3ca3-a3e5-618436d00ad2',206506,0,17,1383,NULL,112,''),(1020,'','2017-11-19 21:40:49','Gulliver','c53f538b-b194-38a9-9ae3-3c5ebb0ae35c',228293,0,18,1383,NULL,112,''),(1021,'','2017-11-19 21:40:54','Apuesta por el amor','86ac9037-e9ab-3fab-9d24-06d2c41785b2',210000,0,1,NULL,NULL,113,''),(1022,'','2017-11-19 21:40:55','Somos dos caminantes','f4985b64-cfcb-3860-b941-873b58ee89e6',270000,0,2,NULL,NULL,113,''),(1023,'','2017-11-19 21:40:56','Guadalupana','ec1f36ed-a8a0-3887-a821-2e21d1219f49',225000,0,3,NULL,NULL,113,''),(1024,'','2017-11-19 21:40:56','Burundanga','85bb3c0c-a3f7-3789-a85d-a606e89644fc',190000,0,4,NULL,NULL,113,''),(1025,'','2017-11-19 21:40:56','Dejándonos la piel','d8f0f11a-f37c-3fd1-8bb9-6bc243aa37da',230000,0,5,NULL,NULL,113,''),(1026,'','2017-11-19 21:40:57','Pan y chocolate','b007b00a-477e-3073-8689-268130ec8c7c',200000,0,6,NULL,NULL,113,''),(1027,'','2017-11-19 21:40:58','Sal y pimienta','41e76817-e128-3a33-84a5-8f43b511cff9',230000,0,7,NULL,NULL,113,''),(1028,'','2017-11-19 21:40:59','Su cara gitana','a2993af1-0cf4-3e01-ae2b-500b309ad263',205000,0,8,NULL,NULL,113,''),(1029,'','2017-11-19 21:40:59','¡Ay Alvariño!','65616a51-c075-376c-88fb-dd2cc4f0efb8',270000,0,9,NULL,NULL,113,''),(1030,'','2017-11-19 21:40:59','Federico García Lorca (fragmento)','0d1d8b0f-89c8-35c3-9d62-64b8a1fb94c8',150000,0,10,NULL,NULL,113,''),(1031,'','2017-11-19 21:41:05','Les boul\' à zéro','281f204c-e7fc-3e45-bfc2-258fea16b0f1',277000,0,1,1384,NULL,114,''),(1032,'','2017-11-19 21:41:05','Besoin de toi','221e4579-6648-3624-9fbf-7ab212eb068f',336906,0,2,1384,NULL,114,''),(1033,'','2017-11-19 21:41:06','Toi et moi','f0590031-42a0-3ee2-8d64-5a94a978bdfb',451466,0,3,1384,NULL,114,''),(1034,'','2017-11-19 21:41:07','Kama-Sutra','1b9abaac-6776-3f97-a6b9-6e32a2cdd4e7',277600,0,4,1384,NULL,114,''),(1035,'','2017-11-19 21:41:08','LNA ho','1056cedd-adba-3176-b08f-335eec377226',315800,0,5,1384,NULL,114,''),(1036,'','2017-11-19 21:41:09','Comme un tatouage (et je matelot)','d87cfd5f-be3a-30c5-beb0-4485738dd670',356400,0,6,1384,NULL,114,''),(1037,'','2017-11-19 21:41:09','Goodbye Marylou','fea5bfeb-458f-368e-87fc-422ddd6a0896',381226,0,7,1384,NULL,114,''),(1038,'','2017-11-19 21:41:10','Amour cachets','90d6adde-72e7-3a51-abe7-87a0e610f4b8',290133,0,8,1384,NULL,114,''),(1039,'','2017-11-19 21:41:11','Toi sans moi (instrumental)','cbf5a1aa-5afb-3f46-94b0-9120908c4357',234706,0,9,1384,NULL,114,''),(1040,'','2017-11-19 21:41:12','Goodbye Marylou (instrumental)','0bc444ec-7e84-3e7b-8b40-5d12d639dcc4',365226,0,10,1384,NULL,114,''),(1041,'','2017-11-19 21:41:14','Metal Heart','33fd84e4-eb21-3492-ab83-90084b2b379d',325160,0,1,NULL,NULL,115,''),(1042,'','2017-11-19 21:41:15','Breaker','95617558-4c95-3cf2-ae99-dfede28c9d1b',220306,0,2,NULL,NULL,115,''),(1043,'','2017-11-19 21:41:17','Screaming for a Love-bite','db71b171-63a1-3dd5-900a-d8de536275d8',261693,0,3,NULL,NULL,115,''),(1044,'','2017-11-19 21:41:18','Up to the Limit','cdb857dc-0aff-3d91-9357-54ded88d4754',285173,0,4,NULL,NULL,115,''),(1045,'','2017-11-19 21:41:19','Living for Tonight','2bb2af45-39ea-365c-b66e-aa2db8f9f71c',215360,0,5,NULL,NULL,115,''),(1046,'','2017-11-19 21:41:20','Princess of the Dawn','c995e69a-bc64-3bd8-b919-cefe480674b2',467506,0,6,NULL,NULL,115,''),(1047,'','2017-11-19 21:41:21','Guitar Solo Wolf','f87d088b-c0ce-3f74-93ed-492bdd5337a5',270533,0,7,NULL,NULL,115,''),(1048,'','2017-11-19 21:41:22','Restless and Wild','a9da9afa-f6ec-3eed-a54f-56595786fe49',152226,0,8,NULL,NULL,115,''),(1049,'','2017-11-19 21:41:23','Son of a Bitch','e2f14d93-0948-3da0-9257-ce8dea922e85',154573,0,9,NULL,NULL,115,''),(1050,'','2017-11-19 21:41:24','London Leatherboys','bb513469-3079-33f5-80b8-08b92cd5ebd4',234960,0,10,NULL,NULL,115,''),(1051,'','2017-11-19 21:41:25','Love Child','c67ed95b-907d-35a8-a6a8-60e23794f274',300200,0,11,NULL,NULL,115,''),(1052,'','2017-11-19 21:41:26','Flash Rockin\' Man','6d4ca630-cb2e-3f76-9d29-26bc5e8a6c87',391306,0,12,NULL,NULL,115,''),(1053,'','2017-11-19 21:41:26','Dogs on Leads','49a30b1f-6aad-3199-bc9d-57b0ec18555a',352333,0,13,NULL,NULL,115,''),(1054,'','2017-11-19 21:41:27','Fast as a Shark','fddd71f1-c6d4-31a3-911a-84824c8c2208',326133,0,14,NULL,NULL,115,''),(1055,'','2017-11-19 21:41:28','Balls to the Wall','e9d13c38-7583-378f-8287-c16a1dde6a91',627866,0,15,NULL,NULL,115,''),(1056,'','2017-11-19 21:41:31','It Is Well With My Soul','feb59d92-d424-3765-94fc-10be5badddd2',264360,0,1,1385,NULL,116,''),(1057,'','2017-11-19 21:41:32','Fairest Lord Jesus Medley: Fairest Lord Jesus / I’d Rather Have Jesus','49d702f3-398c-3481-aa18-79adee164ac3',271306,0,2,1385,NULL,116,''),(1058,'','2017-11-19 21:41:34','How Great Thou Art','79dd5a65-8cf1-3b5e-8383-f39ed821151a',325960,0,3,1385,NULL,116,''),(1059,'','2017-11-19 21:41:44','In the Garden Medley: In the Garden / Just a Closer Walk With Thee / What a Friend We Have in Jesus','c8e2e17c-0ffa-38ee-b093-8f3e22e79855',284840,0,4,1385,NULL,116,''),(1060,'','2017-11-19 21:41:45','The Old Rugged Cross','0b0d3646-33a3-3045-ac4e-1a20f866a1a9',215693,0,5,1385,NULL,116,''),(1061,'','2017-11-19 21:41:46','The Lord’s Prayer','64c391c5-e6d0-38db-8c04-73452bec36d9',164573,0,6,1385,NULL,116,''),(1062,'','2017-11-19 21:41:48','Amazing Grace','7765aa2b-6e68-3eac-88e5-0ea03cb129dd',215960,0,7,1385,NULL,116,''),(1063,'','2017-11-19 21:41:49','To God Be the Glory Medley: To God Be the Glory / Holy, Holy, Holy / Blessed Assurance / Great Is Thy Faithfulness','7a83ed96-2869-356e-a4f2-2b27bbbc9912',288733,0,8,1385,NULL,116,''),(1064,'','2017-11-19 21:41:53','A Mighty Fortress Medley: A Mighty Fortress / Rock of Ages / Victory in Jesus / Because He Lives','c9dc7cbe-a09b-3359-a419-0a406fec7b4e',293440,0,9,1385,NULL,116,''),(1065,'','2017-11-19 21:41:54','Sweet Hour of Prayer Medley: Sweet Hour of Prayer / I Need Thee Every Hour / Just as I Am / Turn Your Eyes Upon Jesus','564375c4-674c-3e80-b14c-ad8a0e874ab6',381666,0,10,1385,NULL,116,''),(1066,'','2017-11-19 21:41:55','Circle Slide','1b3c3541-4645-31cf-bc48-4ea2db50f14f',443240,0,1,NULL,NULL,117,''),(1067,'','2017-11-19 21:41:56','If I Had a Yard','dc4c49c7-753f-3b5e-8bd5-27118f8f20d5',256066,0,2,NULL,NULL,117,''),(1068,'','2017-11-19 21:41:57','A Sentimental Song','5ffc37c7-065e-3e17-bd9f-e364250ec9d3',301600,0,3,NULL,NULL,117,''),(1069,'','2017-11-19 21:41:58','Merciful Eyes','84292584-59d2-313f-ad75-5930c28d3933',295693,0,4,NULL,NULL,117,''),(1070,'','2017-11-19 21:41:59','Tear for Tear','5cc52303-d8f6-3e84-b1b6-8ec636d29d46',82040,0,5,NULL,NULL,117,''),(1071,'','2017-11-19 21:42:00','About Love','5988a330-f5f8-376e-a5a3-2f0493566854',241133,0,6,NULL,NULL,117,''),(1072,'','2017-11-19 21:42:01','Blue Skies','2c81bc1b-fefe-32d1-adac-4d75c130febb',244866,0,7,NULL,NULL,117,''),(1073,'','2017-11-19 21:42:02','Laugh Loop','fdb24d07-8cb3-32d6-af24-3e29f788dfb4',106400,0,8,NULL,NULL,117,''),(1074,'','2017-11-19 21:42:03','Restore My Soul','72b759a6-6634-3d78-8834-0d53f7f3eddd',393960,0,9,NULL,NULL,117,''),(1075,'','2017-11-19 21:42:06','Tailgunner','f87bfd3c-522a-40e9-ab32-ce93a799e861',255160,0,1,NULL,NULL,118,''),(1076,'','2017-11-19 21:42:07','Holy Smoke','e1d8eeb5-2ded-4c66-bf4e-7cd84d02f87e',229000,0,2,NULL,NULL,118,''),(1077,'','2017-11-19 21:42:08','No Prayer for the Dying','09643ffd-6df4-47d7-9d52-82c0e1a09fbd',263266,0,3,NULL,NULL,118,''),(1078,'','2017-11-19 21:42:09','Public Enema Number One','d5736cb4-35d7-40e2-aa0a-63a0a91ef5b3',254000,0,4,NULL,NULL,118,''),(1079,'','2017-11-19 21:42:10','Fates Warning','62b8e99e-6b8e-4809-ab33-934cc65118ae',251000,0,5,NULL,NULL,118,''),(1080,'','2017-11-19 21:42:11','The Assassin','d3e98e86-ef75-4fd5-9d1b-0013a47f5b2b',258000,0,6,NULL,NULL,118,''),(1081,'','2017-11-19 21:42:13','Run Silent Run Deep','7f40da53-36c1-4085-87e0-7fccee7e4b28',274000,0,7,NULL,NULL,118,''),(1082,'','2017-11-19 21:42:13','Hooks in You','9a3753e7-12b8-443d-8c78-63e5f85854cb',247000,0,8,NULL,NULL,118,''),(1083,'','2017-11-19 21:42:18','Bring Your Daughter… to the Slaughter','8d841a17-e5b6-4921-816f-4b20b1c9bdb7',284000,0,9,NULL,NULL,118,''),(1084,'','2017-11-19 21:42:19','Mother Russia','7c09354d-1217-40db-b63f-796c04afad79',331000,0,10,NULL,NULL,118,''),(1085,'','2017-11-19 21:42:23','Brave New Hope','44a964f8-6613-38c7-aafe-3aadc2cb728d',246000,0,1,1386,NULL,119,''),(1086,'','2017-11-19 21:42:25','Until You Come Back to Me (That’s What I’m Gonna Do) (12″ remix)','b06d235c-d1b3-3033-906e-908a4139677a',398000,0,2,1386,NULL,119,''),(1087,'','2017-11-19 21:42:26','Brave New Hope (Brave New mix)','e83ff8ca-d7a2-34da-b475-9a0101f55262',247000,0,3,1386,NULL,119,''),(1088,'','2017-11-19 21:42:27','Give Me That','e51916aa-b491-38d2-b57b-ae5acf21ea1f',264000,0,4,1386,NULL,119,''),(1089,'','2017-11-19 21:42:31','Cruising for Bruising (12″ remix)','37f804d6-d904-33a0-92a2-e0f1aee35d05',408000,0,5,1386,NULL,119,''),(1090,'','2017-11-19 21:42:32','Forgive and Forget','43a2d699-26ae-3cc0-bd4b-545d43f47d9d',194000,0,6,1386,NULL,119,''),(1091,'','2017-11-19 21:42:33','From Now On (Band version)','b57f802e-da46-35a2-a1c1-ed9efbb06b2d',245000,0,7,1386,NULL,119,''),(1092,'','2017-11-19 21:42:34','Masquerade','5081b6a2-660f-3378-8c3c-bda25bb714fc',273000,0,8,1386,NULL,119,''),(1093,'','2017-11-19 21:42:35','Come to Heaven','d970d0a7-14c3-3294-8525-4c826025a88d',249000,0,9,1386,NULL,119,''),(1094,'','2017-11-19 21:42:38','Why Didn\'t You Believe','169ad487-c0ef-310d-b298-e8efc854465b',213373,0,1,NULL,NULL,120,''),(1095,'','2017-11-19 21:42:39','Don’t Give Up So Easily','fb293848-4c05-3be0-b43f-e03326e0e66a',138173,0,2,NULL,NULL,120,''),(1096,'','2017-11-19 21:42:43','Look at Life','596c32d5-2912-30b7-94d7-ed0f18fba26e',151000,0,3,NULL,NULL,120,''),(1097,'','2017-11-19 21:42:44','Please Sign Your Letters','cec43ac3-f329-3141-854e-d96ee9ed618b',225800,0,4,NULL,NULL,120,''),(1098,'','2017-11-19 21:42:45','My Life Is Over With You','723ed6ca-5ec9-342b-91ce-19680ad09e90',200026,0,5,NULL,NULL,120,''),(1099,'','2017-11-19 21:42:46','Please Let Me Please','43209a54-d861-35fc-bb11-0c920692a941',196373,0,6,NULL,NULL,120,''),(1100,'','2017-11-19 21:42:46','Do You Believe in Love','73b3a4cd-e7d1-397e-a64d-b2332e74cf05',224026,0,7,NULL,NULL,120,''),(1101,'','2017-11-19 21:42:47','He Ain’t Heavy, He’s My Brother','236b50f6-d3d6-3bcc-be6b-742a5ed3bcec',261026,0,8,NULL,NULL,120,''),(1102,'','2017-11-19 21:42:48','You Love ’cos You Like It','74fbaeef-45ed-315a-bb8a-c446a73d5468',172733,0,9,NULL,NULL,120,''),(1103,'','2017-11-19 21:42:50','Reflections of a Time Long Past','4c6ddfa0-f5d4-3765-b545-624b25123f79',149600,0,10,NULL,NULL,120,''),(1104,'','2017-11-19 21:42:50','Goodbye Tomorrow','5e0d314a-2fdb-3cdd-ab3f-5319a27e5654',230374,0,11,NULL,NULL,120,''),(1105,'','2017-11-19 21:42:52','When the Ship Comes In','6fdc5e19-5c43-3500-8c87-d4195866c92b',169000,0,1,NULL,NULL,121,''),(1106,'','2017-11-19 21:42:53','I\'ll Be Your Baby Tonight','a5d301ae-509b-34fa-87d9-d38ac2f2f8f0',212000,0,2,NULL,NULL,121,''),(1107,'','2017-11-19 21:42:57','I Want You','fc35d765-f9ef-3c94-aac9-e09ed3eee9eb',138000,0,3,NULL,NULL,121,''),(1108,'','2017-11-19 21:42:58','This Wheel\'s on Fire','fa9aa2ea-5cd5-30b2-ba1b-daeee74ed7a7',180000,0,4,NULL,NULL,121,''),(1109,'','2017-11-19 21:42:59','I Shall Be Released','e5d3bdae-6998-3a72-9ac1-9b8ae30ea9da',211000,0,5,NULL,NULL,121,''),(1110,'','2017-11-19 21:43:00','Blowin\' in the Wind','7ea2cf3b-0729-37eb-a5af-8686b98547be',254000,0,6,NULL,NULL,121,''),(1111,'','2017-11-19 21:43:01','Quit Your Low Down Ways','8a2c6b5d-f7e4-3a7d-ae70-875fb764f423',169000,0,7,NULL,NULL,121,''),(1112,'','2017-11-19 21:43:02','Just Like a Woman','9b2efc6a-f18b-3c8b-96b3-acc8f1374fd4',249000,0,8,NULL,NULL,121,''),(1113,'','2017-11-19 21:43:03','The Times They Are A-Changin\'','23933082-797e-32fd-84a6-bf412a74dda4',202000,0,9,NULL,NULL,121,''),(1114,'','2017-11-19 21:43:04','All I Really Want to Do','6475731b-e7a3-3a0f-a61d-60c5994b8188',149000,0,10,NULL,NULL,121,''),(1115,'','2017-11-19 21:43:05','My Back Pages','032796c9-8d6d-3e7c-aed2-2fe4a9a7b3ce',184000,0,11,NULL,NULL,121,''),(1116,'','2017-11-19 21:43:05','Mighty Quinn','431f1da7-31e7-34ff-bd58-393c9a934d48',147000,0,12,NULL,NULL,121,''),(1117,'','2017-11-19 21:43:07','Love Have Mercy','4c86cf51-048a-3308-9d0d-f6bc0850b34c',267000,0,1,NULL,NULL,122,''),(1118,'','2017-11-19 21:43:14','The Girl Can’t Help It','2fe25e9c-07da-3cb6-b454-145cdebe41ff',207000,0,2,NULL,NULL,122,''),(1119,'','2017-11-19 21:43:14','Laurie Did It','340bffee-dd19-3784-9c71-c601489adfa0',230000,0,3,NULL,NULL,122,''),(1120,'','2017-11-19 21:43:15','Apart From That','fcf6b380-3627-3179-8642-48dc247b819a',117000,0,4,NULL,NULL,122,''),(1121,'','2017-11-19 21:43:16','Rockin’ Pneumonia and the Boogie Woogie Flu','3174bcf4-7407-367f-bfe3-90ecffe68050',159000,0,5,NULL,NULL,122,''),(1122,'','2017-11-19 21:43:17','The First One’s Free','8d289b8c-e176-3733-b93a-56c6b44e355b',218000,0,6,NULL,NULL,122,''),(1123,'','2017-11-19 21:43:18','Pagan Rachel','ad22fa87-feec-33dc-a224-6033f03d024b',113000,0,7,NULL,NULL,122,''),(1124,'','2017-11-19 21:43:20','Somethin’ Else / Pistol Packin’ Mama','ef66a5c3-6a6f-3de3-af71-f56135dd334e',224000,0,8,NULL,NULL,122,''),(1125,'','2017-11-19 21:43:24','Brushfire','5f81e74c-80e0-3bca-86c2-49d182be3cec',194000,0,9,NULL,NULL,122,''),(1126,'','2017-11-19 21:43:25','Bam Balam','e54e1729-06c3-331e-9717-37a743b476e4',107000,0,10,NULL,NULL,122,''),(1127,'','2017-11-19 21:43:26','Around the Corner','12ba8652-4259-3c6c-bbc2-5b689730d623',242000,0,11,NULL,NULL,122,''),(1128,'','2017-11-19 21:43:31','Like Honey','b2146d4e-00e3-4453-8e88-a7fa5517c278',194893,0,1,1387,NULL,123,''),(1129,'','2017-11-19 21:43:32','Liar','b1392786-12bc-4a6e-af10-9d96b47a1278',192573,0,2,1387,NULL,123,''),(1130,'','2017-11-19 21:43:33','Be Free','2b8d2e74-03e2-4d64-938e-9ba106bbb8fd',227200,0,3,1387,NULL,123,''),(1131,'','2017-11-19 21:43:34','Schoolgirl','0ffeb352-2c49-47cc-9856-ff62386d92f1',201000,0,4,1387,NULL,123,''),(1132,'','2017-11-19 21:43:34','Dance in the Smoke','d10590f5-0c5d-46f1-be1e-e31f7491b275',377693,0,5,1387,NULL,123,''),(1133,'','2017-11-19 21:43:35','Lonely Hard Road','77e9017a-d10c-4ff5-9fd2-11c0a5181518',264773,0,6,1387,NULL,123,''),(1134,'','2017-11-19 21:43:36','The Feeling\'s Inside','088926eb-9f96-42c3-b6f0-87275c233190',230426,0,7,1387,NULL,123,''),(1135,'','2017-11-19 21:43:37','Freefall','e028fb5a-9495-48bc-bba7-e5f486ea2b9d',199173,0,8,1387,NULL,123,''),(1136,'','2017-11-19 21:43:38','Stepping Stone','3a7ae8f8-7208-4cd1-ace9-c13eda11f551',279960,0,9,1387,NULL,123,''),(1137,'','2017-11-19 21:43:39','Bring You Joy','5e8553c6-6e9e-43cb-b107-df1db74e431b',251466,0,10,1387,NULL,123,''),(1138,'','2017-11-19 21:43:40','Superlungs My Supergirl','55ebcac5-dab8-34a9-9782-02224f26b073',163000,0,1,NULL,NULL,124,''),(1139,'','2017-11-19 21:43:44','Silver White Light','835a6779-9a33-3631-a108-c95970c73c52',175000,0,2,NULL,NULL,124,''),(1140,'','2017-11-19 21:43:45','July','55da640f-7ea3-32d8-b49a-652af68979cb',214000,0,3,NULL,NULL,124,''),(1141,'','2017-11-19 21:43:46','Marking Time','2af1faca-e079-39a2-b518-ab435c59cfeb',228000,0,4,NULL,NULL,124,''),(1142,'','2017-11-19 21:43:47','Stay With Me Baby','db70604c-0c5e-32e4-a25e-06855227bb4d',252000,0,5,NULL,NULL,124,''),(1143,'','2017-11-19 21:43:49','Highway 61 Revisited / Friends / Highway 61 Revisited','24cd8737-87c8-39e7-be07-4e4a6e990c9a',480000,0,6,NULL,NULL,124,''),(1144,'','2017-11-19 21:43:50','May Fly','ea8a71a6-062a-3547-9948-6cef2cb6ac62',223000,0,7,NULL,NULL,124,''),(1145,'','2017-11-19 21:43:51','Speak Now or Forever Hold Your Peace','dff05fd6-9047-30b3-be75-3e208abf8050',266000,0,8,NULL,NULL,124,''),(1146,'','2017-11-19 21:43:52','Rich Kid Blues','fefb0896-e158-3ef6-88af-561d94501cd0',253000,0,9,NULL,NULL,124,''),(1147,'','2017-11-19 21:43:53','Head in the Clouds','83d7544f-ba2b-3f6b-bca8-010cdbfa0c7b',280733,0,1,NULL,NULL,125,''),(1148,'','2017-11-19 21:43:57','Drown Yourself in the River','f17bc733-455e-3423-9b16-6f56087d9281',176693,0,2,NULL,NULL,125,''),(1149,'','2017-11-19 21:43:58','Angeline','13183cbc-2aba-3d84-90b9-674863a24c49',337040,0,3,NULL,NULL,125,''),(1150,'','2017-11-19 21:43:58','Dreams and Screams','740d2b22-690e-327c-b52f-3b674c20c9aa',317360,0,4,NULL,NULL,125,''),(1151,'','2017-11-19 21:44:00','Situation Vacant','92117cf1-4f6d-35e6-8f42-43d82715299c',247173,0,5,NULL,NULL,125,''),(1152,'','2017-11-19 21:44:01','Hobo','cf16e80a-7307-3100-8318-f5f6b5e5ccdf',220026,0,6,NULL,NULL,125,''),(1153,'','2017-11-19 21:44:01','Lady Link, Part One','82714490-e1a3-3060-a9da-fa51c9ae0217',51506,0,7,NULL,NULL,125,''),(1154,'','2017-11-19 21:44:02','Oh Lady You','03459f1e-c04d-3963-a709-6f8abb63099a',325893,0,8,NULL,NULL,125,''),(1155,'','2017-11-19 21:44:03','Lady Link, Part Two','d28680b3-c111-353e-a6c9-53e654962db3',38973,0,9,NULL,NULL,125,''),(1156,'','2017-11-19 21:44:04','Long Hair Wildman','0755b7fe-c570-3fa1-8428-48e81f835ed8',231293,0,10,NULL,NULL,125,''),(1157,'','2017-11-19 21:44:05','Where Have All the Flowers Gone?','22644edd-2da1-3f5f-90a6-962759f931bb',250000,0,1,NULL,NULL,126,''),(1158,'','2017-11-19 21:44:06','Little Red Rooster','da94824e-96b7-3940-82e5-4df4fa2eb3f9',195000,0,2,NULL,NULL,126,''),(1159,'','2017-11-19 21:44:09','Southern Woman','c1dc3b2d-b1a5-3e4e-a0fd-81d06c6d80a9',140000,0,3,NULL,NULL,126,''),(1160,'','2017-11-19 21:44:10','By the Time I Get to Phoenix','b741ebaa-1b68-319d-a088-0df2016f2e24',190000,0,4,NULL,NULL,126,''),(1161,'','2017-11-19 21:44:11','Girlie (P.S. I Love You, Girlie)','da624b92-d5aa-3c0a-a54d-8ac5dd43b49e',390000,0,5,NULL,NULL,126,''),(1162,'','2017-11-19 21:44:12','Day In - Day Out','8fde40b3-9d44-303d-b105-f6fc1a904146',140000,0,6,NULL,NULL,126,''),(1163,'','2017-11-19 21:44:13','City Living','53ae2a52-73b3-3916-83e8-6f3d42dc847b',140000,0,7,NULL,NULL,126,''),(1164,'','2017-11-19 21:44:14','Lockshen Pudding','09d8297a-fc93-36bc-9b77-2716504d9f00',645000,0,8,NULL,NULL,126,''),(1165,'','2017-11-19 21:44:14','Birth','678f5581-f06a-3c5d-815b-e8e8aa2e00b6',245000,0,9,NULL,NULL,126,''),(1166,'','2017-11-19 21:44:15','Louisiana Blues','81bb790d-4608-33e3-a05d-e6e9e7272bf4',212426,0,1,NULL,NULL,127,''),(1167,'','2017-11-19 21:44:17','Fingerprints Blues','4cc19259-12b4-37fe-8cbf-21199fd5dbe6',207773,0,2,NULL,NULL,127,''),(1168,'','2017-11-19 21:44:17','Driftin\' and Driftin\'','47f18ba7-dc1c-3e2b-83ae-25ec6239e481',160933,0,3,NULL,NULL,127,''),(1169,'','2017-11-19 21:44:18','Look Here Partner','8737e041-ac9e-3b6c-8bea-d2ec79ee2b51',156960,0,4,NULL,NULL,127,''),(1170,'','2017-11-19 21:44:19','Moon Going Down','ab67687a-357d-3f4f-9c13-2ba6d4706960',244400,0,5,NULL,NULL,127,''),(1171,'','2017-11-19 21:44:20','Yellow Bee Blues','c83e860c-be2a-3f4b-8b97-ea0468f10ecf',228066,0,6,NULL,NULL,127,''),(1172,'','2017-11-19 21:44:21','Whiskey Head Woman','0bc43bc2-81f7-38cf-919f-d098f9d09f1d',112933,0,7,NULL,NULL,127,''),(1173,'','2017-11-19 21:44:22','Sit Down on My Knee','03295605-e360-36be-a7a0-e1b9f3e92917',163973,0,8,NULL,NULL,127,''),(1174,'','2017-11-19 21:44:23','Man I\'m Lovin\'','3c8256ef-1751-39fe-86b0-14f8720c539b',164866,0,9,NULL,NULL,127,''),(1175,'','2017-11-19 21:44:24','Jinx Blues','b929dd5a-ab9a-3e9c-9f9d-797c1fc0ecc5',151933,0,10,NULL,NULL,127,''),(1176,'','2017-11-19 21:44:25','Come On in My Kitchen','1d3260c7-2ba9-3dbe-bafe-e08cd3be968d',168734,0,11,NULL,NULL,127,''),(1177,'','2017-11-19 21:44:31','Lie to Me','78663d61-969d-318f-9633-2471cc135963',170000,0,1,1388,NULL,128,''),(1178,'','2017-11-19 21:44:32','Let the Good Love Flow','fc95a07a-5fcc-3d1c-a99b-68148a20d3c9',134000,0,2,1388,NULL,128,''),(1179,'','2017-11-19 21:44:33','Killing Floor','03c5163d-207c-38ec-82a5-2f7bdd71855d',167000,0,3,1388,NULL,128,''),(1180,'','2017-11-19 21:44:34','Petite Fleur','84970105-696f-3662-a184-e7f0ac3bd301',213000,0,4,1388,NULL,128,''),(1181,'','2017-11-19 21:44:35','Banjo','09ccd655-0a99-3c4e-824d-3846c4766562',219000,0,5,1388,NULL,128,''),(1182,'','2017-11-19 21:44:36','Cuckoo','64eda76a-5c45-3d87-93ee-01eeb12db144',259000,0,6,1388,NULL,128,''),(1183,'','2017-11-19 21:44:37','Seven-Ate Sweet','1316fb86-f09c-3928-bf08-0270ec71f7cc',691000,0,7,1388,NULL,128,''),(1184,'','2017-11-19 21:44:39','Cat Scratch Fever','163bf8a6-3900-437c-82bc-ec78dd6d4ddb',458000,0,1,NULL,NULL,129,''),(1185,'','2017-11-19 21:44:40','Water Curtain','d9f7724c-3ecf-4a80-adcf-b9c7e7d3456e',225000,0,2,NULL,NULL,129,''),(1186,'','2017-11-19 21:44:41','Dark Illumination','a64bdf5f-2731-43d6-81a8-99acb08234fb',258000,0,3,NULL,NULL,129,''),(1187,'','2017-11-19 21:44:42','Confession','dd7b0ffd-ac90-45aa-8b0a-c4185ece728a',151000,0,4,NULL,NULL,129,''),(1188,'','2017-11-19 21:44:42','Travelling Lightly','2b30ae5f-ed81-444c-8e39-8bd35741063b',375000,0,5,NULL,NULL,129,''),(1189,'','2017-11-19 21:44:44','Showroom Model','61c9189c-8ebc-4ca8-b183-b1aec7c86433',269000,0,6,NULL,NULL,129,''),(1190,'','2017-11-19 21:44:44','Tobacco','2db213d3-ffd4-432c-8046-5e7f33d1024a',142000,0,7,NULL,NULL,129,''),(1191,'','2017-11-19 21:44:45','Lord God Love','002f95b7-9d0a-4543-a125-5a6145a7159f',300000,0,8,NULL,NULL,129,''),(1192,'','2017-11-19 21:44:46','Knight of the Blue Communion','87a286d7-0dc1-4439-971b-d642c71d0540',165000,0,9,NULL,NULL,129,''),(1193,'','2017-11-19 21:44:47','Gentle Jesus','87425892-edfc-4ec6-b1ed-ab987a045da1',540000,0,10,NULL,NULL,129,''),(1194,'','2017-11-19 21:44:53','Go Robot','9ebdba62-18f5-457b-bc5a-419300e3a576',302000,0,1,NULL,NULL,130,''),(1195,'','2017-11-19 21:44:54','Dreams of a Samurai','9d212300-380a-4cdf-bff6-561386b1a58d',423000,0,2,NULL,NULL,130,''),(1196,'','2017-11-19 21:44:57','Lost in Your Light','437415a6-11e4-4307-ab37-903290689194',203000,0,1,1389,NULL,131,''),(1197,'','2017-11-19 21:45:00','No Guarantees','66a3b09b-3492-4bee-abef-72de80dc0b68',292373,0,1,1390,NULL,132,''),(1198,'','2017-11-19 21:45:04','In the Summertime','4551aa5b-ffac-4263-83ee-e7c67e607aa5',253373,0,2,1390,NULL,132,''),(1199,'','2017-11-19 21:45:05','Rhythm & Blues','b5cf6c70-7652-405a-bbf4-35d8343c231a',261399,0,3,1390,NULL,132,''),(1200,'','2017-11-19 21:45:05','City Of Angels','147bd93a-16d3-494b-b0df-2c9cee5627e2',255373,0,4,1390,NULL,132,''),(1201,'','2017-11-19 21:45:06','Colors','3842d181-8ac1-4dd7-ae40-f1b9fead9f8b',278800,0,5,1390,NULL,132,''),(1202,'','2017-11-19 21:45:10','Library Magic','6e6fca75-93fc-427c-95a7-fe0e26ec1d92',189920,0,6,1390,NULL,132,''),(1203,'','2017-11-19 21:45:11','Your Mother\'s Eyes','76d8bd25-15cf-4c40-ba82-7f72cf7fa8a0',227840,0,7,1390,NULL,132,''),(1204,'','2017-11-19 21:45:11','Bluebird','6820bb99-af51-4fc2-9dad-5f91320f71a9',226560,0,8,1390,NULL,132,''),(1205,'','2017-11-19 21:45:12','This Must Be the Place (Naïve Melody)','ed312b2a-e4f4-45a9-9c64-d82c8abfbe83',296000,0,1,NULL,NULL,133,''),(1206,'','2017-11-19 21:45:12','This Must Be the Place (Naïve Melody)','cf58e102-a562-4347-b9e4-b50086ccae08',272000,0,2,NULL,NULL,133,''),(1207,'','2017-11-19 21:45:16','Intro: I Switched My Robot Off','4be93584-402c-487f-90e6-a3d55a0e8055',24000,0,1,1391,NULL,134,''),(1208,'','2017-11-19 21:45:16','Ascension','a00c03c3-0e5b-484b-a008-693078cce195',156000,0,2,1391,NULL,134,''),(1209,'','2017-11-19 21:45:17','Strobelite','f1696db5-96da-4a4f-840f-640d42c4813d',273000,0,3,1391,NULL,134,''),(1210,'','2017-11-19 21:45:18','Saturnz Barz','19d258da-5ff8-4ab7-815e-705de43e2fb0',182000,0,4,1391,NULL,134,''),(1211,'','2017-11-19 21:45:19','Momentz','0b2cd961-7885-4ebf-9d67-b401c34a26f1',197000,0,5,1391,NULL,134,''),(1212,'','2017-11-19 21:45:23','Interlude: The Non‐Conformist Oath','350e5c4c-52cd-4532-b0b8-665d86de82f7',22000,0,6,1391,NULL,134,''),(1213,'','2017-11-19 21:45:24','Submission','15c332eb-403d-43fb-91cb-7e45df2c82ad',202000,0,7,1391,NULL,134,''),(1214,'','2017-11-19 21:45:25','Charger','33c62c6d-5a4b-44cc-ba01-69a6fa6622c0',214000,0,8,1391,NULL,134,''),(1215,'','2017-11-19 21:45:25','Interlude: Elevator Going Up','dbb2f698-58d4-430f-9460-b1ce265126c3',5000,0,9,1391,NULL,134,''),(1216,'','2017-11-19 21:45:26','Andromeda','3615a81f-b993-49bc-a2af-3dd78ab4a89e',198000,0,10,1391,NULL,134,''),(1217,'','2017-11-19 21:45:27','Busted and Blue','8486fd0a-b2c6-4d71-8add-a6f3a70f8c4e',277000,0,11,1391,NULL,134,''),(1218,'','2017-11-19 21:45:28','Interlude: Talk Radio','78538d21-c697-4467-abc8-2582c87352c9',20000,0,12,1391,NULL,134,''),(1219,'','2017-11-19 21:45:29','Carnival','8b4e38e5-f34a-4ee5-b59f-2ff30f50c44f',136000,0,13,1391,NULL,134,''),(1220,'','2017-11-19 21:45:30','Let Me Out','86cff659-c0c5-4c0c-97b8-9c177f0b32cd',176000,0,14,1391,NULL,134,''),(1221,'','2017-11-19 21:45:31','Interlude: Penthouse','248c805f-e00f-4d9f-9d27-3102a163dd96',12000,0,15,1391,NULL,134,''),(1222,'','2017-11-19 21:45:38','Sex Murder Party','c3402637-d96a-48b4-9a75-978f8f073b2e',259000,0,16,1391,NULL,134,''),(1223,'','2017-11-19 21:45:42','She’s My Collar','8f173dec-6386-483a-8e7c-071aa0a90b4e',210000,0,17,1391,NULL,134,''),(1224,'','2017-11-19 21:45:43','Interlude: The Elephant','b6fd1a06-0090-4738-89e6-6ff07d9e3aed',12000,0,18,1391,NULL,134,''),(1225,'','2017-11-19 21:45:44','Hallelujah Money','d4100a5f-9e8d-4220-a8ca-b421964a7987',263000,0,19,1391,NULL,134,''),(1226,'','2017-11-19 21:45:45','We Got the Power','c6aec5a2-e17a-4567-ba5b-1b55a48fd5ed',140000,0,20,1391,NULL,134,''),(1227,'','2017-11-19 21:45:48','Blow Your Mind (Mwah)','e56f7bce-df6c-4655-a519-0191c1ff592d',179000,0,1,1392,NULL,135,''),(1228,'','2017-11-19 21:45:48','For Julian','9fb2ea69-e18c-4deb-ac8c-10cc737de71d',216000,0,2,1392,NULL,135,''),(1229,'','2017-11-19 21:45:49','Hotter Than Hell','e51ed82c-3b29-48eb-88b9-a2585ae7d607',188000,0,3,1392,NULL,135,''),(1230,'','2017-11-19 21:45:50','Be the One','ff715bc3-82fd-4ac9-97de-278371e46890',203000,0,4,1392,NULL,135,''),(1231,'','2017-11-19 21:45:55','New Love','56e782b4-2015-46cd-b633-bfbeeb5bf727',272000,0,5,1392,NULL,135,''),(1232,'','2017-11-19 21:45:57','Little Red Corvette','f763069c-ed9f-47b5-bc41-e22be6d4fddd',187667,0,1,NULL,NULL,136,''),(1233,'','2017-11-19 21:45:57','1999','e30997cd-789f-4f59-aec3-1749e04b9611',215000,0,2,NULL,NULL,136,''),(1234,'','2017-11-19 21:45:59','Heavy (Disero remix)','da7b48e8-bad2-4e78-9bb7-60d42ab03afd',208800,0,1,1393,NULL,137,''),(1235,'','2017-11-19 21:46:03','Phases','46b70112-7e00-4bd3-82c5-22acec7e9db7',217678,0,1,1394,NULL,138,''),(1236,'','2017-11-19 21:46:07','Heavy (Nicky Romero remix)','3ae85d3f-eb8f-4f0c-9b88-80adad88a2d3',209600,0,1,1395,NULL,139,''),(1237,'','2017-11-19 21:46:17','Thinkin\' About It Too','58dc11a5-09fc-31ee-a31f-c330154ca664',202133,0,1,1396,NULL,140,''),(1238,'','2017-11-19 21:46:18','I\'m Home','285b6743-a0a7-3e45-b925-eb6e3710b942',322626,0,2,1396,NULL,140,''),(1239,'','2017-11-19 21:46:19','Brite \'n\' Sunny Babe','1baef155-b224-3602-a642-a069545efffa',211400,0,3,1396,NULL,140,''),(1240,'','2017-11-19 21:46:20','I Do','6c15837b-af70-3887-8835-20bf36d79e4f',267573,0,4,1396,NULL,140,''),(1241,'','2017-11-19 21:46:21','Fly','b4d84966-4722-371b-acc6-a7a63401dfc2',232026,0,5,1396,NULL,140,''),(1242,'','2017-11-19 21:46:22','Wait a Little While','30551a17-cc29-3e6a-b71f-188eafd71854',220333,0,6,1396,NULL,140,''),(1243,'','2017-11-19 21:46:23','She\'s Leaving Home','37227454-7764-3af9-902b-c3d21c5b6785',426200,0,7,1396,NULL,140,''),(1244,'','2017-11-19 21:46:24','All','7b797cce-5d60-3c31-98e1-fed7fe9304fd',232066,0,8,1396,NULL,140,''),(1245,'','2017-11-19 21:46:25','Sittin\' on the Dock of the Bay','9f49b6ef-71fb-3148-9ff5-cfffb92dda10',241773,0,9,1396,NULL,140,''),(1246,'','2017-11-19 21:46:28','Da Ya Think I\'m Sexy? (Special disco mix)','bc033c2a-ca99-3010-a92a-a4fea6e75c4a',389000,0,1,NULL,NULL,141,''),(1247,'','2017-11-19 21:46:28','Scarred and Scared','0c5a391b-1bd4-3ab8-944d-07a93111f032',290000,0,2,NULL,NULL,141,''),(1248,'','2017-11-19 21:46:32','From the Inside','aa5400fd-8196-3beb-aaff-7bcb6a1442c5',235240,0,1,1397,NULL,142,''),(1249,'','2017-11-19 21:46:32','Wish I Were Born in Beverly Hills','1f97574c-ef2e-364c-a66c-8628f1249a0a',218533,0,2,1397,NULL,142,''),(1250,'','2017-11-19 21:46:32','The Quiet Room','cc196c48-5800-3d16-a691-83d17eedec7f',232960,0,3,1397,NULL,142,''),(1251,'','2017-11-19 21:46:32','Nurse Rozetta','20b34fd6-5aed-3475-ab38-1214b461eadf',255706,0,4,1397,NULL,142,''),(1252,'','2017-11-19 21:46:32','Millie and Billie','f5ad97f0-06b9-3be1-8be4-99ce7c323d99',255066,0,5,1397,NULL,142,''),(1253,'','2017-11-19 21:46:32','Serious','f6b62484-df83-30e0-84a7-9d7dbb4558b8',164826,0,6,1397,NULL,142,''),(1254,'','2017-11-19 21:46:32','How You Gonna See Me Now','1d768723-fead-3f95-88b4-950931b5b44f',237773,0,7,1397,NULL,142,''),(1255,'','2017-11-19 21:46:32','For Veronica’s Sake','6e7c7324-3c50-3106-9b31-15a96b3fb966',217200,0,8,1397,NULL,142,''),(1256,'','2017-11-19 21:46:32','Jackknife Johnny','93a7f9c4-34dd-3f8d-8281-920b61a84aab',225693,0,9,1397,NULL,142,''),(1257,'','2017-11-19 21:46:32','Inmates (We’re All Crazy)','c6f5a59c-4fbf-3ff5-9437-77ea05193b6d',303773,0,10,1397,NULL,142,''),(1258,'','2017-11-19 21:46:34','Sultans of Swing','2146e278-c778-4916-b7a4-6f365a334e97',349000,0,1,1398,NULL,143,''),(1259,'','2017-11-19 21:46:34','Southbound Again','817e266e-a8e7-4144-b55d-4fd0dae05876',178000,0,2,1398,NULL,143,''),(1260,'','2017-11-19 21:46:36','Kiss You All Over','ba95f45d-25cd-3a4f-9b1a-b289c0ebd01b',210000,0,1,NULL,NULL,144,''),(1261,'','2017-11-19 21:46:36','Don’t Do It','f474e51e-98a1-36ca-9228-9740e16c6efb',287000,0,2,NULL,NULL,144,''),(1262,'','2017-11-19 21:46:39','Da Ya Think I’m Sexy?','0af90d5d-3feb-4879-b4f8-75ae445eb2b0',331026,0,1,1399,NULL,145,''),(1263,'','2017-11-19 21:46:39','Dirty Weekend','5bface28-74c7-43c1-b604-e2660f4ad007',155866,0,2,1399,NULL,145,''),(1264,'','2017-11-19 21:46:39','Ain’t Love a Bitch','aea10c29-111a-4da0-bcb0-69cbad0403f4',278866,0,3,1399,NULL,145,''),(1265,'','2017-11-19 21:46:39','The Best Day of My Life','4e4b6d12-99af-473a-845c-0ac4d1ce093f',261533,0,4,1399,NULL,145,''),(1266,'','2017-11-19 21:46:39','Is That the Thanks I Get?','e5d79234-39cd-4acc-af05-d931e55b7885',272373,0,5,1399,NULL,145,''),(1267,'','2017-11-19 21:46:39','Attractive Female Wanted','f4ad4131-8f3e-498e-a39c-f0a7a7344ee1',256626,0,6,1399,NULL,145,''),(1268,'','2017-11-19 21:46:39','Blondes (Have More Fun)','cc137d53-40a3-4c33-87d4-e75c88c70e4c',227466,0,7,1399,NULL,145,''),(1269,'','2017-11-19 21:46:39','Last Summer','acc026a1-b567-4840-a832-0667b41dcc0b',246040,0,8,1399,NULL,145,''),(1270,'','2017-11-19 21:46:39','Standin’ in the Shadows of Love','5b8396c6-a1d6-4b17-89f1-0f2b0415971c',269400,0,9,1399,NULL,145,''),(1271,'','2017-11-19 21:46:39','Scarred and Scared','87f9f606-2d22-476a-bce8-f43a25c2cfc7',293026,0,10,1399,NULL,145,''),(1272,'','2017-11-19 21:46:40','One Nation Under a Groove','3f144ac7-44e0-4acd-9793-bceb06946a23',686000,0,1,NULL,NULL,146,''),(1273,'','2017-11-19 21:46:41','One Nation Under a Groove (instrumental)','6c931212-cd58-4763-9daa-06010eb892a5',348000,0,2,NULL,NULL,146,''),(1274,'','2017-11-19 21:46:42','Theme From The Last Waltz','9d211e22-f897-3f58-9324-bd10dafe7b71',208000,0,1,NULL,NULL,147,''),(1275,'','2017-11-19 21:46:42','Up on Cripple Creek','91de0228-b7f9-3447-bc0c-77b58f01e817',284000,0,2,NULL,NULL,147,''),(1276,'','2017-11-19 21:46:42','Who Do You Love','3f0d351f-f8b8-35e7-ac45-83ecd67ec370',255866,0,3,NULL,NULL,147,''),(1277,'','2017-11-19 21:46:42','Helpless','2120839b-0081-3440-9328-f0bfdc991540',350040,0,4,NULL,NULL,147,''),(1278,'','2017-11-19 21:46:42','Stagefright','933317ee-bbd2-30a1-83ab-f02fde08c714',264893,0,5,NULL,NULL,147,''),(1279,'','2017-11-19 21:46:42','Coyote','9b74ffb8-8308-35f2-82a2-62b3bad9a55e',353306,0,6,NULL,NULL,147,''),(1280,'','2017-11-19 21:46:42','Dry Your Eyes','b8a6e132-8707-33b4-9402-fed4b315ddd5',236266,0,7,NULL,NULL,147,''),(1281,'','2017-11-19 21:46:42','It Makes No Difference','f34725b5-24d1-3a1f-87de-6ae98e53fdc9',410026,0,8,NULL,NULL,147,''),(1282,'','2017-11-19 21:46:42','Such a Night','1640a9c2-26df-3b6f-aab6-7a9756e95cbe',243640,0,9,NULL,NULL,147,''),(1283,'','2017-11-19 21:46:47','What a Fool Believes','b19b0f8a-6d03-318d-adb0-57c72484c97c',331000,0,1,NULL,NULL,148,''),(1284,'','2017-11-19 21:46:48','Don\'t Stop to Watch the Wheels','07769121-1474-339e-a143-5d36b8b4f4c5',206000,0,2,NULL,NULL,148,''),(1285,'','2017-11-19 21:46:50','Feel Who I Am','46926a59-ab0d-371b-b817-316ce79d8ca3',191040,0,1,NULL,NULL,149,''),(1286,'','2017-11-19 21:46:51','Picture in a Puzzle','b805928b-a77a-305a-ad49-bcaeebe6addb',204360,0,2,NULL,NULL,149,''),(1287,'','2017-11-19 21:46:51','Take On Me','3c48ca7c-1429-3433-9e18-17b403df9f10',213946,0,3,NULL,NULL,149,''),(1288,'','2017-11-19 21:46:52','Inner Peace','816eabde-9422-3491-9cd5-c2d8f733734f',213906,0,4,NULL,NULL,149,''),(1289,'','2017-11-19 21:46:53','Welcome','77fa15c7-1579-3763-a826-efcbb7f39210',210600,0,5,NULL,NULL,149,''),(1290,'','2017-11-19 21:46:54','Breathe and Reboot','3ea7f78a-00ef-323d-bf41-ed072da7eef7',181026,0,6,NULL,NULL,149,''),(1291,'','2017-11-19 21:47:04','Everybody','cdeb0ee6-df28-38d5-98b1-59f28a0be8d6',229000,0,7,NULL,NULL,149,''),(1292,'','2017-11-19 21:47:04','Leave Me Alone','2e6e6ad5-4f51-3519-86ec-d08dc3e85497',213866,0,8,NULL,NULL,149,''),(1293,'','2017-11-19 21:47:05','Miracle','68fdb28f-bf16-3514-a05d-c61ea97cc094',194653,0,9,NULL,NULL,149,''),(1294,'','2017-11-19 21:47:06','My Enemy','a46cde1f-0a80-316a-9bcf-2ece553294b9',160440,0,10,NULL,NULL,149,''),(1295,'','2017-11-19 21:47:07','Look at Me','703797eb-be00-36b3-b384-494378fcb308',194800,0,11,NULL,NULL,149,''),(1296,'','2017-11-19 21:47:08','Pain','f41b344a-3525-3996-996a-69006d228fa5',186213,0,12,NULL,NULL,149,''),(1297,'','2017-11-19 21:47:08','Désolé','acc05ebe-8653-3bff-b171-16ecaad5587c',338600,0,13,NULL,NULL,149,''),(1298,'','2017-11-19 21:47:13','Mambo Sun','071df6ec-2821-3a69-b406-01e21a70d5b6',221160,0,1,1400,NULL,150,''),(1299,'','2017-11-19 21:47:14','Cosmic Dancer','64b3628d-c32d-344e-8ad8-ecce68aec819',270333,0,2,1400,NULL,150,''),(1300,'','2017-11-19 21:47:14','Jeepster','febfa1ca-5aec-310b-8a9a-f3f2bcaa04fe',252573,0,3,1400,NULL,150,''),(1301,'','2017-11-19 21:47:15','Monolith','3831c9c3-08cb-38b5-89bd-eaa05a1edb62',229333,0,4,1400,NULL,150,''),(1302,'','2017-11-19 21:47:16','Lean Woman Blues','142e6b6e-cec0-3302-8343-1fe7f34e5b31',183000,0,5,1400,NULL,150,''),(1303,'','2017-11-19 21:47:17','Bang a Gong (Get It On)','541dbd7f-dfbe-3494-9953-d49e44ee801e',267800,0,6,1400,NULL,150,''),(1304,'','2017-11-19 21:47:18','Planet Queen','50c57d6a-f37f-3987-8318-d036b107def5',193893,0,7,1400,NULL,150,''),(1305,'','2017-11-19 21:47:19','Girl','beea493f-a74c-30d5-919f-eddeb09f7fc2',152600,0,8,1400,NULL,150,''),(1306,'','2017-11-19 21:47:19','The Motivator','55f6c69a-f219-3dcf-8b07-1f3acb5435ed',240533,0,9,1400,NULL,150,''),(1307,'','2017-11-19 21:47:20','Life’s a Gas','0fd6c3bc-5ab3-37d4-a6a9-42d46e1f2872',144800,0,10,1400,NULL,150,''),(1308,'','2017-11-19 21:47:21','Rip Off','f9373a95-5ebf-3128-98dc-c967a33465e6',220266,0,11,1400,NULL,150,''),(1309,'','2017-11-19 21:47:24','Room at the Top','66c7222b-3b6e-40bd-a476-aca3aa9b58d7',301600,0,1,1401,NULL,151,''),(1310,'','2017-11-19 21:47:25','Counting on You','f6559598-26e4-4ed6-9ce5-7e219938cbe4',245266,0,2,1401,NULL,151,''),(1311,'','2017-11-19 21:47:26','Free Girl Now','83c86749-2264-499c-9a6b-400bd2981dff',210360,0,3,1401,NULL,151,''),(1312,'','2017-11-19 21:47:27','Lonesome Sundown','c1e2a727-c202-4838-a3d3-7a1e53e8361c',272066,0,4,1401,NULL,151,''),(1313,'','2017-11-19 21:47:31','Swingin’','81fd2c93-8bd5-4c96-b2b8-825a2c69ade0',330266,0,5,1401,NULL,151,''),(1314,'','2017-11-19 21:47:32','Accused of Love','db40fb14-2834-4b0e-9d2f-72df5ed204e2',165106,0,6,1401,NULL,151,''),(1315,'','2017-11-19 21:47:33','Echo','fa200390-0e81-4033-b65f-be28d4e0db96',396760,0,7,1401,NULL,151,''),(1316,'','2017-11-19 21:47:34','Won’t Last Long','ced639bf-e8ae-48d2-8b20-3000d3cb5b0b',262466,0,8,1401,NULL,151,''),(1317,'','2017-11-19 21:47:38','Billy the Kid','20b23e63-03fe-4edb-905b-7b4dda3fd443',248933,0,9,1401,NULL,151,''),(1318,'','2017-11-19 21:47:39','I Don’t Wanna Fight','f1ae08d9-a9af-4888-87d9-704212dd9068',167973,0,10,1401,NULL,151,''),(1319,'','2017-11-19 21:47:40','This One’s for Me','9fb5f596-ac79-426a-9e53-2dd550ae746d',162426,0,11,1401,NULL,151,''),(1320,'','2017-11-19 21:47:40','No More','70a55d89-8ed0-48cf-8db1-8ba3d5672762',195840,0,12,1401,NULL,151,''),(1321,'','2017-11-19 21:47:41','About to Give Out','a3999a58-c805-4a60-8639-f3efd52ce623',192626,0,13,1401,NULL,151,''),(1322,'','2017-11-19 21:47:42','Rhino Skin','1092110c-76c0-41b2-bc9d-9c267e80fe83',237106,0,14,1401,NULL,151,''),(1323,'','2017-11-19 21:47:43','One More Day, One More Night','487a71a3-6b9d-413a-9584-8d2c7256c916',337200,0,15,1401,NULL,151,''),(1324,'','2017-11-19 21:47:48','Monday Morning','0c8442cc-0452-4baf-ae10-10627ffcc9e5',167840,0,1,1402,NULL,152,''),(1325,'','2017-11-19 21:47:52','Warm Ways','736a2ae9-963b-4d7e-81c7-12a78dfe6208',234827,0,2,1402,NULL,152,''),(1326,'','2017-11-19 21:47:53','Blue Letter','ee6a25bd-b521-4fd9-90fd-f78751ec5599',161054,0,3,1402,NULL,152,''),(1327,'','2017-11-19 21:47:54','Rhiannon','c694a2c5-3187-4bfa-80ec-533e39aee7d5',252773,0,4,1402,NULL,152,''),(1328,'','2017-11-19 21:47:55','Over My Head','9440551b-bd3e-4490-8bb7-ec1f4a270c36',214667,0,5,1402,NULL,152,''),(1329,'','2017-11-19 21:47:56','Crystal','9c16d8a4-d413-4614-8e79-bac7cf883817',314267,0,6,1402,NULL,152,''),(1330,'','2017-11-19 21:47:57','Say You Love Me','e9e6cfd1-2a74-4a97-8ac5-a25faa2e54a9',249947,0,7,1402,NULL,152,''),(1331,'','2017-11-19 21:47:58','Landslide','8da385ec-c4f0-4e56-a44c-da2ae45bc6d9',199493,0,8,1402,NULL,152,''),(1332,'','2017-11-19 21:47:59','World Turning','07521300-7a05-422d-9b88-dd21c7eb8b01',265933,0,9,1402,NULL,152,''),(1333,'','2017-11-19 21:48:00','Sugar Daddy','4dd19b22-27a8-489e-b394-bbc51e6b5232',250973,0,10,1402,NULL,152,''),(1334,'','2017-11-19 21:48:01','I’m So Afraid','90bd4145-9714-4d99-9aa2-52dcf7e02139',262533,0,11,1402,NULL,152,''),(1335,'','2017-11-19 21:48:05','Talk Talk','f2d2715e-168c-42b0-b1fa-69019e8a5669',129586,0,1,1403,NULL,153,''),(1336,'','2017-11-19 21:48:06','Clones (We’re All)','d2581921-e64b-4071-97ff-0f4d9e21e99b',183786,0,2,1403,NULL,153,''),(1337,'','2017-11-19 21:48:07','Pain','9ffcc48d-9236-4367-a838-12fb1b55ce90',246120,0,3,1403,NULL,153,''),(1338,'','2017-11-19 21:48:08','Leather Boots','b6eeb6a7-7327-47bb-b8bd-d57268f88075',96386,0,4,1403,NULL,153,''),(1339,'','2017-11-19 21:48:09','Aspirin Damage','4608b2d2-5e8d-49b1-9bd6-6c86dffed29b',177733,0,5,1403,NULL,153,''),(1340,'','2017-11-19 21:48:13','Nuclear Infected','16f577bb-2aa1-463c-b0f8-4e96a42bd0d6',134946,0,6,1403,NULL,153,''),(1341,'','2017-11-19 21:48:13','Grim Facts','91e67de5-aaf1-48f7-814e-af68e9b47306',204920,0,7,1403,NULL,153,''),(1342,'','2017-11-19 21:48:14','Model Citizen','11fd8044-9d3e-45f1-af73-e41790114cce',159133,0,8,1403,NULL,153,''),(1343,'','2017-11-19 21:48:14','Dance Yourself to Death','ef3fe5d7-c7d4-4ab3-8540-004eca15fdd5',188906,0,9,1403,NULL,153,''),(1344,'','2017-11-19 21:48:15','Headlines','f1d53dca-bc3f-4b13-98b4-20183687e639',198440,0,10,1403,NULL,153,''),(1345,'','2017-11-19 21:48:17','Mama Told Me Not To Come (7\" Mix)','0d974779-facb-36d6-8dbf-87e49439668e',197000,0,1,NULL,NULL,154,''),(1346,'','2017-11-19 21:48:17','Jive Talkin\'','32363947-670c-33b8-a7b1-ffb20f12395d',187000,0,2,NULL,NULL,154,''),(1347,'','2017-11-19 21:48:18','It\'s Not Unusual','480a9dc7-149a-3a26-8ac8-2985f958c6d3',141000,0,3,NULL,NULL,154,''),(1348,'','2017-11-19 21:48:19','People Are Strange','6c27b6ef-8005-345a-89c0-e6ad5c2b5a55',220000,0,4,NULL,NULL,154,''),(1349,'','2017-11-19 21:48:20','Jump','6dfdf459-e59d-3cba-9354-65d523d44fe0',176000,0,5,NULL,NULL,154,''),(1350,'','2017-11-19 21:48:25','Candy Man','347863e8-e416-3532-8c13-2f5fd56fff0e',193000,0,6,NULL,NULL,154,''),(1351,'','2017-11-19 21:48:25','California Dreamin\'','c2d88a1d-2a45-304e-983d-4c0c8da4c786',155000,0,7,NULL,NULL,154,''),(1352,'','2017-11-19 21:48:26','Bad Time','6566495b-0f56-3eff-953b-36a83ef9f444',208000,0,8,NULL,NULL,154,''),(1353,'','2017-11-19 21:48:27','Ride Into The Sun','d8c7a388-300a-3f50-b87a-383891d9faee',346000,0,9,NULL,NULL,154,''),(1354,'','2017-11-19 21:48:28','Who Do You Love','0712fbfc-571f-3dc0-abf9-2e78970135b3',246000,0,10,NULL,NULL,154,''),(1355,'','2017-11-19 21:48:28','Seasons In The Sun','dd02ee7d-e0cd-39ae-acb8-1a2ed6d32741',213000,0,11,NULL,NULL,154,''),(1356,'','2017-11-19 21:48:29','Hangin\' On The Telephone','782d196e-40af-3b5e-ad9b-62f02ea521b9',235000,0,12,NULL,NULL,154,''),(1357,'','2017-11-19 21:48:31','Rockin’ in the Free World','7e962d1d-01a7-3648-ab84-e723f09ce5ed',219693,0,1,1404,NULL,155,''),(1358,'','2017-11-19 21:48:32','Crime in the City (Sixty to Zero, Part I)','66242ced-2fac-30ea-9c28-5d8fa47158de',524866,0,2,1404,NULL,155,''),(1359,'','2017-11-19 21:48:33','Don’t Cry','6a93cf82-9108-36e6-b4b0-aba21a172819',255866,0,3,1404,NULL,155,''),(1360,'','2017-11-19 21:48:33','Hangin’ on a Limb','9d494b65-cd80-3bc5-98c9-9cdfc26a37f3',259173,0,4,1404,NULL,155,''),(1361,'','2017-11-19 21:48:34','Eldorado','4ca27f14-0361-3e20-b565-6c3a731e9587',365266,0,5,1404,NULL,155,''),(1362,'','2017-11-19 21:48:35','The Ways of Love','21fc2069-c7b8-3634-8edb-f6345812a1a1',269333,0,6,1404,NULL,155,''),(1363,'','2017-11-19 21:48:37','Someday','e8b5144e-0db7-3ad5-8c58-9fd25edafd27',342200,0,7,1404,NULL,155,''),(1364,'','2017-11-19 21:48:41','On Broadway','80022d16-9948-335e-867e-295c5e87d55f',299026,0,8,1404,NULL,155,''),(1365,'','2017-11-19 21:48:42','Wrecking Ball','26c788ad-f27e-35c1-a4a6-39686ed562eb',309866,0,9,1404,NULL,155,''),(1366,'','2017-11-19 21:48:46','No More','760eadfc-3971-3e05-8891-4e828a76169b',366266,0,10,1404,NULL,155,''),(1367,'','2017-11-19 21:48:47','Too Far Gone','5ef983fc-ca54-3e65-874c-e412a6d357c7',168533,0,11,1404,NULL,155,''),(1368,'','2017-11-19 21:48:47','Rockin’ in the Free World','d67fa3b1-4ba6-342d-9dc4-b07b1f133ba9',282000,0,12,1404,NULL,155,''),(1369,'','2017-11-19 21:48:49','Cumberland Blues','90963d9c-7d3f-3fe3-9228-af761d9a7179',345173,0,1,NULL,NULL,156,''),(1370,'','2017-11-19 21:48:49','He’s Gone','1343aaf7-f0a7-3345-b215-be7635698ce3',419293,0,2,NULL,NULL,156,''),(1371,'','2017-11-19 21:48:50','One More Saturday Night','60a92165-3eee-34c9-96dd-078666590930',291466,0,3,NULL,NULL,156,''),(1372,'','2017-11-19 21:48:55','Jack Straw','6633168e-4d6b-3c73-9005-8d23f3a60990',291373,0,4,NULL,NULL,156,''),(1373,'','2017-11-19 21:48:56','You Win Again','0f38828b-f287-364b-b8de-e42ab5175238',242733,0,5,NULL,NULL,156,''),(1374,'','2017-11-19 21:48:57','China Cat Sunflower','6d297f08-d3bb-3b11-91a9-e9fa80bd2aff',334960,0,6,NULL,NULL,156,''),(1375,'','2017-11-19 21:48:58','I Know You Rider','9b81b616-f0fa-3461-82c9-422eacd03e89',305440,0,7,NULL,NULL,156,''),(1376,'','2017-11-19 21:48:58','Brown‐Eyed Woman','b64496cd-19cc-3709-862d-7fa034da426a',280866,0,8,NULL,NULL,156,''),(1377,'','2017-11-19 21:48:59','Hurts Me Too','be9c9944-8428-3fe1-b5b6-38016bef9e31',442533,0,9,NULL,NULL,156,''),(1378,'','2017-11-19 21:49:00','Ramble On Rose','abaa9e7c-079b-3765-b63c-76149066ac39',366026,0,10,NULL,NULL,156,''),(1379,'','2017-11-19 21:49:01','Sugar Magnolia','1f3151cc-ab6b-35d6-a3ce-5bd418e3e02f',432066,0,11,NULL,NULL,156,''),(1380,'','2017-11-19 21:49:02','Mr. Charlie','bd4029f6-cf3e-382f-afd2-c89e2788b706',221040,0,12,NULL,NULL,156,''),(1381,'','2017-11-19 21:49:03','Tennessee Jed','b6784433-669e-3d8c-8867-96020dc198f4',438760,0,13,NULL,NULL,156,''),(1382,'','2017-11-19 21:49:04','A Long Way From Montana','a60c2a5b-a059-332e-9615-73039fecacae',197000,0,1,NULL,NULL,157,''),(1383,'','2017-11-19 21:49:08','The Fence That Me and Shorty Built','4be38649-f153-3a76-a8da-86b2fc6b8da2',282000,0,2,NULL,NULL,157,''),(1384,'','2017-11-19 21:49:09','The Narrow Trail','85a339d4-dd68-31dc-8862-25a7c0a84b5a',167000,0,3,NULL,NULL,157,''),(1385,'','2017-11-19 21:49:10','Pawpaw','fdc94e9f-6902-33a3-9a84-043cda22534b',278000,0,4,NULL,NULL,157,''),(1386,'','2017-11-19 21:49:11','He Was There','93ef759c-18e0-3728-8d0a-5c7e16a64317',163000,0,5,NULL,NULL,157,''),(1387,'','2017-11-19 21:49:12','The real America','1d7f25af-838a-3e32-b53c-5206cad0fa7e',174000,0,6,NULL,NULL,157,''),(1388,'','2017-11-19 21:49:12','The Rider On the Rim','67bca560-4188-31d3-94a3-7e3275581ab9',255000,0,7,NULL,NULL,157,''),(1389,'','2017-11-19 21:49:13','Now That I Have Accepted Your Love','0c8ef78b-2568-335a-934e-ce9df63b534a',166000,0,8,NULL,NULL,157,''),(1390,'','2017-11-19 21:49:14','The Bay','042102a7-bb02-36b2-bff2-221e7f2ac429',218000,0,9,NULL,NULL,157,''),(1391,'','2017-11-19 21:49:15','Cowboy Church','b0a356f9-ad29-339b-841f-46202b7efe42',186000,0,10,NULL,NULL,157,''),(1392,'','2017-11-19 21:49:16','The Big Circle','e1cc29b3-570c-30f6-a473-cce86189562e',162000,0,11,NULL,NULL,157,''),(1393,'','2017-11-19 21:49:18','You Might Need Somebody','5f913e72-fa34-3289-9b5f-d47f47b7d414',259839,0,1,NULL,NULL,158,''),(1394,'','2017-11-19 21:49:22','Rainy Night in Georgia','cc947a2e-df07-316d-a030-08e41f65c908',262266,0,2,NULL,NULL,158,''),(1395,'','2017-11-19 21:49:23','That\'s How Heartaches Are Made','7dfa6550-0b91-3b4d-8e7a-089ce86cdcdc',177000,0,3,NULL,NULL,158,''),(1396,'','2017-11-19 21:49:24','Two Lives','eb0335be-9572-334a-bd0a-f76822d4a099',227533,0,4,NULL,NULL,158,''),(1397,'','2017-11-19 21:49:25','You Bring the Sun Out','8ce50671-8897-3492-92ed-180a7a60ee40',203893,0,5,NULL,NULL,158,''),(1398,'','2017-11-19 21:49:26','Rio de Janeiro Blue','497b9ac2-2b87-3bea-bebc-9037807d21e6',258040,0,6,NULL,NULL,158,''),(1399,'','2017-11-19 21:49:27','Secret Combination','4016850f-73b6-323c-9689-c6928adc9490',204026,0,7,NULL,NULL,158,''),(1400,'','2017-11-19 21:49:27','When I Lose My Way','1f813f20-40db-3b0b-a6a7-76e73c861181',224066,0,8,NULL,NULL,158,''),(1401,'','2017-11-19 21:49:28','Time for Love','1284b0fb-3268-376f-a336-a1392f3ff127',255733,0,9,NULL,NULL,158,''),(1402,'','2017-11-19 21:49:29','Trade Winds','05bc920d-c498-32d9-acca-31e606564bb3',295333,0,10,NULL,NULL,158,''),(1403,'','2017-11-19 21:49:33','Quartet No. 1','1c9f47dc-a711-4846-b34a-c098880798e2',609000,0,1,1405,NULL,159,''),(1404,'','2017-11-19 21:49:34','Quartet No.3; Quartet No.2','9573f108-6220-4af6-b926-215d779bf44d',576000,0,2,1405,NULL,159,''),(1405,'','2017-11-19 21:49:35','Quartet No. 2, Part 1 (Dedicated To Duke Ellington)','e1246b25-f9f6-4519-800c-8dca1ad7e5bf',425000,0,3,1405,NULL,159,''),(1406,'','2017-11-19 21:49:35','Quartet No. 2, Part 2 (Dedicated To John Coltrane)','e030b405-0c02-46eb-8102-8db170c6d0e7',708000,0,4,1405,NULL,159,''),(1407,'','2017-11-19 21:49:39','I Don\'t Have to Crawl','ff1d366a-159c-3132-b26f-8ce05ac4ed28',228293,0,1,1406,NULL,160,''),(1408,'','2017-11-19 21:49:40','How High the Moon','3bff3e5a-855f-37d7-9d27-053f52302446',204920,0,2,1406,NULL,160,''),(1409,'','2017-11-19 21:49:41','Spanish Johnny','f5a3b350-66e2-3cf1-bcc8-44247db6d01c',234786,0,3,1406,NULL,160,''),(1410,'','2017-11-19 21:49:42','Bad Moon Rising','a7ffd9fa-4c82-3234-8826-15ebc9112731',163186,0,4,1406,NULL,160,''),(1411,'','2017-11-19 21:49:46','Evangeline','14fad141-7e9b-3c61-806f-8409f4991bf8',192840,0,5,1406,NULL,160,''),(1412,'','2017-11-19 21:49:47','Hot Burrito #2','3b37bcd7-b094-3c0e-818e-0049630de3f0',189973,0,6,1406,NULL,160,''),(1413,'','2017-11-19 21:49:48','Millworker','0da57fc2-dba1-324a-a1f6-db90e45e49bb',249013,0,7,1406,NULL,160,''),(1414,'','2017-11-19 21:49:48','Oh, Atlanta','22e876b2-3926-3909-aa87-248cd30d7fe7',182013,0,8,1406,NULL,160,''),(1415,'','2017-11-19 21:49:49','Mister Sandman','9ecc77ff-c141-3b6f-9651-19036f5089ee',142293,0,9,1406,NULL,160,''),(1416,'','2017-11-19 21:49:51','Ashes by Now','27d05638-594f-32e6-83d6-495d21eacd22',269680,0,10,1406,NULL,160,''),(1417,'','2017-11-19 21:49:54','Whisper/Touch','381cd7fc-2911-37f9-ba3d-cf8f6ccf8c0a',155000,0,1,NULL,NULL,161,''),(1418,'','2017-11-19 21:49:55','Modern Times','b8d89961-6a5b-3c46-a402-9e0cb1904100',183000,0,2,NULL,NULL,161,''),(1419,'','2017-11-19 21:49:57','Hurt','e2ef34b1-5b41-319c-83ad-37b710157b61',184000,0,3,NULL,NULL,161,''),(1420,'','2017-11-19 21:49:57','Face to Face','d6cea638-dcc0-3ff0-9df4-346aa1ec7e08',196000,0,4,NULL,NULL,161,''),(1421,'','2017-11-19 21:49:58','Burning Bridges','3630ccce-7928-333a-bde0-da8ab5fd7a94',174000,0,5,NULL,NULL,161,''),(1422,'','2017-11-19 21:49:59','Somebody Knows','8ae61640-4ecc-39de-9b3e-ae37867ddabb',127000,0,6,NULL,NULL,161,''),(1423,'','2017-11-19 21:50:01','Other End of Town','fca68c51-03d1-3f18-8788-36daf96a89ab',163000,0,7,NULL,NULL,161,''),(1424,'','2017-11-19 21:50:01','Where I Am','47909b9b-3865-38bc-9afb-feb1ad12b8f3',249000,0,8,NULL,NULL,161,''),(1425,'','2017-11-19 21:50:02','Settle for Less','44e0e05e-b575-3987-9008-4ad2c43316b2',166000,0,9,NULL,NULL,161,''),(1426,'','2017-11-19 21:50:03','The Need','9268d9e6-f7a6-3afc-a773-7deeb920f142',271000,0,10,NULL,NULL,161,''),(1427,'','2017-11-19 21:50:04','Paint by Numbers','3bd22e71-1bac-3c47-bed9-c34d95c11b7d',207000,0,11,NULL,NULL,161,''),(1428,'','2017-11-19 21:50:08','Arthur’s Theme (Best That You Can Do)','1e9390dc-c13e-42fe-b925-dbafc1031c6d',234000,0,1,1407,NULL,162,''),(1429,'','2017-11-19 21:50:09','Fool Me Again','b9f17929-8882-4aac-ab09-29a27fee52c4',242000,0,2,1407,NULL,162,''),(1430,'','2017-11-19 21:50:10','Poor Rich Boy','f43f16d0-f3d6-45e6-b9ca-c98268635e6c',197000,0,3,1407,NULL,162,''),(1431,'','2017-11-19 21:50:11','It’s Only Love','a5e88ac8-cf35-4101-beb8-19b3ba9687bc',173000,0,4,1407,NULL,162,''),(1432,'','2017-11-19 21:50:11','Touch','77625d6d-16da-4d1d-8d02-2846203aee51',197000,0,5,1407,NULL,162,''),(1433,'','2017-11-19 21:50:12','It’s Only Love','3882102e-157d-4733-b1c2-845501a9a698',162000,0,6,1407,NULL,162,''),(1434,'','2017-11-19 21:50:13','Money','9a4e9b00-fb3a-485f-97e8-d43aadfc70ea',139000,0,7,1407,NULL,162,''),(1435,'','2017-11-19 21:50:14','Moving Pictures','fe6ac8f9-9bbc-428a-b9a3-9c72be111213',201000,0,8,1407,NULL,162,''),(1436,'','2017-11-19 21:50:15','Arthur’s Theme (Best That You Can Do)','50d7fb7f-dc19-4a88-93a2-4a919aa1dfd6',207000,0,9,1407,NULL,162,''),(1437,'','2017-11-19 21:50:20','Controversy','bda341ae-3bba-3f38-a83d-e642b97d9724',436533,0,1,NULL,NULL,163,''),(1438,'','2017-11-19 21:50:21','Sexuality','0f1700c1-d37b-3d84-a63e-5c93779fa639',261160,0,2,NULL,NULL,163,''),(1439,'','2017-11-19 21:50:21','Do Me, Baby','5e511214-4225-3feb-bb32-00f1726a6129',463773,0,3,NULL,NULL,163,''),(1440,'','2017-11-19 21:50:22','Private Joy','ae189630-0e18-34ec-903b-a83cd057a468',277800,0,4,NULL,NULL,163,''),(1441,'','2017-11-19 21:50:23','Ronnie, Talk to Russia','82657ad4-d3d8-3c70-823f-63aa169d3ed3',111733,0,5,NULL,NULL,163,''),(1442,'','2017-11-19 21:50:24','Let\'s Work','33cf3642-38f7-3dbc-99f5-24cc15859dc1',233133,0,6,NULL,NULL,163,''),(1443,'','2017-11-19 21:50:25','Annie Christian','d3723509-f4dd-35c8-b90e-59b776832467',263200,0,7,NULL,NULL,163,''),(1444,'','2017-11-19 21:50:26','Jack U Off','f3d35305-c727-3814-95c0-08f98d66a541',188667,0,8,NULL,NULL,163,''),(1445,'','2017-11-19 21:50:29','Madman','d6a665e1-a43d-3af6-a895-3f494b4e873a',247533,0,1,1408,NULL,164,''),(1446,'','2017-11-19 21:50:30','Wastin\' Time','c6c39044-6403-30d0-836c-add6de0cd013',219000,0,2,1408,NULL,164,''),(1447,'','2017-11-19 21:50:34','Baby, Take Me In','8ecbece0-0080-37e0-a6cf-4e6be28b718e',248133,0,3,1408,NULL,164,''),(1448,'','2017-11-19 21:50:35','Last Desperado','354c873a-f6e7-3a91-b21e-9e14e9c7ebba',317693,0,4,1408,NULL,164,''),(1449,'','2017-11-19 21:50:36','Up on the Stage','377f064d-d251-3baa-b6e6-4c6fedd3a10e',257840,0,5,1408,NULL,164,''),(1450,'','2017-11-19 21:50:36','Excuse Me Ma\'am','fa11495d-4fa8-32cf-8abe-8d8c1c14e1fd',241533,0,6,1408,NULL,164,''),(1451,'','2017-11-19 21:50:37','Wishing','bf1e8725-5463-3bb2-9fbb-6c5d2140f356',261026,0,7,1408,NULL,164,''),(1452,'','2017-11-19 21:50:38','One-Way Ticket','5e1535ed-0fc1-36ca-abbf-07bdb7f858a2',233240,0,8,1408,NULL,164,''),(1453,'','2017-11-19 21:50:43','Watanabe','661b794d-e2e2-4d92-a5c9-3575fdbd854b',235000,0,1,1409,NULL,165,''),(1454,'','2017-11-19 21:50:43','Hypnotized','72d41d74-46d4-4045-bd2b-915ce744139b',296000,0,2,1409,NULL,165,''),(1455,'','2017-11-19 21:50:44','(I Fell So) Amused','b11347f4-f528-469d-ac16-076279e0abd6',223000,0,3,1409,NULL,165,''),(1456,'','2017-11-19 21:50:45','Pictures (Of My Favorite Things)','440567d7-b44f-499d-b39e-1a4a48977173',362000,0,4,1409,NULL,165,''),(1457,'','2017-11-19 21:50:46','Mountains of Love','268a4ccc-8f7f-4e8d-8fc5-4c28c6969395',231000,0,5,1409,NULL,165,''),(1458,'','2017-11-19 21:50:47','Show Me Your Love','e51ed729-4488-49cb-98e0-83c326d8141a',239000,0,6,1409,NULL,165,''),(1459,'','2017-11-19 21:50:48','Bastinado','575cd97b-864b-4cb3-8fb2-7576139ee888',227000,0,7,1409,NULL,165,''),(1460,'','2017-11-19 21:50:49','My Future','32cf5725-a1db-4316-aa35-1a4526c98283',204000,0,8,1409,NULL,165,''),(1461,'','2017-11-19 21:50:50','I\'ll See You','cc9bf81c-c08e-4c6b-aac5-d95e8c169c9c',189000,0,9,1409,NULL,165,''),(1462,'','2017-11-19 21:50:57','Carryin’ On the Family Names','7ac48c3b-f6f7-43d1-ac04-c0165203b102',0,0,1,1410,NULL,166,''),(1463,'','2017-11-19 21:50:58','A Texas State of Mind','c57eb95e-0bca-4903-b171-23e8766dadd9',0,0,2,1410,NULL,166,''),(1464,'','2017-11-19 21:50:59','You’re the Reason God Made Oklahoma','4b6a1ec5-a6ec-4f22-a18b-dcfeae208cf4',0,0,3,1410,NULL,166,''),(1465,'','2017-11-19 21:51:00','Darling, Will You Marry Me Again','1ba7d8a1-fe70-459c-9077-02de00d96d14',0,0,4,1410,NULL,166,''),(1466,'','2017-11-19 21:51:01','Yours for the Asking','3a2cff46-a258-445b-88e0-95773340abe7',0,0,5,1410,NULL,166,''),(1467,'','2017-11-19 21:51:03','Three Blind Hearts','36f15904-ec4f-408d-8933-f4cabc48e31a',0,0,6,1410,NULL,166,''),(1468,'','2017-11-19 21:51:04','Love and Only Love','621ca9fc-b65b-4deb-81e5-e24f968cc9b0',0,0,7,1410,NULL,166,''),(1469,'','2017-11-19 21:51:05','Lefty','64a6863e-91d0-4724-91c2-de9a5e366c8c',0,0,8,1410,NULL,166,''),(1470,'','2017-11-19 21:51:06','Husbands and Wives','6a500fb6-f1a2-465c-90d4-6143ff0682ab',0,0,9,1410,NULL,166,''),(1471,'','2017-11-19 21:51:10','We’re Lovin’ on Borrowed Time','e7271673-ee39-4489-9703-ea5912d70176',0,0,10,1410,NULL,166,''),(1472,'','2017-11-19 21:51:12','Shine','8f6b5860-3d18-486e-8390-51fadf345fbd',318040,0,1,1411,NULL,167,''),(1473,'','2017-11-19 21:51:12','Pent-Up House','ac99c348-22eb-4337-b123-92b2ca075ee0',275600,0,2,1411,NULL,167,''),(1474,'','2017-11-19 21:51:12','Misty','265fa792-18c8-410a-8500-37d5197323e3',226213,0,3,1411,NULL,167,''),(1475,'','2017-11-19 21:51:12','Sweet Georgia Brown','033172eb-138b-403b-901d-ff67606a9b6e',307440,0,4,1411,NULL,167,''),(1476,'','2017-11-19 21:51:12','Tiger Rag','ab944c1f-2af0-4882-b117-2a28bfe46ac7',290893,0,5,1411,NULL,167,''),(1477,'','2017-11-19 21:51:12','Satin Doll','3fc2753c-b9d9-4ac3-a5c2-cc52fb19b8e5',455920,0,6,1411,NULL,167,''),(1478,'','2017-11-19 21:51:12','Swing \'42','bd1fb66c-74bb-4fbe-9ad3-d2184fe0d10b',237053,0,7,1411,NULL,167,''),(1479,'','2017-11-19 21:51:12','Medley: Tzigani, Fisztorza, Fulginiti','7adcc54a-eb9f-41d8-b01f-ca131e7940c0',335840,0,8,1411,NULL,167,''),(1480,'','2017-11-19 21:51:14','The Pros','79688678-df64-4002-bb90-e876a98601f3',413533,0,1,NULL,NULL,168,''),(1481,'','2017-11-19 21:51:15','What\'s Gone Wrong','a6a1d797-cb64-476c-82b4-fd2fba86b428',250826,0,2,NULL,NULL,168,''),(1482,'','2017-11-19 21:51:16','The Source (of Your Divorce)','6c77d9f5-dab2-41c1-8ae7-65a83a8bdc29',227173,0,3,NULL,NULL,168,''),(1483,'','2017-11-19 21:51:17','Cruise Control','dd757d14-a491-4f17-96f2-e4912239c7d5',240866,0,4,NULL,NULL,168,''),(1484,'','2017-11-19 21:51:17','Shirlee','f2266132-84e4-4f8a-811f-587864598076',282400,0,5,NULL,NULL,168,''),(1485,'','2017-11-19 21:51:18','Jimmy in the Valley','e08f0f2f-d3bb-4b6a-ab62-6eb664b93a2f',350333,0,6,NULL,NULL,168,''),(1486,'','2017-11-19 21:51:22','Trouble','c03efd1d-022c-4c29-ab54-32225a2b9b80',273400,0,7,NULL,NULL,168,''),(1487,'','2017-11-19 21:51:22','Educate Yourself','f8ced622-a0b6-45b6-ab65-e8df0a3278a2',287600,0,8,NULL,NULL,168,''),(1488,'','2017-11-19 21:51:23','Hip Hip','2a64f5c0-9b7f-485e-b9a8-32945a425682',250333,0,9,NULL,NULL,168,''),(1489,'','2017-11-19 21:51:27','Free Mandela','3df8ec0c-a346-4a52-8e90-50ab358d379a',278560,0,10,NULL,NULL,168,''),(1490,'','2017-11-19 21:51:31','Good Morning Little Schoolgirl','8796faba-1872-4f0c-bc55-7a3dcd420bc7',128533,0,1,1412,NULL,169,''),(1491,'','2017-11-19 21:51:31','Can I Get a Witness','67469ef1-2c41-4e37-a3e9-9478863fe20c',215640,0,2,1412,NULL,169,''),(1492,'','2017-11-19 21:51:32','Shake','9d3665cc-d054-432c-b2db-c29a8fdb2753',170333,0,3,1412,NULL,169,''),(1493,'','2017-11-19 21:51:36','So Much to Say','272bfd81-04d9-401a-9a68-f22f5613c934',194626,0,4,1412,NULL,169,''),(1494,'','2017-11-19 21:51:37','Little Miss Understood','ce34f24b-8eb1-48bf-965e-4b00837df877',218466,0,5,1412,NULL,169,''),(1495,'','2017-11-19 21:51:37','I\'ve Been Drinking','45be81d5-a30c-4de5-8535-6809744d3f5e',199373,0,6,1412,NULL,169,''),(1496,'','2017-11-19 21:51:38','I Ain\'t Superstitious','83a6da05-5bbd-49fc-9f17-9c76b1ca5c5d',295826,0,7,1412,NULL,169,''),(1497,'','2017-11-19 21:51:39','Shapes of Things','19a30bcf-bf99-485a-a886-aa3800ce8e92',199733,0,8,1412,NULL,169,''),(1498,'','2017-11-19 21:51:39','In a Broken Dream','4d19bc2a-2c44-4221-ac30-cc46ebc28407',220973,0,9,1412,NULL,169,''),(1499,'','2017-11-19 21:51:41','Street Fighting Man','7329291b-626f-41b5-87a8-20a7f46e27c6',306800,0,10,1412,NULL,169,''),(1500,'','2017-11-19 21:51:42','Handbags & Gladrags','3a8487e8-4e14-4746-8ecc-32f7163fd91d',265000,0,11,1412,NULL,169,''),(1501,'','2017-11-19 21:51:43','Gasoline Alley','5b19524e-3bf9-4659-8c39-07e77d8f1c47',244000,0,12,1412,NULL,169,''),(1502,'','2017-11-19 21:51:44','Cut Across Shorty','4709ce41-f130-41bc-8893-8b9ba4410e6f',391733,0,13,1412,NULL,169,''),(1503,'','2017-11-19 21:51:45','Country Comforts','0ff935ab-3acc-41b3-be2a-adf7c1515a46',285533,0,14,1412,NULL,169,''),(1504,'','2017-11-19 21:51:49','It’s All Over Now','4e8efb64-a17a-4dae-836c-6bc797d00b57',383400,0,15,1412,NULL,169,''),(1505,'','2017-11-19 21:51:49','Sweet Lady Mary','4f050252-3b1d-4806-88c2-e816e4a8a1ea',350626,0,16,1412,NULL,169,''),(1506,'','2017-11-19 21:51:49','Had Me a Real Good Time','ae556ed9-9727-4183-8952-26d009f51d2d',353973,0,17,1412,NULL,169,''),(1507,'','2017-11-19 21:51:50','Last Exit to Brooklyn','7fca0a18-6520-3530-a94a-45ebe6e81ba8',304493,0,1,NULL,NULL,170,''),(1508,'','2017-11-19 21:51:51','Victims','4a2a95ce-5d4c-341f-946d-132aff6275a7',213173,0,2,NULL,NULL,170,''),(1509,'','2017-11-19 21:51:52','Think Fast','98a48757-960f-3e07-ab14-4fe9a60adc48',167826,0,3,NULL,NULL,170,''),(1510,'','2017-11-19 21:51:53','A Love Idea','5bcdd893-0aed-3891-8718-4d4d37ddfac3',185506,0,4,NULL,NULL,170,''),(1511,'','2017-11-19 21:51:53','Tralala','cfdf52f1-ec6a-38e5-a727-6332f2e2b7d3',333333,0,5,NULL,NULL,170,''),(1512,'','2017-11-19 21:51:54','Riot','2a79a846-55fa-3584-9c24-78841c32c0a8',383000,0,6,NULL,NULL,170,''),(1513,'','2017-11-19 21:51:55','The Reckoning','b135ebdf-92c7-39f5-aae0-b0e02b7b3781',433493,0,7,NULL,NULL,170,''),(1514,'','2017-11-19 21:51:56','As Low as It Gets','56cd9c02-edca-3a2b-a3a0-132f13743935',90666,0,8,NULL,NULL,170,''),(1515,'','2017-11-19 21:51:57','Finale: Last Exit to Brooklyn','c0cc6207-29d8-37b0-88b3-6eaf09ffc8d8',380506,0,9,NULL,NULL,170,''),(1516,'','2017-11-19 21:52:01','America','82c594e8-f255-3c97-8ca8-2a58589f7525',228000,0,1,NULL,NULL,171,''),(1517,'','2017-11-19 21:52:02','Tokyo Rose','bc8b4f67-2605-35fd-80fe-8c3846648660',310000,0,2,NULL,NULL,171,''),(1518,'','2017-11-19 21:52:03','Yankee Go Home','e805a6a8-1d65-39b5-a73c-e998f6cfb343',390000,0,3,NULL,NULL,171,''),(1519,'','2017-11-19 21:52:04','Cowboy','aacb4f2d-074f-3dc3-bd88-f611155156d6',277000,0,4,NULL,NULL,171,''),(1520,'','2017-11-19 21:52:05','Manzanar','18f3d22c-6211-3027-a865-8fce16d6d2ef',363000,0,5,NULL,NULL,171,''),(1521,'','2017-11-19 21:52:06','Calypso','ec465c31-a42b-3884-af59-13749e0d940d',270000,0,6,NULL,NULL,171,''),(1522,'','2017-11-19 21:52:07','White Chrysanthemum','c617996a-f064-37f2-b6af-b8e07a04e0a7',242000,0,7,NULL,NULL,171,''),(1523,'','2017-11-19 21:52:08','Trade War','04de8ffd-3620-3517-8a4a-0a724c9c71f1',284000,0,8,NULL,NULL,171,''),(1524,'','2017-11-19 21:52:09','Out of Love','d60b4bdc-8fd4-3f72-a3bf-3652b61a620b',199000,0,9,NULL,NULL,171,''),(1525,'','2017-11-19 21:52:09','One Home Run','62dc72c9-36a1-32f6-9f7f-03b6fd6c1536',241000,0,10,NULL,NULL,171,''),(1526,'','2017-11-19 21:52:13','The Future','34a92ef7-40c8-4ade-bc97-364cc0c17fb4',247400,0,1,1413,NULL,172,''),(1527,'','2017-11-19 21:52:14','Electric Chair','fbded8a6-2692-4d7b-a0ae-d6475dc6a4ea',248866,0,2,1413,NULL,172,''),(1528,'','2017-11-19 21:52:16','The Arms of Orion','8b5e0ecb-6e4f-4586-9767-56ac17c2693a',302973,0,3,1413,NULL,172,''),(1529,'','2017-11-19 21:52:17','Partyman','96e7c1ba-60e2-4782-a730-da0f4ed60ac1',191560,0,4,1413,NULL,172,''),(1530,'','2017-11-19 21:52:18','Vicki Waiting','179b6342-3f29-45ef-a9b6-ef9d1cacd8e0',292240,0,5,1413,NULL,172,''),(1531,'','2017-11-19 21:52:19','Trust','78ca4056-ac8e-4087-af45-ceaafeca6f14',264026,0,6,1413,NULL,172,''),(1532,'','2017-11-19 21:52:24','Lemon Crush','9612fd46-514f-47ae-bd56-881a128ad76a',255400,0,7,1413,NULL,172,''),(1533,'','2017-11-19 21:52:25','Scandalous','2502b21a-6a41-473f-9ed4-00fdf8712822',375706,0,8,1413,NULL,172,''),(1534,'','2017-11-19 21:52:26','Batdance','d9135ff5-1999-4dcb-a9be-5fc5e9ed4f95',373733,0,9,1413,NULL,172,''),(1535,'','2017-11-19 21:52:27','Hot Tamale','bb89402a-19a7-37c4-ba97-3e4278890f1c',242840,0,1,NULL,NULL,173,''),(1536,'','2017-11-19 21:52:28','Get Set, Go','a376c85a-cde7-3184-a3df-7ff05f310ee4',200826,0,2,NULL,NULL,173,''),(1537,'','2017-11-19 21:52:29','Pacific Expectations','a66ca1fc-5720-33b7-9ce5-873b88131571',239800,0,3,NULL,NULL,173,''),(1538,'','2017-11-19 21:52:30','March of the Pharoahs','e727f0f1-b771-3dd7-8ff5-c4a5695bc282',263733,0,4,NULL,NULL,173,''),(1539,'','2017-11-19 21:52:31','When We Talk','8030b3ea-ad21-3aaf-a635-913c5a7e11a0',246040,0,5,NULL,NULL,173,''),(1540,'','2017-11-19 21:52:32','Bowtie','63bd07c7-bc53-3b14-89a7-ec6035562f2c',163200,0,6,NULL,NULL,173,''),(1541,'','2017-11-19 21:52:33','We\'re Sourrouded','2cae1790-9398-3849-8b55-111ca6eb5728',212293,0,7,NULL,NULL,173,''),(1542,'','2017-11-19 21:52:34','Miniatures','1e2b3bca-8c86-34d7-9f8b-da6ebe32462b',256666,0,8,NULL,NULL,173,''),(1543,'','2017-11-19 21:52:35','Changing of the Guard','d6c18336-5670-34cb-bd0a-25ff9b5638fe',256133,0,9,NULL,NULL,173,''),(1544,'','2017-11-19 21:52:36','Intro: Ol\' Blue','f890c0e8-3984-3ed9-a4e2-3426850a8785',42706,0,10,NULL,NULL,173,''),(1545,'','2017-11-19 21:52:40','Ol\' Blue','733c5be6-5235-393e-b020-9ed223f22a5c',210334,0,11,NULL,NULL,173,''),(1546,'','2017-11-19 21:52:44','I Can\'t Love You Baby','8970749d-8f5a-3e12-8816-711759f4fe8c',213226,0,1,1414,NULL,174,''),(1547,'','2017-11-19 21:52:44','If Love Had A Heart','20eb7c88-4aff-3d79-b224-35e15ae085cf',183240,0,2,1414,NULL,174,''),(1548,'','2017-11-19 21:52:48','While You Slept Last Night','305eba6a-c444-36f8-babd-6af109ef0df7',164733,0,3,1414,NULL,174,''),(1549,'','2017-11-19 21:52:49','This Side Of Goodbye','71908dcd-9906-31f8-9e07-6cf22e861f69',243266,0,4,1414,NULL,174,''),(1550,'','2017-11-19 21:53:11','Walkin\', Talkin\', Cryin\', Barely Beatin\' Broken Heart','32448310-28df-3c71-8402-a60cad46a0c2',153826,0,5,1414,NULL,174,''),(1551,'','2017-11-19 21:53:12','I\'ll Paint The Town','233fbe33-d517-31ca-89f8-cd993519f93c',173640,0,6,1414,NULL,174,''),(1552,'','2017-11-19 21:53:13','Rough And Tumble Heart','6ad1705d-a701-39e8-b9d4-77ac567c56ae',222000,0,7,1414,NULL,174,''),(1553,'','2017-11-19 21:53:14','Midnight Angel','3173dc5a-70bb-3042-8c26-4aba6087266f',200866,0,8,1414,NULL,174,''),(1554,'','2017-11-19 21:53:15','Who\'s Lonely Now','4bccfeef-bc63-30c6-b124-447ddc40f805',205293,0,9,1414,NULL,174,''),(1555,'','2017-11-19 21:53:16','Sweet Baby James','430530ff-2c4e-39c6-84a4-9fc357a064f3',241666,0,10,1414,NULL,174,''),(1556,'','2017-11-19 21:53:19','Wish Me Luck','fd85346f-f674-3c5a-9cc1-60aba45c70ef',250306,0,1,1415,NULL,175,''),(1557,'','2017-11-19 21:53:19','Ya Ba Ye','8d475670-41d6-36ba-b82f-432cc2a3e573',307426,0,2,1415,NULL,175,''),(1558,'','2017-11-19 21:53:19','Middle East','e2e11565-17a5-35ba-8c77-46b9fc455ee3',280466,0,3,1415,NULL,175,''),(1559,'','2017-11-19 21:53:19','I Want to Fly','4ab25333-3f67-3499-9fb9-591cdfcdd2db',267240,0,4,1415,NULL,175,''),(1560,'','2017-11-19 21:53:19','Slave Dream','62ca6eb2-0d35-3ba7-a620-1645fa0871eb',288426,0,5,1415,NULL,175,''),(1561,'','2017-11-19 21:53:19','Taw Shi','fdd7cab1-74e5-3fa5-ab17-93616e6a8ebc',208133,0,6,1415,NULL,175,''),(1562,'','2017-11-19 21:53:19','Mm\'mma (My Brothers Are There)','b18a8f15-f5f1-34b1-b93d-8006af35c966',266333,0,7,1415,NULL,175,''),(1563,'','2017-11-19 21:53:19','In Ta','4c1465a9-03a0-3210-9edd-1a85782dd632',354440,0,8,1415,NULL,175,''),(1564,'','2017-11-19 21:53:19','Fatamorgana (Mirage)','e862a7f4-b9f5-366f-8a98-e75ae3871f71',299960,0,9,1415,NULL,175,''),(1565,'','2017-11-19 21:53:19','Da\'asa','b1cb7036-6927-37ea-a8a4-8e0309535b28',162173,0,10,1415,NULL,175,''),(1566,'','2017-11-19 21:53:19','Kaddish','6fd3d4ce-aff3-384c-9b07-278ded01a43e',274094,0,11,1415,NULL,175,''),(1567,'','2017-11-19 21:53:23','Mining for Coal','852cb572-c460-4ca3-85cc-28137c2eeec5',186840,0,1,1416,NULL,176,''),(1568,'','2017-11-19 21:53:23','Singing the Blues','46f808f4-4bf1-4276-a95b-14bea0696868',137533,0,2,1416,NULL,176,''),(1569,'','2017-11-19 21:53:25','When Your World Was Turning for Me','8376de74-07d2-4df1-980d-1b0708190e16',158693,0,3,1416,NULL,176,''),(1570,'','2017-11-19 21:53:26','He Walked on Water','509e2e99-e99d-445b-b4b2-fec6e11eba63',206133,0,4,1416,NULL,176,''),(1571,'','2017-11-19 21:53:26','No Stoppin\' Us Now','59da242e-cbbf-4a34-84c1-bc5d6a4ef40a',183906,0,5,1416,NULL,176,''),(1572,'','2017-11-19 21:53:27','It\'s Just a Matter of Time','34b1c545-0c7a-4a32-9028-d93798ac9e57',237026,0,6,1416,NULL,176,''),(1573,'','2017-11-19 21:53:28','Card Carryin’ Fool','0d7da2f3-fb3b-4e41-9dd3-9599e1b07f50',145733,0,7,1416,NULL,176,''),(1574,'','2017-11-19 21:53:29','Somewhere in My Broken Heart','af010fb3-3955-49ca-89e1-4ae921ed2973',194733,0,8,1416,NULL,176,''),(1575,'','2017-11-19 21:53:30','Hard Rock Bottom of Your Heart','a5adc246-fae6-4917-bff6-853597226eaf',244773,0,9,1416,NULL,176,''),(1576,'','2017-11-19 21:53:31','Have a Nice Rest of Your Life','70d8bf89-d74a-4d0b-ba72-1b7daa49e9c4',202560,0,10,1416,NULL,176,''),(1577,'','2017-11-19 21:53:43','Tuxedo Junction','c3fc61d8-840b-3960-94a3-82e06d787286',186306,0,1,1417,NULL,177,''),(1578,'','2017-11-19 21:53:43','Boy From New York City','397b204c-8230-3a20-a0ea-dbe95f83580e',222333,0,2,1417,NULL,177,''),(1579,'','2017-11-19 21:53:45','Twilight Zone / Twilight Tone','07997a68-957c-3858-b932-b4475035d3d1',237733,0,3,1417,NULL,177,''),(1580,'','2017-11-19 21:53:45','Body and Soul','fe0cdd6c-1070-352b-b901-ed6133706291',268293,0,4,1417,NULL,177,''),(1581,'','2017-11-19 21:53:46','Candy','3d8a49ff-162c-3611-9662-99adf968318b',207440,0,5,1417,NULL,177,''),(1582,'','2017-11-19 21:53:48','Four Brothers','f34b7eb1-9e2d-3751-99fe-c8e8f5f2d021',229066,0,6,1417,NULL,177,''),(1583,'','2017-11-19 21:53:49','Birdland','4bf17b2e-ee04-3d04-aeb5-69dc588e6ad8',360533,0,7,1417,NULL,177,''),(1584,'','2017-11-19 21:53:50','Gloria','5d0141bf-60ba-31c2-809f-76d5a1b54fc8',178400,0,8,1417,NULL,177,''),(1585,'','2017-11-19 21:53:51','Trickle Trickle','427a8510-e92c-3319-9a31-3efcebdd0b63',142093,0,9,1417,NULL,177,''),(1586,'','2017-11-19 21:53:58','Operator','7a9393a3-14b4-395b-8770-92e4d5dbe55d',191106,0,10,1417,NULL,177,''),(1587,'','2017-11-19 21:53:59','Java Jive','4e9e1ab1-6ec7-344f-b5c0-3ccde0920416',165360,0,11,1417,NULL,177,''),(1588,'','2017-11-19 21:54:00','A Nightingale Sang in Berkeley Square','26daa6e4-9a26-3aab-a09e-4090a08929a4',225266,0,12,1417,NULL,177,''),(1589,'','2017-11-19 21:54:03','Stage Fright','7bfbc4e8-682e-31fe-befe-3d1624e0dad3',237000,0,1,1418,NULL,178,''),(1590,'','2017-11-19 21:54:04','Burn Hard','3bb511d7-8d8d-3fa3-9d18-815aa279ce05',313000,0,2,1418,NULL,178,''),(1591,'','2017-11-19 21:54:04','So Fine','95f18764-8722-3b29-a5e9-e4a63be364b2',250000,0,3,1418,NULL,178,''),(1592,'','2017-11-19 21:54:05','Flash Back','e71b2ecf-23e4-3477-9e81-6450337d70e8',269360,0,4,1418,NULL,178,''),(1593,'','2017-11-19 21:54:06','Telling Lies','2efdb90e-950b-3e5b-8f08-8f18a19bc42d',160000,0,5,1418,NULL,178,''),(1594,'','2017-11-19 21:54:07','Your Love Is Cancelled','003dc42c-39b2-3e1f-bd89-359fb61a290a',252000,0,6,1418,NULL,178,''),(1595,'','2017-11-19 21:54:08','Would You Be My Baby','f951dc24-8f84-3ea8-b0bf-b4f98592a9a4',214000,0,7,1418,NULL,178,''),(1596,'','2017-11-19 21:54:11','Take It Off','4d044e0e-8818-38b1-8826-78804e0ad658',312000,0,8,1418,NULL,178,''),(1597,'','2017-11-19 21:54:13','Just Out of Reach','a83e76a4-e345-3d5c-ae2c-309914c56dff',225306,0,9,1418,NULL,178,''),(1598,'','2017-11-19 21:54:14','Baby Doll','6b83536e-422d-31df-bf45-a5947ff68104',199000,0,10,1418,NULL,178,''),(1599,'','2017-11-19 21:54:16','Expressway to Your Heart','730a1a8b-e542-3c72-9a68-a2560e70b574',204000,0,1,NULL,NULL,179,''),(1600,'','2017-11-19 21:54:18','Everybody Needs Somebody to Love','5f1bdac8-239b-3c90-981e-0f86398bb8f5',156000,0,2,NULL,NULL,179,''),(1601,'','2017-11-19 21:54:19','I Don’t Know','eda3292e-b3c8-3470-a248-e30936395f6a',256000,0,3,NULL,NULL,179,''),(1602,'','2017-11-19 21:54:19','She Caught the Katy','fb811de1-3c70-3a74-a7e3-88a51df59ee8',252000,0,4,NULL,NULL,179,''),(1603,'','2017-11-19 21:54:20','Soul Man','1f9f201a-2e12-3a6c-b81e-bb9f2d787450',183000,0,5,NULL,NULL,179,''),(1604,'','2017-11-19 21:54:21','Rubber Biscuit','24f35ffb-8436-302b-8fe3-1007528865d0',206000,0,6,NULL,NULL,179,''),(1605,'','2017-11-19 21:54:21','Going Back to Miami','9f80af99-d568-3aa7-a3ea-6e1cd844f047',213000,0,7,NULL,NULL,179,''),(1606,'','2017-11-19 21:54:21','Gimme Some Lovin’','67c88b35-16cc-3620-a44c-0ae38ed5628f',187000,0,8,NULL,NULL,179,''),(1607,'','2017-11-19 21:54:22','“B” Movie Box Car Blues','f60d88e7-6f0a-309d-9f88-be3d8773770f',249000,0,9,NULL,NULL,179,''),(1608,'','2017-11-19 21:54:23','Flip, Flop & Fly','d4b1b6c3-327b-336a-a694-d16a68306c61',219000,0,10,NULL,NULL,179,''),(1609,'','2017-11-19 21:54:29','For Those About to Rock (We Salute You)','15a3c9ab-684c-330f-a032-0b54694fd430',344306,0,1,1419,NULL,180,''),(1610,'','2017-11-19 21:54:30','Put the Finger on You','cdf13440-61f8-32b5-b617-577ed7c9b80e',208266,0,2,1419,NULL,180,''),(1611,'','2017-11-19 21:54:31','Let’s Get It Up','8536968a-ddc8-3f35-a9ee-a126c1c0fdf4',234026,0,3,1419,NULL,180,''),(1612,'','2017-11-19 21:54:35','Inject the Venom','c56bf559-2055-3111-a77a-7ae727d7c55c',212000,0,4,1419,NULL,180,''),(1613,'','2017-11-19 21:54:36','Snowballed','7c202453-c61b-352f-acea-f529383521d1',203800,0,5,1419,NULL,180,''),(1614,'','2017-11-19 21:54:36','Evil Walks','bc143584-0a89-3dc2-9bd9-aca8c9471f74',263706,0,6,1419,NULL,180,''),(1615,'','2017-11-19 21:54:38','C.O.D.','aaa47fd6-e465-398b-954c-06b104ea0424',199800,0,7,1419,NULL,180,''),(1616,'','2017-11-19 21:54:38','Breaking the Rules','5adce5f0-1f32-374b-b76f-a31081e4451b',263600,0,8,1419,NULL,180,''),(1617,'','2017-11-19 21:54:39','Night of the Long Knives','92b7899d-f904-3a14-8d15-b1e7e6687025',205866,0,9,1419,NULL,180,''),(1618,'','2017-11-19 21:54:40','Spellbound','48750158-f33e-39b5-865a-871aab9de114',269533,0,10,1419,NULL,180,''),(1619,'','2017-11-19 21:54:43','Heart of the Sunrise','3809f411-1358-475d-bc92-0a43c76bc0dd',637093,0,1,1420,NULL,181,''),(1620,'','2017-11-19 21:54:44','Wonderous Stories','d81619c9-d4f3-4c1f-89c8-15b6a9da90e9',226533,0,2,1420,NULL,181,''),(1621,'','2017-11-19 21:54:48','Yours Is No Disgrace','910d0185-8701-4c34-bc43-9bc092e9f1dd',583373,0,3,1420,NULL,181,''),(1622,'','2017-11-19 21:54:48','Starship Trooper: Life Seeker / Disillusion / Würm','8da522bd-33ee-4863-a63f-777c807c9342',572760,0,4,1420,NULL,181,''),(1623,'','2017-11-19 21:54:49','Long Distance Runaround','4da34d80-14fd-440b-bd3a-0a0378e0b1a9',209533,0,5,1420,NULL,181,''),(1624,'','2017-11-19 21:54:49','The Fish (Schindleria Præmaturus)','e0220367-0a9b-4a66-a768-eb19197b238e',158706,0,6,1420,NULL,181,''),(1625,'','2017-11-19 21:54:49','And You and I: Cord of Life / Eclipse / The Preacher the Teacher / The Apocalypse','341275df-a1ec-490f-8804-ad2b429f8900',606000,0,7,1420,NULL,181,''),(1626,'','2017-11-19 21:54:50','Roundabout','0c3c8494-e208-4ec9-b73b-7d9a042271df',474493,0,8,1420,NULL,181,''),(1627,'','2017-11-19 21:54:51','I\'ve Seen All Good People: Your Move / All Good People','ccb8c19b-ebd1-4d99-aba5-f22e4a050610',448373,0,9,1420,NULL,181,''),(1628,'','2017-11-19 21:54:54','Riding on a Cloud','9f5c8e04-0959-30fe-bfb0-2934ad3d4c90',258506,0,1,1421,NULL,182,''),(1629,'','2017-11-19 21:54:54','Radiation','9d20066f-44d2-34bf-9740-b7032e8b650c',319426,0,2,1421,NULL,182,''),(1630,'','2017-11-19 21:54:55','Ragtag and Bobtail','ffe6e817-1748-3f6c-b815-3cd9cccb0d65',253333,0,3,1421,NULL,182,''),(1631,'','2017-11-19 21:54:56','Blue Tattoo','a4a353d7-870f-3bfe-ba87-1e68a1825212',247706,0,4,1421,NULL,182,''),(1632,'','2017-11-19 21:54:57','Piece for Rock Orchestra','cb77d536-728b-3e2e-bce0-7c9738a73943',349733,0,5,1421,NULL,182,''),(1633,'','2017-11-19 21:54:58','Rambling','31cba91f-d70b-3f22-89b1-1e5b3da480a7',250893,0,6,1421,NULL,182,''),(1634,'','2017-11-19 21:54:59','In a Melancholy Way','11215b83-24e8-3f45-ace4-a8606e4f7072',284266,0,7,1421,NULL,182,''),(1635,'','2017-11-19 21:55:00','Daybreak Delight','95c5d80b-efb6-3bfa-845d-c893fd4f4e36',284706,0,8,1421,NULL,182,''),(1636,'','2017-11-19 21:55:05','In the Air Tonight','752cb801-7f08-4ad5-bdb0-b2b4818e69b8',335826,0,1,1422,NULL,183,''),(1637,'','2017-11-19 21:55:08','This Must Be Love','59a5df0d-19a1-4de8-9f95-908fd3787f12',236466,0,2,1422,NULL,183,''),(1638,'','2017-11-19 21:55:12','Behind the Lines','5d69f9be-b9da-47b1-81d3-b3f14da748e1',235400,0,3,1422,NULL,183,''),(1639,'','2017-11-19 21:55:13','The Roof Is Leaking','8fd5f4db-c25d-48dd-8f3a-28012f0f983d',197240,0,4,1422,NULL,183,''),(1640,'','2017-11-19 21:55:14','Droned','43f09608-db31-49fa-83e0-c4d5513d598e',169826,0,5,1422,NULL,183,''),(1641,'','2017-11-19 21:55:15','Hand in Hand','fda5bcd8-b410-4bd5-8d9d-faf70b1c27e8',322240,0,6,1422,NULL,183,''),(1642,'','2017-11-19 21:55:16','I Missed Again','321c023c-078d-44e0-960d-30feee8ec93e',226360,0,7,1422,NULL,183,''),(1643,'','2017-11-19 21:55:17','You Know What I Mean','8e29601c-43e9-4b4c-bd5a-8323059e7908',153240,0,8,1422,NULL,183,''),(1644,'','2017-11-19 21:55:18','Thunder and Lightning','db2694f9-c324-4344-8412-4fe3ca6b154d',254026,0,9,1422,NULL,183,''),(1645,'','2017-11-19 21:55:19','I’m Not Moving','28c16933-4aa5-4e88-ac1a-b2fe95b79a57',155573,0,10,1422,NULL,183,''),(1646,'','2017-11-19 21:55:20','If Leaving Me Is Easy','9f7b63ea-97be-4221-b3ae-705627311bda',295626,0,11,1422,NULL,183,''),(1647,'','2017-11-19 21:55:21','Tomorrow Never Knows','21e59353-4dd4-4aed-9515-edc6b0a7941b',286733,0,12,1422,NULL,183,''),(1648,'','2017-11-19 21:55:22','Run With the Fox','85947685-cc08-3ef9-89f0-cf3539d1bf8e',249000,0,1,NULL,NULL,184,''),(1649,'','2017-11-19 21:55:23','Return of the Fox','15d49f97-078f-341e-b528-efe01a2f72f9',0,0,2,NULL,NULL,184,''),(1650,'','2017-11-19 21:55:25','Dim All the Lights','75c8d2dc-b315-46bd-8c18-87a27467f671',283000,0,1,NULL,NULL,185,''),(1651,'','2017-11-19 21:55:26','Show Me Heaven','50f8b804-2eb9-4ebe-b247-e894081f2eb4',249000,0,2,NULL,NULL,185,''),(1652,'','2017-11-19 21:55:27','Brokenhearted (Soulpower mix)','a492a6a8-8a4d-3c1b-8d8f-814a2e543dd5',287133,0,1,NULL,NULL,186,''),(1653,'','2017-11-19 21:55:27','Brokenhearted (Soulpower Groove mix)','3ca5fb85-22a0-3c3d-b46b-a8b7d8052ec8',287506,0,2,NULL,NULL,186,''),(1654,'','2017-11-19 21:55:27','Brokenhearted (acoustic mix)','94561a79-135a-3f3e-918f-78c4eb2216dd',319666,0,3,NULL,NULL,186,''),(1655,'','2017-11-19 21:55:27','Brokenhearted (LP version)','37798043-310c-3bfd-99db-94e82aa83945',351267,0,4,NULL,NULL,186,''),(1656,'','2017-11-19 21:55:33','Whose Side Are You On?','c230318c-381f-387c-a5cd-1a7ccb5ac5b9',270840,0,1,1423,NULL,187,''),(1657,'','2017-11-19 21:55:33','Midnight in Memphis','c8da7fbe-10b7-337e-8369-39e72ae07fba',224293,0,2,1423,NULL,187,''),(1658,'','2017-11-19 21:55:34','Concert Monologue','19ceac3a-e3b1-36b3-9d7b-2f132b2b6109',142733,0,3,1423,NULL,187,''),(1659,'','2017-11-19 21:55:34','When a Man Loves a Woman','ccfef018-44d0-3165-b84c-e8ccd028853f',320506,0,4,1423,NULL,187,''),(1660,'','2017-11-19 21:55:35','Sold My Soul to Rock\'n\'Roll','914d01a1-1f6a-351d-a654-9989ff372e38',222760,0,5,1423,NULL,187,''),(1661,'','2017-11-19 21:55:36','Keep On Rockin\'','2e7be74e-147d-35dd-a2a5-df2bc8cb6d3b',244400,0,6,1423,NULL,187,''),(1662,'','2017-11-19 21:55:37','Love Me With a Feeling','a706301f-81b4-3c7a-b98a-edf43701f398',235040,0,7,1423,NULL,187,''),(1663,'','2017-11-19 21:55:37','Camellia','f03963a1-c48d-36b3-b918-7d014d6065e6',206000,0,8,1423,NULL,187,''),(1664,'','2017-11-19 21:55:38','Homecoming Monologue','5ca47b2f-1ee2-3be1-a46a-4e76d9e6c97c',83133,0,9,1423,NULL,187,''),(1665,'','2017-11-19 21:55:39','Stay With Me','2902a772-956b-34f8-b936-7711c9495ca7',342093,0,10,1423,NULL,187,''),(1666,'','2017-11-19 21:55:40','Let Me Call You Sweetheart','e517dbe3-a7e3-3340-8fa1-aeacb92439ad',95800,0,11,1423,NULL,187,''),(1667,'','2017-11-19 21:55:40','The Rose','d0488705-6707-3167-b322-86f2079f9e25',221400,0,12,1423,NULL,187,''),(1668,'','2017-11-19 21:55:42','Caught a Lite Sneeze (unedited version)','bea258f5-7e7c-3d45-94e8-2bd9f82642c8',266173,0,1,NULL,NULL,188,''),(1669,'','2017-11-19 21:55:45','This Old Man','a96bb610-d7f4-39ad-b258-48e21b27fc5a',105093,0,2,NULL,NULL,188,''),(1670,'','2017-11-19 21:55:49','That’s What I Like Mick (The Sandwich Song)','af17649d-4fce-3504-ac30-31664e812808',180733,0,3,NULL,NULL,188,''),(1671,'','2017-11-19 21:55:49','Graveyard','80601da9-0744-3486-b142-f0cc52ea61e8',55173,0,4,NULL,NULL,188,''),(1672,'','2017-11-19 21:55:50','Toodles Mr. Jim','3e551057-43ab-3371-90e0-029e306d185d',189160,0,5,NULL,NULL,188,''),(1673,'','2017-11-19 21:55:52','Don\'t Care','cb4dc0c4-2d69-33e0-9522-0ab417fe9624',245226,0,1,1424,NULL,189,''),(1674,'','2017-11-19 21:55:53','Promise','6f8804e9-6d7b-3b52-8e34-e20156bf3296',344240,0,2,1424,NULL,189,''),(1675,'','2017-11-19 21:55:54','Start Today','8acb5818-8eab-37c4-a80e-2a7308fa5152',232666,0,3,1424,NULL,189,''),(1676,'','2017-11-19 21:55:56','Mr. X','1d55d113-e115-3e0a-96cf-889bbee5cb0a',142066,0,4,1424,NULL,189,''),(1677,'','2017-11-19 21:55:59','At the End','b4895f78-0d04-32e0-b3c0-c09212fea970',369493,0,5,1424,NULL,189,''),(1678,'','2017-11-19 21:56:00','Sending Out a Warning','04dc5d3c-ff9c-3af6-b09e-6dd76312fd95',253573,0,6,1424,NULL,189,''),(1679,'','2017-11-19 21:56:04','Shut Up Shuttin\' Up','d84fe0b6-e226-3219-8136-876699b23bd1',246026,0,7,1424,NULL,189,''),(1680,'','2017-11-19 21:56:05','Strip and Go Naked','dafed76e-b634-3d31-a786-0d2f65355129',237533,0,8,1424,NULL,189,''),(1681,'','2017-11-19 21:56:07','The Big Dance','3b27e942-d952-3da9-9421-5ac0b52d8608',257240,0,9,1424,NULL,189,''),(1682,'','2017-11-19 21:56:08','Victor','646dec31-adc9-3cf1-aded-21e243234a6a',387333,0,10,1424,NULL,189,''),(1683,'','2017-11-19 21:56:09','I Am the Spirit','238bd0ff-2621-30c4-b1e7-b699ab5471f0',331600,0,11,1424,NULL,189,''),(1684,'','2017-11-19 21:56:11','Beauty Queen / Horses','ab17be59-3d44-3634-8197-dc6862f84424',365000,0,1,1425,NULL,190,''),(1685,'','2017-11-19 21:56:11','Blood Roses','3523cec6-1969-3e7b-a148-0ef8bf33b0fb',236000,0,2,1425,NULL,190,''),(1686,'','2017-11-19 21:56:11','Father Lucifer','447225e3-cec8-3a3c-8023-7ff811ba280d',220000,0,3,1425,NULL,190,''),(1687,'','2017-11-19 21:56:11','Professional Widow','dd676438-9942-3e11-b337-469305cdcb44',272000,0,4,1425,NULL,190,''),(1688,'','2017-11-19 21:56:11','Professional Widow (Armand Van Helden\'s Star Trunk Mix)','a2b5a7e7-b13e-34b0-b4d9-03ed32c2e47e',485000,0,5,1425,NULL,190,''),(1689,'','2017-11-19 21:56:11','Mr. Zebra','2afbe0ef-3a21-308e-829f-948579c7d660',66000,0,6,1425,NULL,190,''),(1690,'','2017-11-19 21:56:11','Marianne','c3738b6b-349b-3718-901a-dff6f42fe762',249000,0,7,1425,NULL,190,''),(1691,'','2017-11-19 21:56:11','Caught a Lite Sneeze','80d86bbc-522b-3c06-936e-91a10d7770b3',266000,0,8,1425,NULL,190,''),(1692,'','2017-11-19 21:56:11','Muhammad My Friend','1fcd6a2b-77c5-32e6-a544-e04c83580a22',229000,0,9,1425,NULL,190,''),(1693,'','2017-11-19 21:56:11','Hey Jupiter','f24193fc-78e6-39f8-b7c9-4aaae93ae67f',311000,0,10,1425,NULL,190,''),(1694,'','2017-11-19 21:56:11','Way Down','2e5ec8a0-b162-3774-a981-ebedb6d75a57',74000,0,11,1425,NULL,190,''),(1695,'','2017-11-19 21:56:11','Little Amsterdam','0e26225c-f912-33a9-a6d2-aa3c5b4a6d3c',269000,0,12,1425,NULL,190,''),(1696,'','2017-11-19 21:56:11','Talula (The Tornado Mix)','3f0c1641-0910-35d6-b5f1-406f0366cb89',223000,0,13,1425,NULL,190,''),(1697,'','2017-11-19 21:56:11','Not the Red Baron','49efaf61-ae30-3437-8630-f119d5c2eec7',230000,0,14,1425,NULL,190,''),(1698,'','2017-11-19 21:56:11','Agent Orange','bb9e4bfc-cc7a-3bd2-ad5f-37e75217dd07',85000,0,15,1425,NULL,190,''),(1699,'','2017-11-19 21:56:11','Doughnut Song','2bc23f80-2a7c-31c7-a051-ea4eeee063ad',260000,0,16,1425,NULL,190,''),(1700,'','2017-11-19 21:56:11','Putting the Damage On','afdcacb5-5cfb-313d-9bb0-3a840641f615',310000,0,17,1425,NULL,190,''),(1701,'','2017-11-19 21:56:11','Twinkle','58930af2-5b46-32a6-bddb-8a455c15e0a4',191000,0,18,1425,NULL,190,''),(1702,'','2017-11-19 21:56:15','Voices','f350e5c7-225d-36b5-b870-14c86f5039ea',421506,0,1,1426,NULL,191,''),(1703,'','2017-11-19 21:56:19','Echoes','d710596a-9efd-37d7-a6ae-112219c25c2a',504933,0,2,1426,NULL,191,''),(1704,'','2017-11-19 21:56:20','Come to Me','22711f71-6a55-3f61-8c8f-4e62e56fbea7',274000,0,3,1426,NULL,191,''),(1705,'','2017-11-19 21:56:20','P.S.','34389fc7-1bfb-3fed-babe-bc187f29cfb4',126026,0,4,1426,NULL,191,''),(1706,'','2017-11-19 21:56:21','Ask the Mountains','6369d62d-c8dd-357c-856e-cc0ff49a0424',473133,0,5,1426,NULL,191,''),(1707,'','2017-11-19 21:56:23','Prelude','2682bdc3-a98e-3838-be8d-158097c30ef4',264840,0,6,1426,NULL,191,''),(1708,'','2017-11-19 21:56:23','Losing Sleep (Still, My Heart)','ac6b43df-317d-3403-a26f-b82c53cff398',402093,0,7,1426,NULL,191,''),(1709,'','2017-11-19 21:56:24','Messages','df98b158-e670-377b-9135-176cc5d74265',459800,0,8,1426,NULL,191,''),(1710,'','2017-11-19 21:56:25','Dream in an Open Place','62ed239d-76f7-3527-9ca0-23d6d4bb531c',356920,0,9,1426,NULL,191,''),(1711,'','2017-11-19 21:56:26','[intro] / Save Myself','26c61304-19ff-39f6-8504-e97c3fcdc554',287000,0,1,NULL,NULL,192,''),(1712,'','2017-11-19 21:56:26','Tell It to the Judge','6127828d-8546-399e-b0f1-543c2d4a20a9',180000,0,2,NULL,NULL,192,''),(1713,'','2017-11-19 21:56:26','Gun Culture','f8f2eb14-7ec6-30a6-965f-d31bd6853b80',144000,0,3,NULL,NULL,192,''),(1714,'','2017-11-19 21:56:26','Screwed Blued \'n Tattooed','ef911647-f32d-3883-bf19-237262b09184',211000,0,4,NULL,NULL,192,''),(1715,'','2017-11-19 21:56:26','D.U.I. (Intoxicated)','a51d733d-dbc5-3be2-a5ae-f36a3622d4b1',351000,0,5,NULL,NULL,192,''),(1716,'','2017-11-19 21:56:26','Rock in the Western World','77460455-73bd-32a3-a2b8-3ee73f22be8e',180000,0,6,NULL,NULL,192,''),(1717,'','2017-11-19 21:56:26','House Is on Fire','b58f22bd-17ce-3b65-8c60-96441b77b18e',201000,0,7,NULL,NULL,192,''),(1718,'','2017-11-19 21:56:26','Youth (Is a State of Mind)','ef14e178-4c70-3a15-9826-c66e2f213f05',275000,0,8,NULL,NULL,192,''),(1719,'','2017-11-19 21:56:26','Hate Rock and Roll','13cbeb54-1e13-3597-8c0c-36313d413ca1',434000,0,9,NULL,NULL,192,''),(1720,'','2017-11-19 21:56:26','I Don\'t Wanna Live Without You','f3f40e6c-938d-3864-a6ed-59ef2e0b2a58',232000,0,10,NULL,NULL,192,''),(1721,'','2017-11-19 21:56:26','Best Things in Life Are Free','39935725-e7e2-3dc6-9c6a-063aeb3c8735',248000,0,11,NULL,NULL,192,''),(1722,'','2017-11-19 21:56:26','Heroes Die Young','cc03fd53-dd58-3707-ab2c-934223a7be5b',305000,0,12,NULL,NULL,192,''),(1723,'','2017-11-19 21:56:26','Raise a Little Hell','47e79125-0482-3d46-bee2-f1ef7903f31b',202000,0,13,NULL,NULL,192,''),(1724,'','2017-11-19 21:56:26','Don\'t Talk About Roses','06bcdcd5-4988-3669-8a4d-f2342f74cf32',176000,0,14,NULL,NULL,192,''),(1725,'','2017-11-19 21:56:26','When the Brains Go to the Balls','4f22b130-53c2-32f7-a6a6-268b4f805d2d',256000,0,15,NULL,NULL,192,''),(1726,'','2017-11-19 21:56:26','Stranger Than Paradise','413fcb87-ccc2-3685-9c4b-ca6126318a2d',241000,0,16,NULL,NULL,192,''),(1727,'','2017-11-19 21:56:31','Stood Up','e9584f3c-481d-3175-bfb3-cd37b40a3f22',211440,0,1,NULL,NULL,193,''),(1728,'','2017-11-19 21:56:32','Everything Worthwhile','21bd8c1d-4b5f-3a1e-9305-ae943c68cbb0',162826,0,2,NULL,NULL,193,''),(1729,'','2017-11-19 21:56:33','Betty','08fa2a61-fe75-3683-9e6c-7b62130cb55c',181000,0,3,NULL,NULL,193,''),(1730,'','2017-11-19 21:56:34','Overgrown','12dbf37f-4d5a-3335-97f0-65047dab3810',203666,0,4,NULL,NULL,193,''),(1731,'','2017-11-19 21:56:35','Settled','3b963d67-edae-38e6-923d-311620ce6c4e',191800,0,5,NULL,NULL,193,''),(1732,'','2017-11-19 21:56:35','Me & My Dog','080169e6-4a0b-3919-ae9b-d7d540b78c43',191373,0,6,NULL,NULL,193,''),(1733,'','2017-11-19 21:56:36','Little Sister','e26e3770-f86f-3f98-b60c-905f1d133b38',179493,0,7,NULL,NULL,193,''),(1734,'','2017-11-19 21:56:37','Up & Out','460b5ecd-c345-366c-9de3-a6ddac36ef9c',179706,0,8,NULL,NULL,193,''),(1735,'','2017-11-19 21:56:38','#246','2070bad9-1450-3ddd-b69f-4fb26baedc3d',200600,0,9,NULL,NULL,193,''),(1736,'','2017-11-19 21:56:39','Listen Up','f6bdcf61-f50d-309d-ae20-18ebacd4a0c3',147760,0,10,NULL,NULL,193,''),(1737,'','2017-11-19 21:56:40','Sunshine M.','e9d21aa2-2277-3f30-9829-d3b765b0227d',237640,0,11,NULL,NULL,193,''),(1738,'','2017-11-19 21:56:41','Love in the Dakota','79dc4a56-2e61-3f9c-a674-ead7860c685e',238026,0,12,NULL,NULL,193,''),(1739,'','2017-11-19 21:56:47','L.E.S. Artistes','0bd15c2a-fe57-325a-8822-5039e49dbe35',204000,0,1,1427,NULL,194,''),(1740,'','2017-11-19 21:56:48','You\'ll Find a Way','827cab19-687d-39a8-841e-e81927c5f04c',180000,0,2,1427,NULL,194,''),(1741,'','2017-11-19 21:56:48','Shove It','78ed2cc5-f0d4-3a9f-b132-a2e5ac17b9b6',226000,0,3,1427,NULL,194,''),(1742,'','2017-11-19 21:56:49','Say Aha','278b0bcd-cc73-3469-8641-e6a337c1a67c',215000,0,4,1427,NULL,194,''),(1743,'','2017-11-19 21:56:50','Creator','d33f2324-76da-3813-94ce-fa903032fe5d',213000,0,5,1427,NULL,194,''),(1744,'','2017-11-19 21:56:51','My Superman','64431e27-8ba4-368b-a09b-67304cf10640',180000,0,6,1427,NULL,194,''),(1745,'','2017-11-19 21:56:51','Lights Out','7a2bd592-7690-3bb2-aed2-26246a47111d',192000,0,7,1427,NULL,194,''),(1746,'','2017-11-19 21:56:52','Starstruck','980c432a-6632-3ea2-95a9-1be9f6006a3d',234000,0,8,1427,NULL,194,''),(1747,'','2017-11-19 21:56:53','Unstoppable','44a9749a-a22f-3ecb-ab1b-de91ba15b010',212000,0,9,1427,NULL,194,''),(1748,'','2017-11-19 21:56:55','I\'m a Lady','c1c55017-e100-33cb-ba5f-cd807ca2d6e1',223000,0,10,1427,NULL,194,''),(1749,'','2017-11-19 21:56:58','Anne','a42c28fc-f710-399c-917d-2fd52c7c28ff',208000,0,11,1427,NULL,194,''),(1750,'','2017-11-19 21:56:59','You\'ll Find a Way (Switch & Sinden remix)','751c824a-430a-3ba5-ab5b-9f7a8a85780c',192000,0,12,1427,NULL,194,''),(1751,'','2017-11-19 21:57:00','I Will Possess Your Heart','193cfb72-65bb-3a47-8d00-4e0a4c4182f9',507626,0,1,NULL,NULL,195,''),(1752,'','2017-11-19 21:57:02','No Sunlight (demo)','2c30d3f7-b172-39b7-977c-5223da63fb17',207173,0,2,NULL,NULL,195,''),(1753,'','2017-11-19 21:57:04','Bixby Canyon Bridge','6dbd2a1c-bd1d-366e-88fe-135e6965688b',315000,0,1,1428,NULL,196,''),(1754,'','2017-11-19 21:57:04','I Will Possess Your Heart','b85a66a6-8fb8-37f3-876c-fde3f655683d',515000,0,2,1428,NULL,196,''),(1755,'','2017-11-19 21:57:05','No Sunlight','00c62071-b204-31d3-b1b9-d2f8467d5e68',160000,0,3,1428,NULL,196,''),(1756,'','2017-11-19 21:57:06','Cath…','d05ce753-00d7-3848-9f79-6a6044f591d3',230000,0,4,1428,NULL,196,''),(1757,'','2017-11-19 21:57:08','Talking Bird','773e644f-46b7-312a-966f-59bb447eb86c',203000,0,5,1428,NULL,196,''),(1758,'','2017-11-19 21:57:09','You Can Do Better Than Me','5c3b0fa3-e52f-3dfd-90ee-a4e6964f7417',119000,0,6,1428,NULL,196,''),(1759,'','2017-11-19 21:57:13','Grapevine Fires','ab4356f9-d372-3050-9043-c7974bf914b5',247000,0,7,1428,NULL,196,''),(1760,'','2017-11-19 21:57:14','Your New Twin Sized Bed','ede6e0ca-3b0e-3b16-b8a1-d6139c95f205',186000,0,8,1428,NULL,196,''),(1761,'','2017-11-19 21:57:14','Long Division','592e8b89-1215-3ce4-8b65-5e84f9943082',230000,0,9,1428,NULL,196,''),(1762,'','2017-11-19 21:57:15','Pity and Fear','ed3f9a60-d3e8-35bd-ab5e-4aee088f3c8a',261000,0,10,1428,NULL,196,''),(1763,'','2017-11-19 21:57:16','The Ice Is Getting Thinner','b56d7d15-4777-3bf1-bc26-f22be0d0d0a8',225000,0,11,1428,NULL,196,''),(1764,'','2017-11-19 21:57:17','I Will Possess Your Heart (radio edit)','f0108414-6fcc-376c-8a54-79ec5cfc3362',248000,0,12,1428,NULL,196,''),(1765,'','2017-11-19 21:57:18','Album Credits [As Read by Mike West]','7014cc5a-4159-33d3-b54a-e3c2a1c838e2',172000,0,13,1428,NULL,196,''),(1766,'','2017-11-19 21:57:18','L.E.S. Artistes','6fbb7192-d914-3086-ae05-bafa9096c4af',223000,0,1,NULL,NULL,197,''),(1767,'','2017-11-19 21:57:31','Make It Mine','e1cd6805-6f56-442e-b85a-ab6b375f5659',187773,0,1,1429,NULL,198,''),(1768,'','2017-11-19 21:57:32','I’m Yours','96dd87f6-2022-402c-90f9-d155de44d087',242040,0,2,1429,NULL,198,''),(1769,'','2017-11-19 21:57:33','Lucky','9ba64d52-f579-41e6-972a-c825566bb631',191360,0,3,1429,NULL,198,''),(1770,'','2017-11-19 21:57:34','Butterfly','d7aadd9e-2ca0-44b2-9a82-a82c7c81e43e',299067,0,4,1429,NULL,198,''),(1771,'','2017-11-19 21:57:35','Live High','28ec6a61-d728-41ca-a69e-fc9bc5e875f8',254533,0,5,1429,NULL,198,''),(1772,'','2017-11-19 21:57:36','Love for a Child','6813502c-a4cf-4bfd-acb2-115d653c11ad',244293,0,6,1429,NULL,198,''),(1773,'','2017-11-19 21:57:37','Details In the Fabric','bfd43a27-c87f-46a8-b284-96dfe472fe4e',345707,0,7,1429,NULL,198,''),(1774,'','2017-11-19 21:57:38','Coyotes','98d973cb-350d-4710-a71e-fca0d148b39d',218227,0,8,1429,NULL,198,''),(1775,'','2017-11-19 21:57:39','Only Human','bb0be3e9-afa9-4723-b43a-f53c0842f489',242693,0,9,1429,NULL,198,''),(1776,'','2017-11-19 21:57:40','The Dynamo of Volition','0cede83b-49e9-4df8-be39-4b784bc0dea9',216613,0,10,1429,NULL,198,''),(1777,'','2017-11-19 21:57:41','If It Kills Me','9ffbfd48-95b6-4485-bdee-6c76ed133cc6',273653,0,11,1429,NULL,198,''),(1778,'','2017-11-19 21:57:42','A Beautiful Mess','a34c5b2d-31fa-4010-8b55-e39feb5445ec',337973,0,12,1429,NULL,198,''),(1779,'','2017-11-19 21:57:46','I’m Yours (from the Casa Nova sessions)','473a43d7-27b6-425c-a525-0f767775a83f',287093,0,13,1429,NULL,198,''),(1780,'','2017-11-19 21:57:47','A Beautiful Mess (from a Raining Jane session)','45af9f8d-e7f2-41f2-b3de-340808f54169',317133,0,14,1429,NULL,198,''),(1781,'','2017-11-19 21:57:47','Live High (from an Avocado Salad session)','3ae7c944-71bf-41e0-93c3-f5376ef10695',241813,0,15,1429,NULL,198,''),(1782,'','2017-11-19 21:57:48','If It Kills Me (from the Casa Nova sessions)','64eaac43-a776-4f53-985a-5818c90844f0',300653,0,16,1429,NULL,198,''),(1783,'','2017-11-19 21:57:49','Make It Mine (from the Casa Nova sessions)','be582cf4-e802-45c9-9c34-d622eae4a9f6',203293,0,17,1429,NULL,198,''),(1784,'','2017-11-19 21:57:49','Butterfly (from the Casa Nova sessions)','94a899ac-d7e2-49bf-ac32-b9660b56f895',310653,0,18,1429,NULL,198,''),(1785,'','2017-11-19 21:57:50','Only Human (from the Casa Nova sessions)','019c9d74-b02f-4477-9d14-41447b08f241',287000,0,19,1429,NULL,198,''),(1786,'','2017-11-19 21:57:51','The Dynamo of Volition (from an All Night session)','08cef1dc-384a-4aa2-bdc0-05b337c97c4a',263000,0,20,1429,NULL,198,''),(1787,'','2017-11-19 21:57:52','Love for a Child (from the Casa Nova sessions)','737ff822-83d1-47e9-951f-085b671c4976',233627,0,21,1429,NULL,198,''),(1788,'','2017-11-19 21:57:53','Coyotes (from For a Girl in New York sessions)','3da751f1-4739-4924-b957-c9b6e390e28a',259987,0,22,1429,NULL,198,''),(1789,'','2017-11-19 21:57:54','Man Gave Names to All the Animals (from the Gospel Collection sessions)','5dfc4421-ea88-48fb-8d00-2b92bc208b2d',258160,0,23,1429,NULL,198,''),(1790,'','2017-11-19 21:57:55','Mudhouse / Gypsy MC (live from Amsterdam)','d0431032-05fd-4ff7-a34d-0583cad75b45',419853,0,24,1429,NULL,198,''),(1791,'','2017-11-19 21:57:55','Make It Mine','25e189ea-49b6-4aad-abb9-f1e28d082c51',210213,0,25,1429,NULL,198,''),(1792,'','2017-11-19 21:58:03','Life Is Wonderful (live from Amsterdam)','b733659f-f7c8-449c-abd8-32bdab1f3101',275331,0,26,1429,NULL,198,''),(1793,'','2017-11-19 21:58:06','Show Me What I\'m Looking For','7a09ff0e-4453-4d3b-9db3-565c6c13a8dd',241000,0,1,1430,NULL,199,''),(1794,'','2017-11-19 21:58:07','Open the Door','a3ab47c2-0a5a-4702-a701-d7ff7986cd21',266000,0,2,1430,NULL,199,''),(1795,'','2017-11-19 21:58:09','Get Smashed Gate Crash','79e765b0-2d07-39c0-bbe2-0814104475a1',199146,0,1,1431,NULL,200,''),(1796,'','2017-11-19 21:58:10','That Boy That Girl','28ad27ba-ab44-3775-9a3f-94417b3eb5be',211986,0,2,1431,NULL,200,''),(1797,'','2017-11-19 21:58:11','Game Over','1de26dd0-f39d-318c-bf2a-887e84cd341f',215160,0,3,1431,NULL,200,''),(1798,'','2017-11-19 21:58:12','Declaration of War','ed23b3af-06de-3378-901e-8ede1e0206f9',190933,0,4,1431,NULL,200,''),(1799,'','2017-11-19 21:58:13','Mr Misfortune','54644245-0c9a-3c9b-a6c7-d132adc95a74',196786,0,5,1431,NULL,200,''),(1800,'','2017-11-19 21:58:13','Crank It Up','6b0b964d-763f-3613-a23d-64eaf91faeee',180320,0,6,1431,NULL,200,''),(1801,'','2017-11-19 21:58:15','What She Did','29c864da-f467-3d7a-8f20-02c9d7b3923f',197893,0,7,1431,NULL,200,''),(1802,'','2017-11-19 21:58:15','Driving Nowhere','7fdaff13-0888-34e5-b660-e1991bdcb4f2',227586,0,8,1431,NULL,200,''),(1803,'','2017-11-19 21:58:17','Liquid Lives','fae7dcf1-439b-36da-a632-29891ceeddb9',169080,0,9,1431,NULL,200,''),(1804,'','2017-11-19 21:58:18','Spend Your Life','bd4016a0-8c51-3209-a308-0e5433ea5af7',192560,0,10,1431,NULL,200,''),(1805,'','2017-11-19 21:58:18','Wait for You','aa3103cc-1fd4-356c-92a2-150d5b407582',239813,0,11,1431,NULL,200,''),(1806,'','2017-11-19 21:58:22','So Long','97bc3f44-b0c0-3a91-9543-07453475d85e',329560,0,1,1432,NULL,201,''),(1807,'','2017-11-19 21:58:26','Just Remember I Love You','ca1b08e6-d5f5-327a-b2ee-a35c7e99b54c',198440,0,2,1432,NULL,201,''),(1808,'','2017-11-19 21:58:30','Sold on You','f17276b8-8b93-366e-8def-8c63853a1374',205453,0,3,1432,NULL,201,''),(1809,'','2017-11-19 21:58:31','Someday Soon','42ba8dc8-9f1f-3760-b7f3-f817ce699d85',246306,0,4,1432,NULL,201,''),(1810,'','2017-11-19 21:58:32','Just Think','daf16b5c-da69-3e15-8bc9-fadb00741c66',250733,0,5,1432,NULL,201,''),(1811,'','2017-11-19 21:58:33','Getaway','2b22c772-af82-3ab7-8763-ddb365d29711',224666,0,6,1432,NULL,201,''),(1812,'','2017-11-19 21:58:34','Only a Fool','c21c559f-0d19-3146-a782-f6c22771c0cb',263666,0,7,1432,NULL,201,''),(1813,'','2017-11-19 21:58:34','Head on Home','53e5aeb0-5064-30d5-8053-13851abc5966',242573,0,8,1432,NULL,201,''),(1814,'','2017-11-19 21:58:35','Piece of Paper','234df833-7e26-31d3-a5ad-c3a2f0fc7374',245586,0,9,1432,NULL,201,''),(1815,'','2017-11-19 21:58:36','Even Steven','2320b53b-4dcb-3e90-b03f-92f2614dd569',260014,0,10,1432,NULL,201,''),(1816,'','2017-11-19 21:58:37','How Can I Find Some Way to Tell You','a9588ed7-2c75-30f7-8bae-5d78504188a7',334293,0,1,NULL,NULL,202,''),(1817,'','2017-11-19 21:58:38','Love Is Too Much to Touch','473841a9-2bcd-31cb-aacb-41c4007e5b83',178466,0,2,NULL,NULL,202,''),(1818,'','2017-11-19 21:58:39','How Can You Live Like That','f371519e-689d-317f-bd8e-a4618214cd45',332773,0,3,NULL,NULL,202,''),(1819,'','2017-11-19 21:58:40','Get Down With It','faf327c8-b981-35e8-b410-b08502749bfa',226493,0,4,NULL,NULL,202,''),(1820,'','2017-11-19 21:58:40','I\'d Love to Take You Home','390fafb0-211f-381c-8fa7-67b855609920',220200,0,5,NULL,NULL,202,''),(1821,'','2017-11-19 21:58:41','Come Dance With Me','fcfa7489-4921-3573-8e12-3e9b47963767',263440,0,6,NULL,NULL,202,''),(1822,'','2017-11-19 21:58:43','Bird of Stone','867c0328-9fe3-3b7b-a3e2-6dbb69da9610',172200,0,7,NULL,NULL,202,''),(1823,'','2017-11-19 21:58:44','Ambidextrous','ea77d961-b2a9-3f3d-bd61-d5c75e135de0',224133,0,8,NULL,NULL,202,''),(1824,'','2017-11-19 21:58:45','Nothing Else to Do','023b639a-17fd-379f-90a3-c14566d95909',558000,0,9,NULL,NULL,202,''),(1825,'','2017-11-19 21:58:48','Bacchanal','aa0d2e57-78ba-437f-a7fd-4dff1cbb0008',343906,0,1,1433,NULL,203,''),(1826,'','2017-11-19 21:58:50','The Afro-Americans','5a96d62f-8123-4ac9-9e51-1375d66ca719',446866,0,2,1433,NULL,203,''),(1827,'','2017-11-19 21:58:55','There’s Nothing Smart About Being Stupid','66c30110-a99d-4413-bfd8-bdcb329164a8',410680,0,3,1433,NULL,203,''),(1828,'','2017-11-19 21:58:56','Not All Dreams Are Real','b937580e-8e6f-44f2-912d-642d058edd45',355813,0,4,1433,NULL,203,''),(1829,'','2017-11-19 21:58:56','Never Again Is Such a Long Time','19aa2afd-8713-4977-9cd1-807600197c05',376466,0,5,1433,NULL,203,''),(1830,'','2017-11-19 21:58:58','Serengeti Minstrel','a02c6c65-0b28-48b3-aadd-78fa988bfb2a',563266,0,6,1433,NULL,203,''),(1831,'','2017-11-19 21:59:01','Mr. Flute','07a18e8d-c533-41b1-be1f-466c5bcd9640',196000,0,1,1434,NULL,204,''),(1832,'','2017-11-19 21:59:02','Dobie','87506be6-5aff-4df4-9dc8-ed38a960b85f',243000,0,2,1434,NULL,204,''),(1833,'','2017-11-19 21:59:02','Good Times in Life','9822a98f-0b31-424c-9f84-49533cf18ba5',256000,0,3,1434,NULL,204,''),(1834,'','2017-11-19 21:59:03','Sweet Thing','7dbc6cdc-cc72-453e-8b59-b933afedfeba',254000,0,4,1434,NULL,204,''),(1835,'','2017-11-19 21:59:04','Come and Get Some of This','db6bf3b0-5612-41e1-9cb0-e048087b305c',300000,0,5,1434,NULL,204,''),(1836,'','2017-11-19 21:59:06','Smile','4e4bb4d4-bd14-4e8c-927b-be3fe6c0274a',383000,0,6,1434,NULL,204,''),(1837,'','2017-11-19 21:59:06','Melon Grove','81ab5639-5230-4db8-8038-405d7e5ea8ea',383000,0,7,1434,NULL,204,''),(1838,'','2017-11-19 21:59:08','Ma Baker','7ee59c4c-e310-3aca-9f65-345ae43634db',275000,0,1,NULL,NULL,205,''),(1839,'','2017-11-19 21:59:09','Love for Sale','30505abd-07a3-379f-9710-3d372a02dc86',290000,0,2,NULL,NULL,205,''),(1840,'','2017-11-19 21:59:10','Belfast','6a053e18-1665-36fd-a553-980e38b8eb08',209000,0,3,NULL,NULL,205,''),(1841,'','2017-11-19 21:59:11','Gloria, Can You Waddle','bf1ab642-3d54-3fa1-baa8-8e73273d269c',240000,0,4,NULL,NULL,205,''),(1842,'','2017-11-19 21:59:12','A Woman Can Change a Man','6efb76a8-c85a-30bc-bcf1-6bc6ff5956ad',214000,0,5,NULL,NULL,205,''),(1843,'','2017-11-19 21:59:12','Sunny','19e13a4c-f1e9-3768-8769-c197cf6bc161',240000,0,6,NULL,NULL,205,''),(1844,'','2017-11-19 21:59:14','Daddy Cool','51635915-23cd-3ca8-9605-0b899400a969',207000,0,7,NULL,NULL,205,''),(1845,'','2017-11-19 21:59:14','Plantation Boy','eca53c8e-1aa5-302d-80fd-f5d12d563631',266000,0,8,NULL,NULL,205,''),(1846,'','2017-11-19 21:59:15','Motherless Child','ecf97dcf-8d08-3717-9c3b-09fb129613b9',274000,0,9,NULL,NULL,205,''),(1847,'','2017-11-19 21:59:16','Silent Lover','2734b4ee-0855-3734-844f-37792cf4cc4d',251000,0,10,NULL,NULL,205,''),(1848,'','2017-11-19 21:59:17','Still I\'m Sad','4ef50652-56fe-36cf-858c-a194af13fc0e',281000,0,11,NULL,NULL,205,''),(1849,'','2017-11-19 21:59:20','Mahakali','726b4434-dcac-4472-acc3-6833eed2cded',592000,0,1,1435,NULL,206,''),(1850,'','2017-11-19 21:59:21','Universal Mother','c235a013-dc08-4f1d-bcef-14c42ec4c644',402000,0,2,1435,NULL,206,''),(1851,'','2017-11-19 21:59:22','Karmapa Chenno','6fa54795-b4ac-4dd7-8418-aeee34273a18',435000,0,3,1435,NULL,206,''),(1852,'','2017-11-19 21:59:25','California','a36608b3-43fb-4027-8e1a-e6a07eac9bea',172000,0,4,1435,NULL,206,''),(1853,'','2017-11-19 21:59:26','Buddha\'s Blues','a7aa0788-5f48-4996-8240-0a5be6ab0295',219000,0,5,1435,NULL,206,''),(1854,'','2017-11-19 21:59:27','Eagle Eyes','7ad36be4-152f-4c11-9f22-e0670447fb1f',56000,0,6,1435,NULL,206,''),(1855,'','2017-11-19 21:59:28','Surrender Rose','f491b327-76a6-43d9-bba7-37449aff3cea',212000,0,7,1435,NULL,206,''),(1856,'','2017-11-19 21:59:29','Journey To Milarepa','a22b6fed-b217-4429-8cea-75f7ce7f15b3',617000,0,8,1435,NULL,206,''),(1857,'','2017-11-19 21:59:30','Shanti','4ef1f0e8-ef1a-4656-a88d-c291cd9f8d76',0,0,9,1435,NULL,206,''),(1858,'','2017-11-19 21:59:31','The Ending Movement-Liberation','53cb8bfa-dfb0-41ed-a4f5-969ced030674',0,0,10,1435,NULL,206,''),(1859,'','2017-11-19 21:59:35','Get It Up for Love','1601e52b-51a9-3a16-918f-f76e43d2f7cb',273000,0,1,1436,NULL,207,''),(1860,'','2017-11-19 21:59:36','Fool for You Anyway','1dba1e9c-b961-32cc-a4b3-41223f92587d',338000,0,2,1436,NULL,207,''),(1861,'','2017-11-19 21:59:37','A Star in the Ghetto','021d4533-cd27-3a05-b258-bd1be60ea2e8',421000,0,3,1436,NULL,207,''),(1862,'','2017-11-19 21:59:38','The Message','c48ab471-b7c9-36de-86bf-105b9e8ba598',317000,0,4,1436,NULL,207,''),(1863,'','2017-11-19 21:59:39','What Is Soul?','56271be4-3692-3197-91fe-7b5e3229e4cd',274000,0,5,1436,NULL,207,''),(1864,'','2017-11-19 21:59:39','Someday We\'ll All Be Free','10502ac0-262b-3ba3-95e3-36c91a14504b',313000,0,6,1436,NULL,207,''),(1865,'','2017-11-19 21:59:40','Imagine','8c3c7f0a-3f2b-39f5-86af-51f42ac20a83',296000,0,7,1436,NULL,207,''),(1866,'','2017-11-19 21:59:41','Keepin\' It to Myself','0e1907b9-6a1f-3514-af35-5358d2aecf1e',270000,0,8,1436,NULL,207,''),(1867,'','2017-11-19 21:59:45','Love Eyes','35e478b8-3637-3512-b172-fc8052b130ff',308000,0,1,1437,NULL,208,''),(1868,'','2017-11-19 21:59:46','You Can\'t Hide Love','6ce89fe8-f3b9-3066-b8c8-93eaaf2b4809',242000,0,2,1437,NULL,208,''),(1869,'','2017-11-19 21:59:47','Free','aae0b41b-8fdf-3d44-9179-59d91599e3ac',331000,0,3,1437,NULL,208,''),(1870,'','2017-11-19 21:59:48','Devotion','2bf367df-273d-3e5b-9873-906d9a618b14',244000,0,4,1437,NULL,208,''),(1871,'','2017-11-19 21:59:49','Glass Dreams','c12ddf69-da92-345c-b93e-a3251d13f040',335000,0,5,1437,NULL,208,''),(1872,'','2017-11-19 21:59:49','Pyramids','e83bcb28-1f94-3ba4-a5fc-58a494fb4f9b',312000,0,6,1437,NULL,208,''),(1873,'','2017-11-19 21:59:50','Flute Magic','dcbf3aa1-63f3-39b1-ada7-7312e27305b7',302000,0,7,1437,NULL,208,''),(1874,'','2017-11-19 21:59:51','A Little Traveling Music - Please','00dca6af-7aee-31ca-8043-e4193bffa43f',129000,0,8,1437,NULL,208,''),(1875,'','2017-11-19 21:59:54','Up for the Down Stroke','e5c65d11-8122-3a4b-89ee-b9d6b22259c9',550000,0,1,1438,NULL,209,''),(1876,'','2017-11-19 21:59:55','A Blow for Me, A Toot to You','99753b3e-5464-3dd0-acc8-a91900325422',440000,0,2,1438,NULL,209,''),(1877,'','2017-11-19 21:59:57','When in Doubt: Vamp','3625b720-56ca-3edc-ab8c-e7b5354c55d7',261000,0,3,1438,NULL,209,''),(1878,'','2017-11-19 21:59:58','Between Two Sheets','c5a238cf-781b-3078-88a4-9e8184862ee3',410000,0,4,1438,NULL,209,''),(1879,'','2017-11-19 21:59:59','Four Play','d791b6a4-5ff8-392a-a6bc-cf64406f9b62',483000,0,5,1438,NULL,209,''),(1880,'','2017-11-19 22:00:00','Peace Fugue','ce60fea1-13a9-30e3-95ec-25cf47ba6956',360000,0,6,1438,NULL,209,''),(1881,'','2017-11-19 22:00:01','Better Git Hit in Your Soul','a9c8ae1b-f366-3fda-b455-187e99e047c0',279200,0,1,NULL,NULL,210,''),(1882,'','2017-11-19 22:00:02','Goodbye, Pork Pie Hat','36db6a38-0af0-38cc-8a8a-3c5bd994dcab',433400,0,2,NULL,NULL,210,''),(1883,'','2017-11-19 22:00:04','Noddin\' Ya Head Blues','f75a0838-482e-38f8-ad22-ba4a4710a6a5',635000,0,3,NULL,NULL,210,''),(1884,'','2017-11-19 22:00:04','Three or Four Shades of Blues','e3eefa1c-e929-3379-84a6-33fdaa6cd191',732240,0,4,NULL,NULL,210,''),(1885,'','2017-11-19 22:00:06','Nobody Knows','12fabfd6-b340-324d-b5dd-58dd4381ae7e',609800,0,5,NULL,NULL,210,''),(1886,'','2017-11-19 22:00:12','Il gigante e il mago','4759cfda-36c6-3316-b908-e2c3177781fd',523000,0,1,NULL,NULL,211,''),(1887,'','2017-11-19 22:00:12','In clandestinità','532cddf8-6305-332b-a2b8-a3024283bec2',283000,0,2,NULL,NULL,211,''),(1888,'','2017-11-19 22:00:13','Una giornata perfetta','2c8420c5-20c1-33b1-a312-4b621c25a752',355000,0,3,NULL,NULL,211,''),(1889,'','2017-11-19 22:00:14','Il paradiso dei calzini','adf5e278-5c2c-3c7b-b61a-4adb34c41245',212000,0,4,NULL,NULL,211,''),(1890,'','2017-11-19 22:00:15','Orfani ora','e70b2f1b-ba2d-3a77-87a7-5acba3a59bb5',244000,0,5,NULL,NULL,211,''),(1891,'','2017-11-19 22:00:16','Dall\'altra parte della sera','1bdb4c3f-3442-3e5d-ae04-c2c6b0d06538',296000,0,6,NULL,NULL,211,''),(1892,'','2017-11-19 22:00:17','La faccia della Terra','c469b6b7-69ac-3b39-a7ed-3b4a2994fc99',340000,0,7,NULL,NULL,211,''),(1893,'','2017-11-19 22:00:17','Non c\'è disaccordo nel cielo','55afc6a7-409d-3946-aa81-585e41cda1a3',224000,0,8,NULL,NULL,211,''),(1894,'','2017-11-19 22:00:17','Bardamù','ff9787ec-d283-30e6-af98-e7768f0fdffa',373000,0,9,NULL,NULL,211,''),(1895,'','2017-11-19 22:00:18','Gymnastika','70c11191-a0db-3e13-b8c6-ce3e753f6b3e',141000,0,10,NULL,NULL,211,''),(1896,'','2017-11-19 22:00:19','I pagliacci','f969683b-a87f-30f1-9cd9-d43e88dee9c5',283000,0,11,NULL,NULL,211,''),(1897,'','2017-11-19 22:00:20','Canzone a manovella','e47bb410-6914-3383-a736-d6f8bc2736fd',256000,0,12,NULL,NULL,211,''),(1898,'','2017-11-19 22:00:21','All\'una e trentacinque circa','8bfee452-366e-39c2-9a48-5eaf43000c50',482000,0,13,NULL,NULL,211,''),(1899,'','2017-11-19 22:00:22','Sante Nicola','ea957487-c08f-3025-91f5-af8c15486cfa',281000,0,14,NULL,NULL,211,''),(1900,'','2017-11-19 22:00:23','Il gigante e il mago (reprise)','fe4e2467-da23-3dca-81f8-5fcf5f0b0d31',185000,0,15,NULL,NULL,211,''),(1901,'','2017-11-19 22:00:31','Ride on the Rhythm','3c663969-696d-3fd4-afa8-672e6c2cccab',244000,0,1,1439,NULL,212,''),(1902,'','2017-11-19 22:00:32','When the Night Is Over','9ece03fb-4c5f-385a-bd2b-2960b30a48e9',341000,0,2,1439,NULL,212,''),(1903,'','2017-11-19 22:00:33','Walk Away','c363e221-7909-31c5-a70a-52e79ae425f8',284000,0,3,1439,NULL,212,''),(1904,'','2017-11-19 22:00:34','If I Had the Opportunity','f0e66b48-da42-39b7-841e-eb97868f163f',274000,0,4,1439,NULL,212,''),(1905,'','2017-11-19 22:00:40','Let Me Love You','c984f1dd-dbc3-3b9c-934b-34e4e2fee839',297000,0,5,1439,NULL,212,''),(1906,'','2017-11-19 22:00:41','It\'s Alright','e06b83d7-348d-3049-9d46-9618cf7c0e0c',245000,0,6,1439,NULL,212,''),(1907,'','2017-11-19 22:00:42','Name of the Game','2be82363-c2bb-394a-b47f-c2e8d95fd018',364000,0,7,1439,NULL,212,''),(1908,'','2017-11-19 22:00:43','Living in a Strange World','8539b3c8-7fef-3cc2-a4d7-486307859f38',335000,0,8,1439,NULL,212,''),(1909,'','2017-11-19 22:00:44','Time','0398c1bc-4ac5-33da-9d60-68eb08ef1847',343000,0,9,1439,NULL,212,''),(1910,'','2017-11-19 22:00:45','The Masters at Work','6b899f28-d315-3ae0-86c8-0c883549683d',265000,0,10,1439,NULL,212,''),(1911,'','2017-11-19 22:00:46','Ride','de49ab3d-f579-3d61-aa27-0aa6eac680d5',400000,0,11,1439,NULL,212,''),(1912,'','2017-11-19 22:00:48','Darkness','dad0a208-36f5-3c47-aae9-e41e2231950f',174426,0,1,NULL,NULL,213,''),(1913,'','2017-11-19 22:00:48','Junebug','b52cbd0e-0fe9-35e8-ade8-76ac37712b83',238106,0,2,NULL,NULL,213,''),(1914,'','2017-11-19 22:00:49','Nightfall','85aba7d5-aa78-31f6-b253-107642a8ac27',205133,0,3,NULL,NULL,213,''),(1915,'','2017-11-19 22:00:52','Climb a Mountain','daec7e06-7d61-31e4-ac47-d6a74cc9edf5',224360,0,4,NULL,NULL,213,''),(1916,'','2017-11-19 22:00:53','I Like the Air','adadc000-2906-3df5-8656-3a928155a991',201240,0,5,NULL,NULL,213,''),(1917,'','2017-11-19 22:00:54','Keep on Running','94b4bfa5-8b25-302e-ac12-cd6db85f1955',223333,0,6,NULL,NULL,213,''),(1918,'','2017-11-19 22:00:55','Mescaline','ad168805-6c45-3c66-9ad8-9103c90def8c',246426,0,7,NULL,NULL,213,''),(1919,'','2017-11-19 22:00:56','Where You Came From','1f4a5237-8abb-30c3-ac7c-cd99cf2a3965',173800,0,8,NULL,NULL,213,''),(1920,'','2017-11-19 22:00:56','One by One','09456e5c-5daf-3679-9872-5df586bf96b6',317706,0,9,NULL,NULL,213,''),(1921,'','2017-11-19 22:00:57','Hallways','6fbf51b1-1b7b-342e-ba03-c6f1de7e52b5',170133,0,10,NULL,NULL,213,''),(1922,'','2017-11-19 22:00:58','Playground','4c7288bc-49e7-3b00-a7e8-8eac81edea28',224693,0,11,NULL,NULL,213,''),(1923,'','2017-11-19 22:01:09','Do What I Can','6122369a-f0df-378c-8c5c-be83da72fca4',215400,0,12,NULL,NULL,213,''),(1924,'','2017-11-19 22:01:13','Intro','46bd2928-6afa-3122-b024-b2bba6bc7fa2',5533,0,1,1440,NULL,214,''),(1925,'','2017-11-19 22:01:14','Sunshine Song','d77dad86-6f3f-3920-aceb-f28269a9b97b',310493,0,2,1440,NULL,214,''),(1926,'','2017-11-19 22:01:15','Traveler/Make it Mine','264ea777-64c0-30cb-9a24-bb3207f44fa8',274506,0,3,1440,NULL,214,''),(1927,'','2017-11-19 22:01:19','Anything You Want','1a0f2d20-4366-3271-a2ad-1b396bf98061',264133,0,4,1440,NULL,214,''),(1928,'','2017-11-19 22:01:19','Coyotes','770a004e-9842-353a-95d9-58d5cc70fed3',250266,0,5,1440,NULL,214,''),(1929,'','2017-11-19 22:01:19','Live High','5122bdc2-79e2-3e0a-9d21-701bbe98efb2',288693,0,6,1440,NULL,214,''),(1930,'','2017-11-19 22:01:19','Only Human','16531f49-76c1-33f0-9aaf-71bc4aeaf901',290666,0,7,1440,NULL,214,''),(1931,'','2017-11-19 22:01:20','The Remedy','ab95426d-d650-30da-8d6b-492d72455e59',381640,0,8,1440,NULL,214,''),(1932,'','2017-11-19 22:01:20','The Dynamo of Volition','060c65ac-3bb3-369e-a4b4-1a36fc79eedf',387426,0,9,1440,NULL,214,''),(1933,'','2017-11-19 22:01:20','A Beautiful Mess','6ead13c9-df64-30f6-b1a1-8eb526cae83b',510106,0,10,1440,NULL,214,''),(1934,'','2017-11-19 22:01:20','I\'m Yours','466721dc-8f91-3d6f-9bce-bdd36e1682e4',312800,0,11,1440,NULL,214,''),(1935,'','2017-11-19 22:01:20','Lucky','10bc5271-0269-32f8-8a22-89ba073f5730',200826,0,12,1440,NULL,214,''),(1936,'','2017-11-19 22:01:21','Copchase','51018598-da5b-3f45-b880-52cd3d24e80f',296573,0,13,1440,NULL,214,''),(1937,'','2017-11-19 22:01:22','All Night Long','7e7b00bc-abbe-32a2-b53c-82a93b87e1a8',298200,0,14,1440,NULL,214,''),(1938,'','2017-11-19 22:01:22','Butterfly','b00f4845-d3a4-3504-9282-84daf98aec82',370826,0,15,1440,NULL,214,''),(1939,'','2017-11-19 22:01:26','The Boy\'s Gone','6ab74cb5-0357-3265-afa8-5e37b2d1efff',279066,0,16,1440,NULL,214,''),(1940,'','2017-11-19 22:01:29','Night Enchanted','e79cf3b7-e5a0-313f-83a7-f75385a69968',346000,0,1,1441,NULL,215,''),(1941,'','2017-11-19 22:01:30','Childhood Dreams','926fc6f1-f248-3f57-8977-0340ab79a9ab',265000,0,2,1441,NULL,215,''),(1942,'','2017-11-19 22:01:31','Sparks','a62d822b-87d4-332a-8fc9-abb5665aef4a',359000,0,3,1441,NULL,215,''),(1943,'','2017-11-19 22:01:32','The Mountain','ae3e371c-6fb0-3c40-b659-e151a2517f44',293000,0,4,1441,NULL,215,''),(1944,'','2017-11-19 22:01:36','Night Castle','c2a828f6-5a94-3f84-8501-ca9afa640e7a',237000,0,5,1441,NULL,215,''),(1945,'','2017-11-19 22:01:38','The Safest Way Into Tomorrow','a6ea652c-e18d-3e63-bd94-abb64ef9b424',297000,0,6,1441,NULL,215,''),(1946,'','2017-11-19 22:01:39','Mozart and Memories','5efb3399-fb22-360f-9ea8-cecbe877932d',316000,0,7,1441,NULL,215,''),(1947,'','2017-11-19 22:01:40','Another Way You Can Die','9a642590-3c35-3408-b231-08187063b408',234000,0,8,1441,NULL,215,''),(1948,'','2017-11-19 22:01:41','Toccata: Carpimus Noctem','8b9e6f83-71c5-3654-bee8-c09a5265e899',242000,0,9,1441,NULL,215,''),(1949,'','2017-11-19 22:01:42','The Lion’s Roar','d2922016-9457-3186-a484-e74d8b14c452',275000,0,10,1441,NULL,215,''),(1950,'','2017-11-19 22:01:43','Dreams We Conceive','df1fd7f8-a6b0-31ca-a498-b5df3fec60d5',310000,0,11,1441,NULL,215,''),(1951,'','2017-11-19 22:01:44','Mother and Son','f4b1587a-cf1a-3ba1-bd1d-ff1174a47f44',40000,0,12,1441,NULL,215,''),(1952,'','2017-11-19 22:01:45','There Was a Life','7cccb63e-4529-36a8-a74c-66b9d35ddd19',575000,0,13,1441,NULL,215,''),(1953,'','2017-11-19 22:01:47','Diddley Bo','32f81b1f-d2c5-3e81-a6be-ac655866a0ff',231466,0,1,NULL,NULL,216,''),(1954,'','2017-11-19 22:01:48','Big Green and Yeller','07282004-2d94-3546-8ae3-4ce06854f245',255533,0,2,NULL,NULL,216,''),(1955,'','2017-11-19 22:01:53','Happy (To Have a Job)','63ea64f3-4563-3e0c-8290-f3ffc755fbc9',186746,0,3,NULL,NULL,216,''),(1956,'','2017-11-19 22:01:54','The Banjo Song','7cc34146-697a-3765-a26e-be8e996e9658',210733,0,4,NULL,NULL,216,''),(1957,'','2017-11-19 22:01:55','Man From Another Time','05cd9b34-cd0d-383d-9729-a60591cd8424',194813,0,5,NULL,NULL,216,''),(1958,'','2017-11-19 22:01:56','That\'s All','e144d546-bd07-3e5e-bc1b-ca61e5b9db87',279293,0,6,NULL,NULL,216,''),(1959,'','2017-11-19 22:01:56','Just Because I Can (CSX)','787c80a0-8ff8-3cfd-b620-19c3b2f53a1b',220320,0,7,NULL,NULL,216,''),(1960,'','2017-11-19 22:01:57','Never Go West','709d656d-32ea-3b8f-b1bd-db50918d7ec2',210546,0,8,NULL,NULL,216,''),(1961,'','2017-11-19 22:01:58','Dark','e1e6722e-3dfa-3e70-b436-6856733d23a5',235933,0,9,NULL,NULL,216,''),(1962,'','2017-11-19 22:01:59','Wenatchee','4c34c3a4-e969-3865-b0db-207934bc54c0',234586,0,10,NULL,NULL,216,''),(1963,'','2017-11-19 22:02:02','My Home (Blue Eyes)','13f4236c-3a2d-300a-9e00-cd3f2d8354b6',149080,0,11,NULL,NULL,216,''),(1964,'','2017-11-19 22:02:06','Seasick Boogie / I\'m So Lonesome I Could Cry','c71441ea-0410-38fd-812b-51812af2b4c2',630786,0,12,NULL,NULL,216,''),(1965,'','2017-11-19 22:02:07','California Zephyr','117dfbc1-e05f-3198-ac89-59d98bffcee8',143000,0,1,NULL,NULL,217,''),(1966,'','2017-11-19 22:02:08','Low Life Kingdom','86a23855-8476-3bf3-b134-ceb262a3f970',200000,0,2,NULL,NULL,217,''),(1967,'','2017-11-19 22:02:09','Williamine','edca5df3-5e97-3082-9172-50233176645e',239000,0,3,NULL,NULL,217,''),(1968,'','2017-11-19 22:02:10','All in One','eadf2a52-cc3d-3781-89b6-79ec387cfaa5',127000,0,4,NULL,NULL,217,''),(1969,'','2017-11-19 22:02:10','Breathe Our Iodine','442a1586-d370-35c7-a98c-fa174f8bf5de',177000,0,5,NULL,NULL,217,''),(1970,'','2017-11-19 22:02:11','These Roads Don\'t Move','61166dac-8875-3f21-a9e2-3cf7e9948a51',186000,0,6,NULL,NULL,217,''),(1971,'','2017-11-19 22:02:12','Big Sur','375e99d5-070c-3126-bda2-f0d30fa64744',204000,0,7,NULL,NULL,217,''),(1972,'','2017-11-19 22:02:13','One Fast Move or I\'m Gone','62d75867-c2bd-387b-9b29-280278edcf74',256000,0,8,NULL,NULL,217,''),(1973,'','2017-11-19 22:02:14','Final Horrors','34d6e1a1-97c8-3f30-b103-02514e9645d5',159000,0,9,NULL,NULL,217,''),(1974,'','2017-11-19 22:02:18','Sea Engines','253f1580-ead7-34d5-bb2d-811ffbf14ab4',209000,0,10,NULL,NULL,217,''),(1975,'','2017-11-19 22:02:19','The Void','e19e8946-2773-3d1b-9946-3450239a95d7',178000,0,11,NULL,NULL,217,''),(1976,'','2017-11-19 22:02:19','San Francisco','eb83a731-1204-3fe9-b359-5383f9a946c0',238000,0,12,NULL,NULL,217,''),(1977,'','2017-11-19 22:02:21','Jingle Bells','3d810724-e024-31fe-bcea-2e51930da3fd',208000,0,1,NULL,NULL,218,''),(1978,'','2017-11-19 22:02:22','Hark! The Herald Angels Sing','f2007085-9d80-3ad1-9af6-aacd1a824d02',290000,0,2,NULL,NULL,218,''),(1979,'','2017-11-19 22:02:23','O Come All Ye Faithful','82dd9b45-2afb-3277-8d65-efbaf3ed9019',192000,0,3,NULL,NULL,218,''),(1980,'','2017-11-19 22:02:24','Deck The Halls','7dc60364-2f2c-356b-9068-e47aa76ada03',202000,0,4,NULL,NULL,218,''),(1981,'','2017-11-19 22:02:24','O Holy Night','28ee1627-4eb3-3703-a973-b8498a12e949',261000,0,5,NULL,NULL,218,''),(1982,'','2017-11-19 22:02:25','O Christmas Tree (Album Version)','3d179176-61b8-3912-9c79-92daae704083',283000,0,6,NULL,NULL,218,''),(1983,'','2017-11-19 22:02:26','The First Noel (Album Version)','a20e4038-4e3c-3a7c-a309-58d0d2ab6bf0',236000,0,7,NULL,NULL,218,''),(1984,'','2017-11-19 22:02:30','Meet Me on the Equinox','c377109f-2acf-4ce9-be8f-ede516dd46b2',224133,0,1,1442,NULL,219,''),(1985,'','2017-11-19 22:02:32','Friends','314b77cf-e3e1-4b58-bcfc-840d08f9b94a',190200,0,2,1442,NULL,219,''),(1986,'','2017-11-19 22:02:33','Hearing Damage','53eed2f7-783d-4ef6-b9d4-f5cf1f91b314',305826,0,3,1442,NULL,219,''),(1987,'','2017-11-19 22:02:33','Possibility','062df3ce-c9d2-4081-90dd-d2740dee0c11',307000,0,4,1442,NULL,219,''),(1988,'','2017-11-19 22:02:34','A White Demon Love Song','0e3e7b2d-4f09-4da5-a29c-e7b3223414ed',214666,0,5,1442,NULL,219,''),(1989,'','2017-11-19 22:02:36','Satellite Heart','6900fcbd-53e5-4faf-853a-2d34c376fa1b',214506,0,6,1442,NULL,219,''),(1990,'','2017-11-19 22:02:36','I Belong to You (New Moon remix)','44df8900-4247-4c6f-b310-09ee1b1cd994',193333,0,7,1442,NULL,219,''),(1991,'','2017-11-19 22:02:37','Rosyln','4a3500bf-11f8-41c3-bb20-511b6873fd17',290160,0,8,1442,NULL,219,''),(1992,'','2017-11-19 22:02:38','Done All Wrong','d69b1a82-a1f6-4b32-b5ca-2e98ffd04846',170840,0,9,1442,NULL,219,''),(1993,'','2017-11-19 22:02:39','Monsters','e416dd54-a415-46a5-b1a4-ec3dbe13e314',197000,0,10,1442,NULL,219,''),(1994,'','2017-11-19 22:02:43','The Violet Hour','d02de13a-11cb-4aa3-a400-c757c43ab178',213493,0,11,1442,NULL,219,''),(1995,'','2017-11-19 22:02:44','Shooting the Moon','64b23b7c-d480-4242-8be7-3a0166e1f63f',199000,0,12,1442,NULL,219,''),(1996,'','2017-11-19 22:02:45','Slow Life','e2d084a6-488d-4b41-b762-b0394539f3c4',262173,0,13,1442,NULL,219,''),(1997,'','2017-11-19 22:02:46','No Sound but the Wind','88d0c394-a6b8-45b8-a552-c3803d5b62a4',229333,0,14,1442,NULL,219,''),(1998,'','2017-11-19 22:02:47','New Moon (The Meadow)','6d58f41c-211a-4124-b3a0-640dcfd2f1c7',249026,0,15,1442,NULL,219,'');
/*!40000 ALTER TABLE `song` ENABLE KEYS */;
UNLOCK TABLES;
/*!50003 SET @saved_cs_client      = @@character_set_client */ ;
/*!50003 SET @saved_cs_results     = @@character_set_results */ ;
/*!50003 SET @saved_col_connection = @@collation_connection */ ;
/*!50003 SET character_set_client  = utf8 */ ;
/*!50003 SET character_set_results = utf8 */ ;
/*!50003 SET collation_connection  = utf8_general_ci */ ;
/*!50003 SET @saved_sql_mode       = @@sql_mode */ ;
/*!50003 SET sql_mode              = 'STRICT_TRANS_TABLES,NO_AUTO_CREATE_USER,NO_ENGINE_SUBSTITUTION' */ ;
DELIMITER ;;
/*!50003 CREATE*/ /*!50017 DEFINER=`root`@`localhost`*/ /*!50003 TRIGGER update_album_when_song_inserted
AFTER INSERT ON song
FOR EACH ROW
BEGIN
    CALL update_album_length(NEW.album_id, 0, NEW.LENGTH);
    CALL update_album_song_count(NEW.album_id, 1);
END */;;
DELIMITER ;
/*!50003 SET sql_mode              = @saved_sql_mode */ ;
/*!50003 SET character_set_client  = @saved_cs_client */ ;
/*!50003 SET character_set_results = @saved_cs_results */ ;
/*!50003 SET collation_connection  = @saved_col_connection */ ;
/*!50003 SET @saved_cs_client      = @@character_set_client */ ;
/*!50003 SET @saved_cs_results     = @@character_set_results */ ;
/*!50003 SET @saved_col_connection = @@collation_connection */ ;
/*!50003 SET character_set_client  = utf8 */ ;
/*!50003 SET character_set_results = utf8 */ ;
/*!50003 SET collation_connection  = utf8_general_ci */ ;
/*!50003 SET @saved_sql_mode       = @@sql_mode */ ;
/*!50003 SET sql_mode              = 'STRICT_TRANS_TABLES,NO_AUTO_CREATE_USER,NO_ENGINE_SUBSTITUTION' */ ;
DELIMITER ;;
/*!50003 CREATE*/ /*!50017 DEFINER=`root`@`localhost`*/ /*!50003 TRIGGER update_album_when_song_updated
AFTER UPDATE ON song
FOR EACH ROW
    CALL update_album_length(NEW.album_id, OLD.LENGTH, NEW.LENGTH) */;;
DELIMITER ;
/*!50003 SET sql_mode              = @saved_sql_mode */ ;
/*!50003 SET character_set_client  = @saved_cs_client */ ;
/*!50003 SET character_set_results = @saved_cs_results */ ;
/*!50003 SET collation_connection  = @saved_col_connection */ ;
/*!50003 SET @saved_cs_client      = @@character_set_client */ ;
/*!50003 SET @saved_cs_results     = @@character_set_results */ ;
/*!50003 SET @saved_col_connection = @@collation_connection */ ;
/*!50003 SET character_set_client  = utf8 */ ;
/*!50003 SET character_set_results = utf8 */ ;
/*!50003 SET collation_connection  = utf8_general_ci */ ;
/*!50003 SET @saved_sql_mode       = @@sql_mode */ ;
/*!50003 SET sql_mode              = 'STRICT_TRANS_TABLES,NO_AUTO_CREATE_USER,NO_ENGINE_SUBSTITUTION' */ ;
DELIMITER ;;
/*!50003 CREATE*/ /*!50017 DEFINER=`root`@`localhost`*/ /*!50003 TRIGGER update_album_when_song_deleted
BEFORE DELETE ON song
FOR EACH ROW
BEGIN
    CALL update_album_length(OLD.album_id, OLD.LENGTH, 0);
    CALL update_album_song_count(OLD.album_id, -1);
END */;;
DELIMITER ;
/*!50003 SET sql_mode              = @saved_sql_mode */ ;
/*!50003 SET character_set_client  = @saved_cs_client */ ;
/*!50003 SET character_set_results = @saved_cs_results */ ;
/*!50003 SET collation_connection  = @saved_col_connection */ ;

--
-- Table structure for table `song_featured_artists`
--

DROP TABLE IF EXISTS `song_featured_artists`;
/*!40101 SET @saved_cs_client     = @@character_set_client */;
/*!40101 SET character_set_client = utf8 */;
CREATE TABLE `song_featured_artists` (
  `song_id` int(11) NOT NULL,
  `artist_id` int(11) NOT NULL,
  PRIMARY KEY (`song_id`,`artist_id`),
  KEY `artist_id` (`artist_id`),
  CONSTRAINT `FKbheih9peptu94q465lyk954pt` FOREIGN KEY (`song_id`) REFERENCES `song` (`id`),
  CONSTRAINT `song_featured_artists_ibfk_1` FOREIGN KEY (`artist_id`) REFERENCES `artist` (`id`)
) ENGINE=InnoDB DEFAULT CHARSET=utf8;
/*!40101 SET character_set_client = @saved_cs_client */;

--
-- Dumping data for table `song_featured_artists`
--

LOCK TABLES `song_featured_artists` WRITE;
/*!40000 ALTER TABLE `song_featured_artists` DISABLE KEYS */;
INSERT INTO `song_featured_artists` VALUES (80,9),(157,16),(223,21),(224,21),(299,28),(361,28),(341,31),(351,32),(382,35),(385,36),(385,37),(391,39),(395,41),(395,42),(396,43),(401,44),(404,45),(408,47),(435,56),(436,56),(437,56),(438,56),(439,56),(440,56),(441,56),(442,56),(443,56),(444,56),(445,56),(446,56),(447,56),(448,56),(449,56),(450,56),(451,56),(452,56),(453,56),(454,56),(485,62),(486,62),(487,62),(488,62),(489,62),(490,62),(491,62),(525,68),(525,69),(528,71),(528,72),(528,73),(541,76),(602,83),(666,91),(667,91),(668,91),(669,91),(670,91),(671,91),(672,91),(673,91),(774,101),(777,102),(795,105),(796,105),(797,105),(799,107),(800,107),(859,114),(889,119),(893,120),(894,121),(1196,148),(1208,152),(1209,153),(1210,154),(1211,155),(1213,156),(1213,157),(1214,158),(1216,159),(1219,160),(1220,161),(1220,162),(1222,163),(1222,164),(1223,165),(1225,166),(1226,167),(1234,170),(1236,170),(1498,173),(1411,178),(1276,179),(1277,180),(1279,181),(1280,182),(1282,183),(1409,194),(1415,195),(1415,196),(1462,201),(1463,201),(1464,201),(1465,201),(1466,201),(1467,201),(1468,201),(1469,201),(1470,201),(1471,201),(1472,203),(1473,203),(1474,203),(1475,203),(1476,203),(1477,203),(1478,203),(1479,203),(1528,207),(1649,220),(1769,232),(1935,232),(1773,233),(1861,243),(1862,243),(1875,245),(1876,245),(1877,245),(1878,245),(1879,245),(1880,245),(1901,249),(1902,249),(1903,249),(1904,249),(1905,249),(1906,249),(1907,249),(1908,249),(1909,249),(1910,249),(1911,249),(1904,250),(1905,250),(1910,250),(1910,251),(1965,256),(1966,256),(1967,256),(1968,256),(1969,256),(1970,256),(1971,256),(1972,256),(1973,256),(1974,256),(1975,256),(1976,256),(1991,258),(1996,259);
/*!40000 ALTER TABLE `song_featured_artists` ENABLE KEYS */;
UNLOCK TABLES;

--
-- Table structure for table `song_genres`
--

DROP TABLE IF EXISTS `song_genres`;
/*!40101 SET @saved_cs_client     = @@character_set_client */;
/*!40101 SET character_set_client = utf8 */;
CREATE TABLE `song_genres` (
  `song_id` int(11) NOT NULL,
  `genre_id` int(11) NOT NULL,
  PRIMARY KEY (`song_id`,`genre_id`),
  KEY `genre_id` (`genre_id`),
  CONSTRAINT `song_genres_ibfk_1` FOREIGN KEY (`song_id`) REFERENCES `song` (`id`),
  CONSTRAINT `song_genres_ibfk_2` FOREIGN KEY (`genre_id`) REFERENCES `genre` (`id`)
) ENGINE=InnoDB DEFAULT CHARSET=utf8;
/*!40101 SET character_set_client = @saved_cs_client */;

--
-- Dumping data for table `song_genres`
--

LOCK TABLES `song_genres` WRITE;
/*!40000 ALTER TABLE `song_genres` DISABLE KEYS */;
INSERT INTO `song_genres` VALUES (752,836),(756,836),(759,836),(761,836),(1207,838),(1208,838),(1209,838),(1210,838),(1211,838),(1212,838),(1213,838),(1214,838),(1215,838),(1216,838),(1217,838),(1218,838),(1219,838),(1220,838),(1221,838),(1222,838),(1223,838),(1224,838),(1225,838),(1226,838),(1299,838),(1302,838),(1303,838),(1304,838),(1305,838),(1308,838),(1669,838),(1670,838),(1671,838),(1672,838),(1684,838),(1685,838),(1686,838),(1687,838),(1689,838),(1700,838),(1701,838),(1743,838),(461,840),(462,840),(463,840),(464,840),(465,840),(466,840),(467,840),(468,840),(477,840),(617,840),(1327,840),(1328,840),(1331,840),(1497,840),(1608,840),(1609,840),(656,841),(1704,841),(1706,841),(80,845),(606,845),(607,845),(608,845),(609,845),(610,845),(611,845),(612,845),(613,845),(614,845),(615,845),(616,845),(617,845),(618,845),(619,845),(620,845),(621,845),(1407,845),(1413,845),(1554,845),(1570,845),(1572,845),(24,846),(27,846),(29,846),(35,846),(434,846),(478,846),(482,846),(647,846),(656,846),(859,846),(1262,846),(1843,846),(1844,846),(314,847),(336,847),(337,847),(338,847),(341,847),(353,847),(434,847),(527,847),(656,847),(674,847),(675,847),(676,847),(677,847),(678,847),(679,847),(684,847),(843,847),(911,847),(1207,847),(1208,847),(1209,847),(1210,847),(1212,847),(1213,847),(1214,847),(1216,847),(1217,847),(1218,847),(1219,847),(1221,847),(1222,847),(1223,847),(1224,847),(1225,847),(1226,847),(1437,847),(1438,847),(1439,847),(1440,847),(1441,847),(1442,847),(1443,847),(1444,847),(1636,847),(1205,848),(1657,848),(1659,848),(1660,848),(1661,848),(1662,848),(1663,848),(1667,848),(843,850),(1233,850),(1437,850),(1438,850),(1439,850),(1440,850),(1441,850),(1442,850),(1443,850),(1444,850),(1844,850),(314,851),(353,851),(524,851),(659,851),(774,851),(775,851),(776,851),(777,851),(1437,851),(1438,851),(1439,851),(1440,851),(1441,851),(1442,851),(1443,851),(1444,851),(1526,851),(1527,851),(1528,851),(1529,851),(1530,851),(1531,851),(1532,851),(1533,851),(1534,851),(1977,852),(1978,852),(1979,852),(1980,852),(1981,852),(1982,852),(1983,852),(470,853),(320,854),(476,854),(479,854),(482,854),(590,854),(593,854),(596,854),(656,855),(674,855),(675,855),(676,855),(677,855),(678,855),(679,855),(967,855),(968,855),(969,855),(970,855),(971,855),(972,855),(973,855),(974,855),(975,855),(976,855),(977,855),(978,855),(979,855),(980,855),(1577,855),(1578,855),(1580,855),(1581,855),(1582,855),(1583,855),(1584,855),(1585,855),(1586,855),(1587,855),(780,856),(781,856),(784,856),(789,856),(981,856),(982,856),(983,856),(984,856),(985,856),(986,856),(987,856),(988,856),(989,856),(990,856),(991,856),(992,856),(1075,856),(1076,856),(1077,856),(1078,856),(1079,856),(1080,856),(1081,856),(1082,856),(1083,856),(1084,856),(23,857),(1844,857),(1,858),(2,858),(3,858),(4,858),(5,858),(6,858),(7,858),(8,858),(9,858),(10,858),(11,858),(12,858),(13,858),(14,858),(15,858),(16,858),(17,858),(18,858),(19,858),(20,858),(21,858),(22,858),(25,858),(26,858),(28,858),(30,858),(31,858),(32,858),(33,858),(34,858),(36,858),(37,858),(38,858),(39,858),(40,858),(41,858),(42,858),(43,858),(44,858),(45,858),(46,858),(47,858),(48,858),(49,858),(50,858),(51,858),(52,858),(53,858),(54,858),(55,858),(56,858),(57,858),(58,858),(59,858),(60,858),(61,858),(62,858),(63,858),(64,858),(65,858),(66,858),(67,858),(68,858),(69,858),(70,858),(71,858),(72,858),(73,858),(74,858),(75,858),(76,858),(77,858),(78,858),(79,858),(83,858),(84,858),(87,858),(88,858),(89,858),(90,858),(91,858),(92,858),(93,858),(94,858),(95,858),(96,858),(97,858),(98,858),(99,858),(100,858),(101,858),(102,858),(103,858),(104,858),(105,858),(106,858),(107,858),(108,858),(109,858),(110,858),(111,858),(112,858),(113,858),(114,858),(115,858),(116,858),(117,858),(119,858),(126,858),(127,858),(128,858),(129,858),(130,858),(131,858),(132,858),(133,858),(134,858),(135,858),(136,858),(137,858),(138,858),(139,858),(140,858),(141,858),(142,858),(143,858),(144,858),(145,858),(146,858),(147,858),(148,858),(149,858),(150,858),(151,858),(152,858),(153,858),(154,858),(155,858),(156,858),(157,858),(158,858),(159,858),(170,858),(171,858),(172,858),(173,858),(174,858),(175,858),(176,858),(177,858),(178,858),(179,858),(180,858),(181,858),(182,858),(183,858),(184,858),(185,858),(186,858),(187,858),(188,858),(189,858),(190,858),(191,858),(192,858),(193,858),(194,858),(195,858),(196,858),(197,858),(198,858),(199,858),(200,858),(201,858),(202,858),(203,858),(204,858),(205,858),(206,858),(207,858),(208,858),(209,858),(210,858),(211,858),(212,858),(213,858),(214,858),(215,858),(216,858),(217,858),(218,858),(219,858),(220,858),(221,858),(222,858),(223,858),(224,858),(225,858),(226,858),(227,858),(228,858),(229,858),(230,858),(231,858),(232,858),(233,858),(234,858),(235,858),(236,858),(237,858),(238,858),(239,858),(240,858),(241,858),(242,858),(243,858),(244,858),(245,858),(246,858),(247,858),(248,858),(249,858),(250,858),(251,858),(252,858),(253,858),(254,858),(255,858),(256,858),(257,858),(258,858),(259,858),(260,858),(261,858),(262,858),(263,858),(264,858),(265,858),(266,858),(267,858),(268,858),(269,858),(270,858),(271,858),(272,858),(273,858),(274,858),(275,858),(276,858),(277,858),(278,858),(279,858),(280,858),(281,858),(282,858),(283,858),(284,858),(285,858),(286,858),(287,858),(288,858),(289,858),(290,858),(291,858),(292,858),(293,858),(294,858),(295,858),(296,858),(297,858),(298,858),(299,858),(300,858),(301,858),(302,858),(303,858),(304,858),(305,858),(306,858),(307,858),(308,858),(309,858),(310,858),(311,858),(312,858),(313,858),(315,858),(316,858),(317,858),(318,858),(319,858),(325,858),(326,858),(331,858),(332,858),(333,858),(334,858),(335,858),(352,858),(354,858),(355,858),(356,858),(357,858),(358,858),(360,858),(361,858),(362,858),(363,858),(364,858),(365,858),(366,858),(367,858),(368,858),(369,858),(370,858),(371,858),(372,858),(373,858),(374,858),(375,858),(376,858),(377,858),(378,858),(379,858),(380,858),(381,858),(382,858),(383,858),(384,858),(385,858),(386,858),(387,858),(388,858),(389,858),(390,858),(391,858),(392,858),(393,858),(394,858),(395,858),(396,858),(397,858),(398,858),(399,858),(400,858),(401,858),(402,858),(403,858),(404,858),(405,858),(406,858),(407,858),(408,858),(409,858),(410,858),(411,858),(412,858),(413,858),(414,858),(415,858),(416,858),(417,858),(418,858),(419,858),(420,858),(421,858),(422,858),(423,858),(424,858),(425,858),(426,858),(427,858),(428,858),(429,858),(430,858),(431,858),(432,858),(433,858),(435,858),(436,858),(437,858),(438,858),(439,858),(440,858),(441,858),(442,858),(443,858),(444,858),(445,858),(446,858),(447,858),(448,858),(449,858),(450,858),(451,858),(452,858),(453,858),(454,858),(460,858),(471,858),(472,858),(473,858),(474,858),(475,858),(485,858),(486,858),(487,858),(488,858),(489,858),(490,858),(491,858),(492,858),(493,858),(494,858),(495,858),(496,858),(497,858),(498,858),(499,858),(500,858),(501,858),(502,858),(503,858),(504,858),(505,858),(506,858),(507,858),(508,858),(509,858),(510,858),(511,858),(512,858),(513,858),(514,858),(515,858),(516,858),(517,858),(518,858),(519,858),(520,858),(521,858),(522,858),(523,858),(525,858),(526,858),(528,858),(529,858),(530,858),(531,858),(532,858),(533,858),(534,858),(535,858),(536,858),(537,858),(538,858),(539,858),(540,858),(542,858),(543,858),(544,858),(545,858),(546,858),(547,858),(548,858),(549,858),(550,858),(551,858),(552,858),(553,858),(554,858),(555,858),(556,858),(557,858),(558,858),(559,858),(560,858),(562,858),(563,858),(564,858),(565,858),(566,858),(567,858),(568,858),(569,858),(570,858),(571,858),(572,858),(573,858),(574,858),(576,858),(577,858),(578,858),(579,858),(580,858),(581,858),(582,858),(583,858),(584,858),(585,858),(586,858),(587,858),(588,858),(589,858),(598,858),(599,858),(600,858),(601,858),(602,858),(603,858),(604,858),(605,858),(622,858),(623,858),(624,858),(625,858),(626,858),(627,858),(628,858),(629,858),(630,858),(631,858),(632,858),(633,858),(648,858),(649,858),(650,858),(651,858),(652,858),(653,858),(654,858),(655,858),(657,858),(658,858),(661,858),(662,858),(663,858),(664,858),(665,858),(666,858),(667,858),(668,858),(669,858),(670,858),(671,858),(672,858),(673,858),(688,858),(689,858),(690,858),(691,858),(692,858),(693,858),(694,858),(695,858),(696,858),(697,858),(698,858),(699,858),(700,858),(701,858),(702,858),(703,858),(704,858),(705,858),(706,858),(707,858),(708,858),(709,858),(710,858),(711,858),(712,858),(713,858),(714,858),(716,858),(719,858),(723,858),(724,858),(726,858),(727,858),(728,858),(729,858),(730,858),(731,858),(732,858),(733,858),(734,858),(735,858),(736,858),(737,858),(738,858),(739,858),(740,858),(741,858),(742,858),(743,858),(744,858),(745,858),(746,858),(747,858),(748,858),(749,858),(750,858),(751,858),(753,858),(754,858),(755,858),(757,858),(758,858),(760,858),(762,858),(763,858),(764,858),(765,858),(766,858),(767,858),(768,858),(769,858),(770,858),(771,858),(772,858),(773,858),(778,858),(795,858),(796,858),(797,858),(798,858),(799,858),(800,858),(812,858),(813,858),(814,858),(815,858),(816,858),(817,858),(818,858),(819,858),(820,858),(821,858),(860,858),(861,858),(862,858),(863,858),(864,858),(865,858),(866,858),(867,858),(868,858),(869,858),(870,858),(871,858),(872,858),(873,858),(874,858),(875,858),(876,858),(877,858),(878,858),(879,858),(880,858),(881,858),(882,858),(883,858),(884,858),(885,858),(886,858),(887,858),(888,858),(889,858),(890,858),(891,858),(892,858),(893,858),(894,858),(895,858),(896,858),(897,858),(898,858),(899,858),(900,858),(901,858),(902,858),(903,858),(904,858),(905,858),(906,858),(907,858),(908,858),(909,858),(910,858),(912,858),(913,858),(927,858),(928,858),(929,858),(930,858),(931,858),(932,858),(933,858),(934,858),(935,858),(936,858),(937,858),(938,858),(939,858),(940,858),(941,858),(942,858),(943,858),(944,858),(945,858),(946,858),(947,858),(948,858),(949,858),(950,858),(951,858),(952,858),(953,858),(954,858),(955,858),(956,858),(957,858),(958,858),(959,858),(960,858),(961,858),(962,858),(963,858),(964,858),(965,858),(966,858),(993,858),(994,858),(995,858),(996,858),(997,858),(998,858),(999,858),(1000,858),(1001,858),(1002,858),(1003,858),(1004,858),(1005,858),(1006,858),(1007,858),(1008,858),(1009,858),(1010,858),(1011,858),(1012,858),(1013,858),(1014,858),(1015,858),(1016,858),(1017,858),(1018,858),(1019,858),(1020,858),(1021,858),(1022,858),(1023,858),(1024,858),(1025,858),(1026,858),(1027,858),(1028,858),(1029,858),(1030,858),(1031,858),(1032,858),(1033,858),(1034,858),(1035,858),(1036,858),(1037,858),(1038,858),(1039,858),(1040,858),(1041,858),(1042,858),(1043,858),(1044,858),(1045,858),(1046,858),(1047,858),(1048,858),(1049,858),(1050,858),(1051,858),(1052,858),(1053,858),(1054,858),(1055,858),(1056,858),(1057,858),(1058,858),(1059,858),(1060,858),(1061,858),(1062,858),(1063,858),(1064,858),(1065,858),(1066,858),(1067,858),(1068,858),(1069,858),(1070,858),(1071,858),(1072,858),(1073,858),(1074,858),(1085,858),(1086,858),(1087,858),(1088,858),(1089,858),(1090,858),(1091,858),(1092,858),(1093,858),(1101,858),(1117,858),(1118,858),(1119,858),(1120,858),(1121,858),(1122,858),(1123,858),(1124,858),(1125,858),(1126,858),(1127,858),(1138,858),(1139,858),(1140,858),(1141,858),(1142,858),(1143,858),(1144,858),(1145,858),(1146,858),(1147,858),(1148,858),(1149,858),(1150,858),(1151,858),(1152,858),(1153,858),(1154,858),(1155,858),(1156,858),(1157,858),(1158,858),(1159,858),(1160,858),(1161,858),(1162,858),(1163,858),(1164,858),(1165,858),(1166,858),(1167,858),(1168,858),(1169,858),(1170,858),(1171,858),(1172,858),(1173,858),(1174,858),(1175,858),(1176,858),(1177,858),(1178,858),(1179,858),(1180,858),(1181,858),(1182,858),(1183,858),(1184,858),(1185,858),(1186,858),(1187,858),(1188,858),(1189,858),(1190,858),(1191,858),(1192,858),(1193,858),(1194,858),(1195,858),(1197,858),(1198,858),(1199,858),(1200,858),(1201,858),(1202,858),(1203,858),(1204,858),(1206,858),(1228,858),(1232,858),(1234,858),(1235,858),(1236,858),(1237,858),(1238,858),(1239,858),(1240,858),(1241,858),(1242,858),(1243,858),(1244,858),(1245,858),(1246,858),(1247,858),(1260,858),(1261,858),(1272,858),(1273,858),(1283,858),(1284,858),(1285,858),(1286,858),(1287,858),(1288,858),(1289,858),(1290,858),(1291,858),(1292,858),(1293,858),(1294,858),(1295,858),(1296,858),(1297,858),(1333,858),(1334,858),(1345,858),(1346,858),(1347,858),(1348,858),(1349,858),(1350,858),(1351,858),(1352,858),(1353,858),(1354,858),(1355,858),(1356,858),(1369,858),(1371,858),(1372,858),(1374,858),(1375,858),(1376,858),(1377,858),(1378,858),(1379,858),(1380,858),(1382,858),(1383,858),(1384,858),(1385,858),(1386,858),(1387,858),(1388,858),(1389,858),(1390,858),(1391,858),(1392,858),(1393,858),(1394,858),(1395,858),(1396,858),(1397,858),(1398,858),(1399,858),(1400,858),(1401,858),(1402,858),(1403,858),(1404,858),(1405,858),(1406,858),(1408,858),(1409,858),(1410,858),(1411,858),(1412,858),(1414,858),(1415,858),(1416,858),(1417,858),(1418,858),(1419,858),(1420,858),(1421,858),(1422,858),(1423,858),(1424,858),(1425,858),(1426,858),(1427,858),(1429,858),(1430,858),(1431,858),(1432,858),(1433,858),(1434,858),(1435,858),(1436,858),(1445,858),(1446,858),(1447,858),(1448,858),(1449,858),(1450,858),(1451,858),(1452,858),(1453,858),(1454,858),(1455,858),(1456,858),(1457,858),(1458,858),(1459,858),(1460,858),(1461,858),(1462,858),(1463,858),(1464,858),(1465,858),(1466,858),(1467,858),(1468,858),(1469,858),(1470,858),(1471,858),(1472,858),(1473,858),(1474,858),(1475,858),(1476,858),(1477,858),(1478,858),(1479,858),(1480,858),(1481,858),(1482,858),(1483,858),(1484,858),(1485,858),(1486,858),(1487,858),(1488,858),(1489,858),(1491,858),(1492,858),(1516,858),(1517,858),(1518,858),(1519,858),(1520,858),(1521,858),(1522,858),(1523,858),(1524,858),(1525,858),(1535,858),(1536,858),(1537,858),(1538,858),(1539,858),(1540,858),(1541,858),(1542,858),(1543,858),(1544,858),(1545,858),(1546,858),(1547,858),(1548,858),(1549,858),(1550,858),(1551,858),(1552,858),(1553,858),(1555,858),(1556,858),(1557,858),(1558,858),(1559,858),(1560,858),(1561,858),(1562,858),(1563,858),(1564,858),(1565,858),(1566,858),(1567,858),(1568,858),(1569,858),(1571,858),(1573,858),(1574,858),(1575,858),(1576,858),(1579,858),(1588,858),(1589,858),(1590,858),(1591,858),(1592,858),(1593,858),(1594,858),(1595,858),(1596,858),(1597,858),(1598,858),(1599,858),(1600,858),(1601,858),(1603,858),(1604,858),(1605,858),(1607,858),(1628,858),(1629,858),(1630,858),(1631,858),(1632,858),(1633,858),(1634,858),(1635,858),(1649,858),(1650,858),(1651,858),(1652,858),(1653,858),(1654,858),(1655,858),(1673,858),(1674,858),(1675,858),(1676,858),(1677,858),(1678,858),(1679,858),(1680,858),(1681,858),(1682,858),(1683,858),(1688,858),(1690,858),(1691,858),(1692,858),(1693,858),(1694,858),(1695,858),(1696,858),(1697,858),(1698,858),(1699,858),(1702,858),(1703,858),(1705,858),(1707,858),(1708,858),(1709,858),(1710,858),(1711,858),(1712,858),(1713,858),(1714,858),(1715,858),(1716,858),(1717,858),(1718,858),(1719,858),(1720,858),(1721,858),(1722,858),(1723,858),(1724,858),(1725,858),(1726,858),(1727,858),(1728,858),(1729,858),(1730,858),(1731,858),(1732,858),(1733,858),(1734,858),(1735,858),(1736,858),(1737,858),(1738,858),(1739,858),(1740,858),(1741,858),(1742,858),(1744,858),(1745,858),(1746,858),(1747,858),(1748,858),(1749,858),(1750,858),(1752,858),(1754,858),(1764,858),(1765,858),(1766,858),(1767,858),(1772,858),(1773,858),(1774,858),(1775,858),(1776,858),(1777,858),(1778,858),(1779,858),(1780,858),(1781,858),(1782,858),(1783,858),(1784,858),(1785,858),(1786,858),(1787,858),(1788,858),(1789,858),(1790,858),(1791,858),(1792,858),(1793,858),(1794,858),(1795,858),(1796,858),(1797,858),(1798,858),(1799,858),(1800,858),(1801,858),(1802,858),(1803,858),(1804,858),(1805,858),(1816,858),(1817,858),(1818,858),(1819,858),(1820,858),(1821,858),(1822,858),(1823,858),(1824,858),(1825,858),(1826,858),(1827,858),(1828,858),(1829,858),(1830,858),(1831,858),(1832,858),(1833,858),(1834,858),(1835,858),(1836,858),(1837,858),(1838,858),(1839,858),(1840,858),(1841,858),(1842,858),(1845,858),(1846,858),(1847,858),(1848,858),(1849,858),(1850,858),(1851,858),(1852,858),(1853,858),(1854,858),(1855,858),(1856,858),(1857,858),(1858,858),(1859,858),(1860,858),(1861,858),(1862,858),(1863,858),(1864,858),(1865,858),(1866,858),(1867,858),(1868,858),(1869,858),(1870,858),(1871,858),(1872,858),(1873,858),(1874,858),(1875,858),(1876,858),(1877,858),(1878,858),(1879,858),(1880,858),(1881,858),(1882,858),(1883,858),(1884,858),(1885,858),(1886,858),(1887,858),(1888,858),(1889,858),(1890,858),(1891,858),(1892,858),(1893,858),(1894,858),(1895,858),(1896,858),(1897,858),(1898,858),(1899,858),(1900,858),(1901,858),(1902,858),(1903,858),(1904,858),(1905,858),(1906,858),(1907,858),(1908,858),(1909,858),(1910,858),(1911,858),(1912,858),(1913,858),(1914,858),(1915,858),(1916,858),(1917,858),(1918,858),(1919,858),(1920,858),(1921,858),(1922,858),(1923,858),(1924,858),(1925,858),(1926,858),(1927,858),(1928,858),(1929,858),(1930,858),(1931,858),(1932,858),(1933,858),(1934,858),(1935,858),(1936,858),(1937,858),(1938,858),(1939,858),(1953,858),(1954,858),(1955,858),(1956,858),(1957,858),(1958,858),(1959,858),(1960,858),(1961,858),(1962,858),(1963,858),(1964,858),(1965,858),(1966,858),(1967,858),(1968,858),(1969,858),(1970,858),(1971,858),(1972,858),(1973,858),(1974,858),(1975,858),(1976,858),(23,861),(35,861),(80,861),(81,861),(82,861),(85,861),(86,861),(125,861),(314,861),(322,861),(323,861),(324,861),(327,861),(328,861),(329,861),(336,861),(337,861),(338,861),(339,861),(340,861),(341,861),(342,861),(343,861),(344,861),(345,861),(346,861),(347,861),(348,861),(349,861),(350,861),(351,861),(353,861),(359,861),(459,861),(462,861),(465,861),(466,861),(476,861),(478,861),(479,861),(480,861),(481,861),(482,861),(483,861),(524,861),(612,861),(634,861),(635,861),(636,861),(637,861),(638,861),(639,861),(640,861),(641,861),(642,861),(643,861),(644,861),(645,861),(646,861),(656,861),(680,861),(681,861),(682,861),(683,861),(684,861),(685,861),(686,861),(687,861),(779,861),(781,861),(782,861),(783,861),(784,861),(785,861),(786,861),(787,861),(788,861),(789,861),(790,861),(791,861),(792,861),(793,861),(794,861),(801,861),(802,861),(803,861),(804,861),(805,861),(806,861),(807,861),(808,861),(809,861),(810,861),(811,861),(823,861),(824,861),(825,861),(826,861),(827,861),(828,861),(829,861),(830,861),(832,861),(833,861),(834,861),(835,861),(836,861),(837,861),(838,861),(839,861),(840,861),(841,861),(842,861),(843,861),(844,861),(845,861),(846,861),(847,861),(848,861),(849,861),(850,861),(851,861),(852,861),(853,861),(854,861),(855,861),(856,861),(857,861),(858,861),(859,861),(1080,861),(1094,861),(1095,861),(1096,861),(1097,861),(1098,861),(1099,861),(1100,861),(1102,861),(1103,861),(1104,861),(1105,861),(1106,861),(1107,861),(1108,861),(1109,861),(1110,861),(1111,861),(1112,861),(1113,861),(1114,861),(1115,861),(1116,861),(1128,861),(1129,861),(1130,861),(1131,861),(1132,861),(1133,861),(1134,861),(1135,861),(1136,861),(1137,861),(1196,861),(1205,861),(1227,861),(1229,861),(1230,861),(1231,861),(1233,861),(1248,861),(1249,861),(1250,861),(1251,861),(1252,861),(1253,861),(1254,861),(1255,861),(1256,861),(1257,861),(1258,861),(1262,861),(1263,861),(1264,861),(1265,861),(1266,861),(1267,861),(1268,861),(1269,861),(1270,861),(1271,861),(1300,861),(1309,861),(1310,861),(1311,861),(1312,861),(1313,861),(1314,861),(1315,861),(1316,861),(1317,861),(1318,861),(1319,861),(1320,861),(1321,861),(1322,861),(1323,861),(1327,861),(1328,861),(1335,861),(1336,861),(1337,861),(1338,861),(1339,861),(1340,861),(1341,861),(1342,861),(1343,861),(1344,861),(1358,861),(1359,861),(1360,861),(1361,861),(1362,861),(1363,861),(1364,861),(1365,861),(1366,861),(1367,861),(1370,861),(1373,861),(1381,861),(1428,861),(1437,861),(1438,861),(1439,861),(1440,861),(1441,861),(1442,861),(1443,861),(1444,861),(1497,861),(1498,861),(1499,861),(1500,861),(1501,861),(1502,861),(1503,861),(1504,861),(1526,861),(1527,861),(1528,861),(1529,861),(1530,861),(1531,861),(1532,861),(1533,861),(1534,861),(1578,861),(1580,861),(1583,861),(1585,861),(1609,861),(1610,861),(1611,861),(1612,861),(1613,861),(1614,861),(1615,861),(1616,861),(1617,861),(1618,861),(1636,861),(1637,861),(1638,861),(1639,861),(1640,861),(1641,861),(1642,861),(1643,861),(1644,861),(1645,861),(1646,861),(1647,861),(1656,861),(1657,861),(1658,861),(1659,861),(1660,861),(1661,861),(1662,861),(1663,861),(1664,861),(1665,861),(1666,861),(1667,861),(1668,861),(1684,861),(1685,861),(1686,861),(1687,861),(1689,861),(1700,861),(1701,861),(1768,861),(1769,861),(1806,861),(1807,861),(1808,861),(1809,861),(1810,861),(1811,861),(1812,861),(1813,861),(1814,861),(1815,861),(1844,861),(1940,861),(1941,861),(1942,861),(1943,861),(1944,861),(1945,861),(1946,861),(1947,861),(1948,861),(1949,861),(1950,861),(1951,861),(1952,861),(1984,861),(1985,861),(1986,861),(1987,861),(1988,861),(1989,861),(1990,861),(1991,861),(1992,861),(1993,861),(1994,861),(1995,861),(1996,861),(1997,861),(1998,861),(322,862),(323,862),(324,862),(327,862),(328,862),(329,862),(461,862),(462,862),(465,862),(467,862),(468,862),(481,862),(483,862),(484,862),(35,864),(524,864),(656,864),(659,864),(752,864),(1437,864),(1438,864),(1439,864),(1440,864),(1441,864),(1442,864),(1443,864),(1444,864),(1526,864),(1527,864),(1528,864),(1529,864),(1530,864),(1531,864),(1532,864),(1533,864),(1534,864),(1984,864),(80,866),(82,866),(85,866),(86,866),(118,866),(120,866),(121,866),(122,866),(123,866),(124,866),(125,866),(160,866),(161,866),(162,866),(163,866),(164,866),(165,866),(166,866),(167,866),(168,866),(169,866),(314,866),(321,866),(322,866),(323,866),(324,866),(327,866),(328,866),(329,866),(330,866),(353,866),(455,866),(456,866),(457,866),(458,866),(461,866),(462,866),(463,866),(464,866),(465,866),(466,866),(467,866),(468,866),(469,866),(476,866),(477,866),(478,866),(479,866),(480,866),(481,866),(482,866),(483,866),(484,866),(524,866),(541,866),(561,866),(575,866),(590,866),(591,866),(592,866),(593,866),(594,866),(595,866),(596,866),(597,866),(609,866),(611,866),(612,866),(617,866),(619,866),(620,866),(634,866),(635,866),(636,866),(637,866),(638,866),(639,866),(640,866),(641,866),(642,866),(643,866),(644,866),(645,866),(646,866),(656,866),(680,866),(681,866),(682,866),(683,866),(684,866),(685,866),(686,866),(687,866),(715,866),(717,866),(718,866),(720,866),(721,866),(722,866),(725,866),(752,866),(779,866),(781,866),(782,866),(783,866),(784,866),(785,866),(786,866),(787,866),(788,866),(789,866),(790,866),(791,866),(792,866),(793,866),(794,866),(802,866),(822,866),(823,866),(824,866),(826,866),(827,866),(831,866),(914,866),(915,866),(916,866),(917,866),(918,866),(919,866),(920,866),(921,866),(922,866),(923,866),(924,866),(925,866),(926,866),(1205,866),(1258,866),(1259,866),(1262,866),(1263,866),(1264,866),(1265,866),(1266,866),(1267,866),(1268,866),(1269,866),(1270,866),(1271,866),(1274,866),(1275,866),(1276,866),(1277,866),(1278,866),(1279,866),(1280,866),(1281,866),(1282,866),(1298,866),(1299,866),(1300,866),(1301,866),(1302,866),(1303,866),(1304,866),(1305,866),(1306,866),(1307,866),(1308,866),(1309,866),(1310,866),(1311,866),(1312,866),(1313,866),(1314,866),(1315,866),(1316,866),(1317,866),(1318,866),(1319,866),(1320,866),(1321,866),(1322,866),(1323,866),(1324,866),(1325,866),(1326,866),(1327,866),(1328,866),(1329,866),(1330,866),(1331,866),(1332,866),(1335,866),(1336,866),(1337,866),(1338,866),(1339,866),(1340,866),(1341,866),(1342,866),(1343,866),(1344,866),(1357,866),(1358,866),(1359,866),(1360,866),(1361,866),(1362,866),(1363,866),(1364,866),(1365,866),(1366,866),(1367,866),(1368,866),(1437,866),(1438,866),(1439,866),(1440,866),(1441,866),(1442,866),(1443,866),(1444,866),(1490,866),(1493,866),(1494,866),(1495,866),(1496,866),(1497,866),(1498,866),(1499,866),(1500,866),(1501,866),(1502,866),(1503,866),(1504,866),(1505,866),(1506,866),(1507,866),(1508,866),(1509,866),(1510,866),(1511,866),(1512,866),(1513,866),(1514,866),(1515,866),(1609,866),(1610,866),(1611,866),(1612,866),(1613,866),(1614,866),(1615,866),(1616,866),(1617,866),(1618,866),(1619,866),(1620,866),(1621,866),(1622,866),(1623,866),(1624,866),(1625,866),(1626,866),(1627,866),(1636,866),(1637,866),(1638,866),(1639,866),(1640,866),(1641,866),(1642,866),(1643,866),(1644,866),(1645,866),(1646,866),(1647,866),(1648,866),(1656,866),(1684,866),(1686,866),(1687,866),(1700,866),(1701,866),(1751,866),(1753,866),(1755,866),(1756,866),(1757,866),(1758,866),(1759,866),(1760,866),(1761,866),(1762,866),(1763,866),(1258,867),(1259,867),(1526,868),(1527,868),(1528,868),(1529,868),(1530,868),(1531,868),(1532,868),(1533,868),(1534,868),(1602,868),(1606,868),(656,869),(659,869),(660,869),(774,869),(775,869),(776,869),(777,869),(1437,869),(1438,869),(1439,869),(1440,869),(1441,869),(1442,869),(1443,869),(1444,869),(1526,869),(1527,869),(1528,869),(1529,869),(1530,869),(1531,869),(1532,869),(1533,869),(1534,869),(1602,869),(1606,869),(1770,869),(1771,869);
/*!40000 ALTER TABLE `song_genres` ENABLE KEYS */;
UNLOCK TABLES;

--
-- Table structure for table `stream`
--

DROP TABLE IF EXISTS `stream`;
/*!40101 SET @saved_cs_client     = @@character_set_client */;
/*!40101 SET character_set_client = utf8 */;
CREATE TABLE `stream` (
  `id` int(11) NOT NULL AUTO_INCREMENT,
  `premium` bit(1) NOT NULL,
  `time` datetime NOT NULL,
  `customer_id` int(11) DEFAULT NULL,
  `playlist_id` int(11) DEFAULT NULL,
  `song_id` int(11) NOT NULL,
  PRIMARY KEY (`id`),
  KEY `FKbnhx4dknfan9ht1gq30ta241f` (`customer_id`),
  KEY `FK1rscd8rh4d8fwwdob25kncn4n` (`playlist_id`),
  KEY `FKqs0bap23gyohv733875udt0f2` (`song_id`),
  CONSTRAINT `FK1rscd8rh4d8fwwdob25kncn4n` FOREIGN KEY (`playlist_id`) REFERENCES `playlist` (`id`),
  CONSTRAINT `FKbnhx4dknfan9ht1gq30ta241f` FOREIGN KEY (`customer_id`) REFERENCES `customer` (`id`),
  CONSTRAINT `FKqs0bap23gyohv733875udt0f2` FOREIGN KEY (`song_id`) REFERENCES `song` (`id`)
) ENGINE=InnoDB DEFAULT CHARSET=utf8;
/*!40101 SET character_set_client = @saved_cs_client */;

--
-- Dumping data for table `stream`
--

LOCK TABLES `stream` WRITE;
/*!40000 ALTER TABLE `stream` DISABLE KEYS */;
/*!40000 ALTER TABLE `stream` ENABLE KEYS */;
UNLOCK TABLES;

--
-- Table structure for table `stream_time_ranges`
--

DROP TABLE IF EXISTS `stream_time_ranges`;
/*!40101 SET @saved_cs_client     = @@character_set_client */;
/*!40101 SET character_set_client = utf8 */;
CREATE TABLE `stream_time_ranges` (
  `id` int(11) NOT NULL,
  `end` double NOT NULL,
  `start` double NOT NULL,
  `stream_id` int(11) NOT NULL,
  PRIMARY KEY (`id`),
  KEY `FKaoit7stwtwn3axe39fdq0yqum` (`stream_id`),
  CONSTRAINT `stream_time_ranges_ibfk_1` FOREIGN KEY (`stream_id`) REFERENCES `stream` (`id`)
) ENGINE=InnoDB DEFAULT CHARSET=utf8;
/*!40101 SET character_set_client = @saved_cs_client */;

--
-- Dumping data for table `stream_time_ranges`
--

LOCK TABLES `stream_time_ranges` WRITE;
/*!40000 ALTER TABLE `stream_time_ranges` DISABLE KEYS */;
/*!40000 ALTER TABLE `stream_time_ranges` ENABLE KEYS */;
UNLOCK TABLES;

--
-- Table structure for table `subscription`
--

DROP TABLE IF EXISTS `subscription`;
/*!40101 SET @saved_cs_client     = @@character_set_client */;
/*!40101 SET character_set_client = utf8 */;
CREATE TABLE `subscription` (
  `id` int(11) NOT NULL AUTO_INCREMENT,
  `end` datetime DEFAULT NULL,
  `start` datetime NOT NULL DEFAULT CURRENT_TIMESTAMP,
  `stripe_id` varchar(255) NOT NULL,
  PRIMARY KEY (`id`),
  UNIQUE KEY `UK_lh45n72a8s6l55lm924ddamxr` (`stripe_id`)
) ENGINE=InnoDB DEFAULT CHARSET=utf8;
/*!40101 SET character_set_client = @saved_cs_client */;

--
-- Dumping data for table `subscription`
--

LOCK TABLES `subscription` WRITE;
/*!40000 ALTER TABLE `subscription` DISABLE KEYS */;
/*!40000 ALTER TABLE `subscription` ENABLE KEYS */;
UNLOCK TABLES;

--
-- Table structure for table `user`
--

DROP TABLE IF EXISTS `user`;
/*!40101 SET @saved_cs_client     = @@character_set_client */;
/*!40101 SET character_set_client = utf8 */;
CREATE TABLE `user` (
  `user_type` varchar(31) NOT NULL,
  `id` int(11) NOT NULL AUTO_INCREMENT,
  `email` varchar(255) NOT NULL,
  `password` varchar(255) NOT NULL,
  `token` varchar(255) DEFAULT NULL,
  PRIMARY KEY (`id`),
  UNIQUE KEY `UK_ob8kqyqqgmefl0aco34akdtpe` (`email`)
) ENGINE=InnoDB AUTO_INCREMENT=5 DEFAULT CHARSET=utf8;
/*!40101 SET character_set_client = @saved_cs_client */;

--
-- Dumping data for table `user`
--

LOCK TABLES `user` WRITE;
/*!40000 ALTER TABLE `user` DISABLE KEYS */;
INSERT INTO `user` VALUES ('Customer',1,'sbuify+a@gmail.com','$2a$10$.KWRUTOqHC99gANfFc4xQ.OBCOSF/LrIw2q3un7EXh6GcIEM1Hy26',NULL),('Customer',2,'sbuify+b@gmail.com','$2a$10$DfaIJNL0eJsPxptze2pRT.jKDUpf3B8ys4PHe3NfifhwIFJtjYnMC',NULL),('Customer',3,'sbuify+c@gmail.com','$2a$10$fBgnuGdCez4miyWfegJ9o.CKXhkAak1ZRXquNchroulkKcDV5N4KG',NULL),('Admin',4,'sbuify+admin@gmail.com','$2a$10$.KWRUTOqHC99gANfFc4xQ.OBCOSF/LrIw2q3un7EXh6GcIEM1Hy26',NULL);
/*!40000 ALTER TABLE `user` ENABLE KEYS */;
UNLOCK TABLES;

--
-- Table structure for table `venue`
--

DROP TABLE IF EXISTS `venue`;
/*!40101 SET @saved_cs_client     = @@character_set_client */;
/*!40101 SET character_set_client = utf8 */;
CREATE TABLE `venue` (
  `id` int(11) NOT NULL,
  `name` varchar(255) NOT NULL,
  `address_id` int(11) NOT NULL,
  PRIMARY KEY (`id`),
  UNIQUE KEY `address_id` (`address_id`),
  CONSTRAINT `venue_ibfk_1` FOREIGN KEY (`address_id`) REFERENCES `address` (`id`)
) ENGINE=InnoDB DEFAULT CHARSET=utf8;
/*!40101 SET character_set_client = @saved_cs_client */;

--
-- Dumping data for table `venue`
--

LOCK TABLES `venue` WRITE;
/*!40000 ALTER TABLE `venue` DISABLE KEYS */;
/*!40000 ALTER TABLE `venue` ENABLE KEYS */;
UNLOCK TABLES;

--
-- Dumping routines for database 'test'
--
/*!50003 DROP PROCEDURE IF EXISTS `update_album_length` */;
/*!50003 SET @saved_cs_client      = @@character_set_client */ ;
/*!50003 SET @saved_cs_results     = @@character_set_results */ ;
/*!50003 SET @saved_col_connection = @@collation_connection */ ;
/*!50003 SET character_set_client  = utf8 */ ;
/*!50003 SET character_set_results = utf8 */ ;
/*!50003 SET collation_connection  = utf8_general_ci */ ;
/*!50003 SET @saved_sql_mode       = @@sql_mode */ ;
/*!50003 SET sql_mode              = 'STRICT_TRANS_TABLES,NO_AUTO_CREATE_USER,NO_ENGINE_SUBSTITUTION' */ ;
DELIMITER ;;
CREATE DEFINER=`root`@`localhost` PROCEDURE `update_album_length`(IN album_id int,
                 IN old_song_length int,
                 IN new_song_length int)
UPDATE album
SET length = length - old_song_length + new_song_length
WHERE id = album_id ;;
DELIMITER ;
/*!50003 SET sql_mode              = @saved_sql_mode */ ;
/*!50003 SET character_set_client  = @saved_cs_client */ ;
/*!50003 SET character_set_results = @saved_cs_results */ ;
/*!50003 SET collation_connection  = @saved_col_connection */ ;
/*!50003 DROP PROCEDURE IF EXISTS `update_album_song_count` */;
/*!50003 SET @saved_cs_client      = @@character_set_client */ ;
/*!50003 SET @saved_cs_results     = @@character_set_results */ ;
/*!50003 SET @saved_col_connection = @@collation_connection */ ;
/*!50003 SET character_set_client  = utf8 */ ;
/*!50003 SET character_set_results = utf8 */ ;
/*!50003 SET collation_connection  = utf8_general_ci */ ;
/*!50003 SET @saved_sql_mode       = @@sql_mode */ ;
/*!50003 SET sql_mode              = 'STRICT_TRANS_TABLES,NO_AUTO_CREATE_USER,NO_ENGINE_SUBSTITUTION' */ ;
DELIMITER ;;
CREATE DEFINER=`root`@`localhost` PROCEDURE `update_album_song_count`(IN album_id int,
                 IN delta int)
UPDATE album
SET num_songs = num_songs + delta
WHERE id = album_id ;;
DELIMITER ;
/*!50003 SET sql_mode              = @saved_sql_mode */ ;
/*!50003 SET character_set_client  = @saved_cs_client */ ;
/*!50003 SET character_set_results = @saved_cs_results */ ;
/*!50003 SET collation_connection  = @saved_col_connection */ ;

--
-- Final view structure for view `playlist_albums`
--

/*!50001 DROP VIEW IF EXISTS `playlist_albums`*/;
/*!50001 SET @saved_cs_client          = @@character_set_client */;
/*!50001 SET @saved_cs_results         = @@character_set_results */;
/*!50001 SET @saved_col_connection     = @@collation_connection */;
/*!50001 SET character_set_client      = utf8 */;
/*!50001 SET character_set_results     = utf8 */;
/*!50001 SET collation_connection      = utf8_general_ci */;
/*!50001 CREATE ALGORITHM=UNDEFINED */
/*!50013 DEFINER=`root`@`localhost` SQL SECURITY DEFINER */
/*!50001 VIEW `playlist_albums` AS select `ps`.`playlist_id` AS `playlist_id`,`s`.`album_id` AS `album_id`,min(`ps`.`date_saved`) AS `date_saved` from (`playlist_songs` `ps` join `song` `s`) where (`ps`.`song_id` = `s`.`id`) group by `ps`.`playlist_id`,`s`.`album_id` */;
/*!50001 SET character_set_client      = @saved_cs_client */;
/*!50001 SET character_set_results     = @saved_cs_results */;
/*!50001 SET collation_connection      = @saved_col_connection */;

--
-- Final view structure for view `playlist_artists`
--

/*!50001 DROP VIEW IF EXISTS `playlist_artists`*/;
/*!50001 SET @saved_cs_client          = @@character_set_client */;
/*!50001 SET @saved_cs_results         = @@character_set_results */;
/*!50001 SET @saved_col_connection     = @@collation_connection */;
/*!50001 SET character_set_client      = utf8 */;
/*!50001 SET character_set_results     = utf8 */;
/*!50001 SET collation_connection      = utf8_general_ci */;
/*!50001 CREATE ALGORITHM=UNDEFINED */
/*!50013 DEFINER=`root`@`localhost` SQL SECURITY DEFINER */
/*!50001 VIEW `playlist_artists` AS select `ps`.`playlist_id` AS `playlist_id`,`a`.`artist_id` AS `artist_id`,min(`ps`.`date_saved`) AS `date_saved` from ((`playlist_songs` `ps` join `song` `s`) join `album` `a`) where ((`ps`.`song_id` = `s`.`id`) and (`s`.`album_id` = `a`.`id`)) group by `ps`.`playlist_id`,`a`.`artist_id` */;
/*!50001 SET character_set_client      = @saved_cs_client */;
/*!50001 SET character_set_results     = @saved_cs_results */;
/*!50001 SET collation_connection      = @saved_col_connection */;
/*!40103 SET TIME_ZONE=@OLD_TIME_ZONE */;

/*!40101 SET SQL_MODE=@OLD_SQL_MODE */;
/*!40014 SET FOREIGN_KEY_CHECKS=@OLD_FOREIGN_KEY_CHECKS */;
/*!40014 SET UNIQUE_CHECKS=@OLD_UNIQUE_CHECKS */;
/*!40101 SET CHARACTER_SET_CLIENT=@OLD_CHARACTER_SET_CLIENT */;
/*!40101 SET CHARACTER_SET_RESULTS=@OLD_CHARACTER_SET_RESULTS */;
/*!40101 SET COLLATION_CONNECTION=@OLD_COLLATION_CONNECTION */;
/*!40111 SET SQL_NOTES=@OLD_SQL_NOTES */;

-- Dump completed on 2017-11-22 20:39:56
